f_manf_55_64_yr, f_pubad_saf_25_34, f_min_35_44_yr, f_re_trd_45_54_yr, f_re_trd_75_84_yr, f_adm_sup_serv_tot, f_rnt_hrg_rea_est_serv_20_24, f_rnt_hrg_rea_est_serv_35_44, f_con_20_24_yr, f_trp_pos_wh_45_54, f_con_45_54_yr, f_acc_food_svc_tot, f_min_55_64_yr, f_pubad_saf_35_44, f_trp_pos_wh_55_64, f_con_25_34_yr, f_adm_sup_serv_25_34, f_oth_svc_35_44_yr, f_pubad_saf_75_84, f_re_trd_55_64_yr, f_con_55_64_yr, f_adm_sup_serv_65_74, f_whl_trd_45_54_yr, f_prof_sc_tech_serv_35_44, f_re_trd_20_24_yr, f_prof_sc_tech_serv_85, f_in_med_tcom_20_24, f_whl_trd_35_44_yr, f_con_75_84_yr, f_adm_sup_serv_85_over, f_fin_in_svc_15_19, m_tot_35_44_yr, f_ed_trng_35_44, f_manf_15_19_yr, f_in_med_tcom_75_84, m_tot_85_yr_over, f_min_20_24_yr, f_ed_trng_75_84, f_oth_svc_55_64_yr, f_manf_65_74_yr, f_prof_sc_tech_serv_15_19, f_in_med_tcom_tot, f_fin_in_svc_20_24, f_hlth_cre_socia_assist_55_64, f_re_trd_25_34_yr, f_rnt_hrg_rea_est_serv_75_84, m_tot_25_34_yr, f_manf_85_yr_over, f_acc_food_svc_55_64, f_prof_sc_tech_serv_45_54, f_arts_rec_svc_35_44, f_con_65_74_yr, f_oth_svc_tot, f_fin_in_svc_25_34, f_hlth_cre_socia_assist_35_44, f_agr_fstry_fsh_35_44, m_tot_55_64_yr, f_prof_sc_tech_serv_tot, f_arts_rec_svc_tot, f_arts_rec_svc_15_19, f_manf_25_34_yr, f_trp_pos_wh_75_84, f_trp_pos_wh_65_74, f_arts_rec_svc_85, f_re_trd_15_19_yr, f_min_15_19_yr, f_ed_trng_55_64, m_tot_tot, f_whl_trd_tot, f_elec_gas_wtr_wst_sv_20_24, f_rnt_hrg_rea_est_serv_45_54, f_elec_gas_wtr_wst_sv_65_74, f_rnt_hrg_rea_est_serv_15_19, f_adm_sup_serv_15_19, f_min_tot, f_prof_sc_tech_serv_25_34, f_pubad_saf_65_74, f_adm_sup_serv_55_64, f_con_85_yr_over, f_elec_gas_wtr_wst_sv_35_44, f_manf_35_44_yr, f_in_med_tcom_45_54, f_acc_food_svc_75_84, f_acc_food_svc_45_54, sa4_name16, f_agr_fstry_fsh_65_74, f_arts_rec_svc_25_34, f_rnt_hrg_rea_est_serv_55_64, f_ed_trng_65_74, f_rnt_hrg_rea_est_serv_85, f_pubad_saf_55_64, f_in_med_tcom_55_64, f_fin_in_svc_65_74, f_pubad_saf_45_54, f_trp_pos_wh_tot, m_tot_15_19_yr, m_tot_20_24_yr, f_re_trd_tot, f_fin_in_svc_45_54, f_trp_pos_wh_25_34, f_hlth_cre_socia_assist_15_19, f_whl_trd_75_84_yr, f_pubad_saf_20_24, f_ed_trng_20_24, f_oth_svc_15_19_yr, f_elec_gas_wtr_wst_sv_tot, f_rnt_hrg_rea_est_serv_tot, f_acc_food_svc_35_44, f_adm_sup_serv_35_44, f_acc_food_svc_20_24, f_acc_food_svc_65_74, f_oth_svc_85_yr_over, f_whl_trd_65_74_yr, f_arts_rec_svc_65_74, f_re_trd_65_74_yr, f_whl_trd_15_19_yr, f_agr_fstry_fsh_tot, f_elec_gas_wtr_wst_sv_75_84, f_con_tot, f_hlth_cre_socia_assist_45_54, f_arts_rec_svc_45_54, f_adm_sup_serv_45_54, f_pubad_saf_tot, f_manf_75_84_yr, f_hlth_cre_socia_assist_tot, f_ed_trng_tot, f_rnt_hrg_rea_est_serv_25_34, f_in_med_tcom_25_34, f_min_45_54_yr, m_tot_75_84_yr, f_whl_trd_20_24_yr, f_arts_rec_svc_75_84, f_acc_food_svc_25_34, f_fin_in_svc_75_84, f_agr_fstry_fsh_25_34, f_fin_in_svc_85, f_fin_in_svc_55_64, f_ed_trng_85_over, f_acc_food_svc_15_19, f_fin_in_svc_35_44, f_trp_pos_wh_35_44, f_prof_sc_tech_serv_55_64, f_pubad_saf_85_over, f_elec_gas_wtr_wst_sv_45_54, f_arts_rec_svc_55_64, f_min_75_84_yr, f_oth_svc_45_54_yr, m_tot_65_74_yr, f_in_med_tcom_35_44, f_fin_in_svc_tot, f_oth_svc_75_84_yr, f_in_med_tcom_65_74, f_manf_20_24_yr, f_agr_fstry_fsh_45_54, f_min_25_34_yr, f_ed_trng_15_19, f_adm_sup_serv_20_24, f_elec_gas_wtr_wst_sv_25_34, f_ed_trng_25_34, f_agr_fstry_fsh_75_84, f_trp_pos_wh_20_24, f_oth_svc_65_74_yr, f_prof_sc_tech_serv_20_24, f_whl_trd_25_34_yr, f_elec_gas_wtr_wst_sv_15_19, f_hlth_cre_socia_assist_20_24, f_adm_sup_serv_75_84, f_prof_sc_tech_serv_75_84, f_con_35_44_yr, f_hlth_cre_socia_assist_25_34, f_re_trd_85_yr_over, f_elec_gas_wtr_wst_sv_55_64, f_prof_sc_tech_serv_65_74, f_agr_fstry_fsh_20_24, f_agr_fstry_fsh_55_64, f_trp_pos_wh_85, f_hlth_cre_socia_assist_85, f_hlth_cre_socia_assist_65_74, f_manf_tot, f_min_85_yr_over, f_whl_trd_55_64_yr, f_acc_food_svc_85, f_elec_gas_wtr_wst_sv_85, f_arts_rec_svc_20_24, f_pubad_saf_15_19, f_manf_45_54_yr, f_min_65_74_yr, f_agr_fstry_fsh_85, f_oth_svc_25_34_yr, f_re_trd_35_44_yr, m_tot_45_54_yr, f_rnt_hrg_rea_est_serv_65_74, f_ed_trng_45_54, f_con_15_19_yr, f_in_med_tcom_85, f_agr_fstry_fsh_15_19, f_oth_svc_20_24_yr, f_hlth_cre_socia_assist_75_84, sa4_code16, f_in_med_tcom_15_19, f_trp_pos_wh_15_19, f_whl_trd_85_yr_over
208,1390,19,1155,15,1760,72,178,59,250,281,4829,4,1958,182,182,259,354,8,894,157,106,128,693,616,4,63,114,3,0,15,10660,1326,136,3,99,3,14,253,55,49,519,71,2380,829,4,9560,0,590,696,178,46,1603,234,1852,235,10197,2816,974,97,228,5,57,0,944,0,1173,54052,539,15,199,3,17,36,67,557,109,354,0,62,244,126,8,755,"Capital Region",373,180,139,216,0,979,80,14,2132,851,2905,4346,5586,267,114,195,0,244,293,114,241,830,660,354,735,135,0,24,38,186,23,1761,0,1017,2668,184,536,6867,6,9712,5693,171,105,14,595,40,3,916,0,148,0,140,0,1042,219,176,477,0,71,136,0,332,3235,103,956,7,11,110,358,23,111,108,44,943,98,41,62,190,109,3,634,11,13,266,1613,5,40,142,78,401,0,0,362,1286,0,99,0,0,158,48,305,0,14,301,952,12461,41,1612,26,0,45,181,14,"101",27,28,0
407,709,31,1810,11,2572,137,295,118,323,437,6109,13,1099,269,329,440,584,0,1333,294,105,311,912,1318,0,72,346,4,0,21,15425,1744,114,0,47,6,14,391,57,52,886,155,3629,1505,3,13817,0,517,797,209,51,2758,594,3451,67,12008,3492,984,98,381,0,54,0,1359,3,1550,71205,1209,10,295,4,47,53,77,734,83,463,0,54,589,198,12,763,"Central Coast",40,202,217,224,0,639,136,39,1069,1062,3921,6550,9041,618,124,285,4,117,431,149,210,1325,774,601,1052,80,0,42,41,235,35,400,0,1701,4600,179,711,3748,6,16830,7646,291,196,8,337,78,3,937,3,45,0,360,3,1961,637,217,539,0,60,112,0,611,2959,195,2436,8,28,158,111,14,151,187,42,1533,10,52,81,271,212,0,1193,9,7,430,3005,0,41,178,32,88,0,3,633,2362,0,186,0,0,130,27,647,3,3,592,1462,16144,54,1987,37,0,7,333,29,"102",64,19,0
193,599,123,987,16,1446,66,110,49,231,188,3734,27,763,171,149,224,317,3,684,133,70,136,445,687,0,46,94,3,0,13,8842,1481,90,0,108,39,15,181,53,32,364,70,1979,928,0,8800,0,441,392,78,17,1400,201,1869,293,8133,1719,411,48,231,8,48,0,836,8,1183,45401,500,5,124,10,21,39,459,370,74,293,0,52,282,72,5,583,"Central West",455,77,88,193,0,455,40,24,761,732,2430,3884,5167,194,76,184,3,132,341,77,169,517,512,300,591,95,3,19,25,144,27,2228,0,746,2299,71,442,2812,3,9152,5964,85,84,91,630,54,3,626,4,209,0,111,4,870,187,148,280,3,54,53,0,283,2786,69,798,4,15,95,451,162,84,69,27,1064,167,37,49,112,82,0,671,12,10,186,1804,3,26,86,86,510,0,7,320,1277,0,89,0,0,56,27,317,10,19,319,881,9791,25,1606,26,0,35,167,19,"103",31,9,0
103,245,4,774,13,935,55,115,24,121,158,2788,6,446,103,114,138,188,0,560,119,47,87,289,355,0,17,63,0,0,4,5231,727,30,0,33,0,3,158,24,22,213,28,1833,573,0,4609,0,368,291,63,17,897,93,1298,158,5475,1142,340,33,62,0,16,0,629,0,791,26676,302,0,129,0,21,5,23,224,32,202,0,12,110,62,9,451,"Coffs Harbour - Grafton",114,43,75,122,0,322,34,9,459,404,1511,2086,3638,130,51,87,0,57,126,44,54,497,412,201,392,47,0,7,18,102,16,940,0,595,1864,83,297,1571,0,6703,3292,80,38,5,241,18,3,450,0,196,0,89,0,651,113,82,204,0,26,68,0,223,1517,47,479,0,8,34,195,0,29,32,6,509,29,26,35,55,48,0,377,6,4,157,959,0,9,57,52,182,0,5,274,472,0,64,0,0,36,12,116,0,5,163,629,5969,24,976,11,0,19,82,14,"104",10,9,0
59,357,48,504,14,771,14,43,19,112,78,2094,23,419,86,76,126,140,0,418,64,45,85,200,299,0,24,47,4,0,9,4529,835,42,0,71,17,13,120,18,21,154,37,1172,496,0,4865,0,307,173,50,13,756,104,978,210,4763,842,258,20,94,4,31,0,423,0,665,24720,296,8,55,0,9,16,246,212,49,175,0,36,93,27,5,361,"Far West and Orana",256,70,41,112,0,264,24,9,437,360,1141,2050,2674,108,39,79,3,61,187,38,126,225,277,157,286,70,0,18,7,91,14,1557,0,339,1316,54,210,1605,0,5362,3458,58,33,50,375,19,0,368,0,150,0,44,0,418,90,62,140,0,32,35,3,151,1680,32,409,12,5,28,339,93,40,47,27,781,87,17,32,76,77,3,447,3,4,74,1155,7,20,28,91,373,0,6,193,439,0,43,3,0,22,14,95,8,15,182,432,5237,12,831,9,0,32,84,5,"105",9,3,0
252,621,366,1452,20,2349,105,183,83,306,357,5665,72,863,240,246,473,463,9,901,207,80,134,606,927,0,41,116,3,0,22,12517,1460,148,0,61,111,16,223,34,48,318,126,2269,1367,3,12057,3,495,512,126,48,2092,383,2288,205,9718,2340,596,55,376,4,67,0,948,11,1139,58909,558,24,215,4,37,55,1245,562,60,393,0,86,403,61,0,815,"Hunter Valley exc Newcastle",185,122,126,143,0,410,41,28,853,1158,3526,5397,7121,348,188,207,0,151,301,127,299,935,784,535,937,93,0,19,36,141,19,1341,0,1313,2886,121,636,2999,8,10920,5730,232,81,269,390,53,0,967,0,210,0,158,3,1572,369,245,310,0,91,69,0,433,2365,59,1438,7,15,134,290,411,80,159,60,1039,48,82,56,187,138,6,811,9,15,345,2126,3,33,99,105,253,0,0,320,1837,0,77,0,0,79,26,479,7,14,510,1365,12885,34,1548,29,0,39,275,14,"106",33,23,0
175,899,49,1477,10,2388,124,236,88,310,284,5401,14,1218,157,226,478,523,3,911,154,64,158,759,1268,0,82,198,3,3,34,14514,2302,74,0,25,5,22,274,28,78,495,191,2701,1336,4,13836,0,423,584,163,20,2344,737,3198,41,9970,2868,864,104,222,0,40,0,1169,0,1844,65548,711,13,223,7,40,47,155,698,42,426,0,63,337,84,4,661,"Illawarra",30,176,116,251,0,643,50,25,1144,1037,3639,6842,7634,621,167,249,3,194,676,129,196,1014,609,536,1290,64,0,15,18,128,22,212,0,1109,3699,152,628,4172,3,14670,9660,240,126,36,247,67,0,792,0,20,0,306,0,1556,795,247,343,0,54,98,0,504,1991,127,2710,3,0,112,38,54,186,205,25,1930,6,94,50,322,170,3,1252,7,9,316,3150,0,29,68,21,50,0,4,389,1290,0,79,0,0,143,23,346,4,3,557,1327,14477,35,2455,20,0,6,302,21,"107",29,21,0
183,226,10,1152,3,1417,51,141,33,185,232,3937,0,441,148,160,190,294,0,901,148,73,80,364,500,0,25,86,0,0,9,7149,1094,69,0,64,0,12,202,39,17,229,43,2719,783,12,5947,0,552,400,76,39,1302,108,1893,127,7981,1543,392,42,116,3,31,0,755,0,1150,37624,331,3,184,6,20,28,23,282,47,317,0,144,158,50,11,710,"Mid North Coast",207,61,147,158,0,347,37,18,499,543,2174,2737,5130,222,46,168,3,57,190,65,417,727,544,292,482,109,0,14,16,182,18,949,0,807,2810,96,443,1631,6,10064,4722,128,40,7,381,20,0,580,3,77,0,128,3,951,182,95,314,0,144,69,0,310,2363,57,706,3,10,53,191,3,45,69,49,695,54,22,53,67,47,0,586,12,11,186,1465,0,69,88,42,218,0,0,408,846,0,61,0,0,33,6,218,3,3,251,849,8836,36,1381,12,0,25,124,20,"108",15,10,0
182,261,3,579,7,808,33,65,26,142,126,2492,7,386,124,83,121,171,4,465,106,46,93,219,373,0,38,68,0,0,9,5033,728,77,0,59,0,6,111,26,25,187,51,1251,504,0,4869,0,339,247,40,19,816,133,1043,257,5235,975,227,27,187,3,41,0,507,0,654,26562,311,4,57,5,11,7,22,217,36,170,0,23,209,24,3,402,"Murray",193,35,46,104,0,286,24,3,399,512,1493,2264,3014,125,84,85,3,42,180,45,86,275,340,168,395,81,0,11,10,94,11,1560,0,489,1325,49,240,1423,0,5340,3185,47,40,5,296,17,0,401,0,206,0,67,0,532,137,93,160,0,28,25,0,163,1700,39,525,3,9,87,342,9,63,47,11,618,70,20,34,70,51,0,388,11,0,122,1049,3,16,36,94,356,0,0,200,1046,0,63,0,0,38,9,277,0,5,207,472,5619,19,829,3,0,40,88,8,"109",15,10,0
171,355,32,881,14,1311,49,88,26,157,136,3070,11,449,156,90,219,250,4,647,127,71,126,423,579,0,34,114,7,0,25,7503,1369,60,0,95,21,13,191,31,45,275,69,1756,811,3,7546,0,389,385,51,30,1213,199,1539,427,7565,1722,259,31,220,4,63,0,740,7,1128,40260,530,6,108,3,26,31,195,363,57,283,0,15,206,61,8,475,"New England and North West",543,47,59,216,0,283,47,21,453,675,2266,3361,4549,183,83,163,3,74,282,73,79,462,417,266,459,68,0,22,12,128,25,2951,0,556,2005,49,379,1695,0,7924,5658,108,51,42,620,45,0,508,3,340,0,108,3,740,188,168,288,0,23,42,0,252,2720,60,793,5,11,101,621,74,67,59,14,1014,146,31,48,152,114,0,597,4,8,131,1549,3,13,57,107,686,0,6,289,1029,0,80,0,0,27,14,225,0,23,256,743,8581,22,1564,4,0,57,133,10,"110",15,9,0
312,1016,96,1679,14,2722,145,273,113,331,494,6836,36,1363,217,341,566,635,3,1140,284,94,231,1151,1682,3,98,214,9,3,23,17301,2530,135,0,36,19,14,358,51,73,639,245,3990,1747,5,18138,0,457,876,172,45,2943,1049,4648,54,12503,4351,940,128,458,8,46,0,1333,3,2020,80755,962,21,223,3,37,57,367,1206,71,497,0,137,497,109,4,759,"Newcastle and Lake Macquarie",20,184,155,272,0,662,64,33,1237,1204,4328,8221,9331,814,250,347,4,202,627,199,477,1128,756,640,1547,97,0,28,34,217,25,244,0,1790,5333,151,639,4571,3,21450,10372,256,164,82,342,91,4,1076,3,32,0,417,0,2141,795,272,522,0,143,98,0,570,2707,126,3391,10,10,203,69,129,189,224,100,2132,3,62,86,382,212,3,1713,9,13,465,4805,3,63,119,21,38,0,3,588,2194,0,157,0,0,160,15,536,4,0,712,1512,17168,40,2584,43,0,10,382,33,"111",71,18,0
290,297,11,1257,10,1938,80,207,43,238,244,5067,8,541,203,156,294,372,3,1007,187,108,168,684,690,0,41,127,3,0,13,9908,1618,133,0,81,4,11,246,58,44,440,40,3304,972,3,7898,0,631,650,171,44,1641,167,2449,200,10054,2532,690,44,272,4,53,0,1070,0,1514,48765,579,5,225,7,27,33,35,466,52,430,0,27,311,111,9,775,"Richmond - Tweed",205,118,198,233,0,422,81,26,631,791,2690,3584,6248,266,89,128,3,61,239,62,125,942,767,433,729,122,3,24,30,210,16,1339,0,938,3397,152,548,2000,7,12055,6541,166,53,6,479,35,3,876,3,117,0,179,3,1164,244,143,413,0,39,107,0,411,2938,108,929,3,27,107,320,11,70,86,22,980,80,36,69,152,91,0,569,8,6,242,1721,3,33,122,62,302,0,3,472,1593,0,123,0,0,67,11,417,0,11,310,1020,11131,35,1872,14,0,41,172,17,"112",28,23,0
245,473,0,818,3,1150,53,75,29,183,139,2877,5,478,143,100,192,213,3,595,106,55,103,328,577,0,28,95,3,0,13,7083,1105,143,0,56,3,13,135,50,30,191,70,1446,765,3,7507,0,308,272,48,21,1016,190,1495,306,6475,1335,258,37,457,7,40,0,702,0,867,37337,445,8,76,4,14,16,18,324,52,272,0,30,415,31,8,416,"Riverina",318,44,45,132,0,300,26,12,513,626,2421,3708,4245,155,96,130,4,204,282,56,137,358,371,226,505,80,0,19,11,116,23,2126,0,528,1778,41,293,2098,6,7203,4581,77,56,6,432,55,0,485,0,309,0,87,4,702,168,125,199,0,48,23,0,190,2029,36,694,9,0,209,426,6,47,77,31,929,95,32,37,122,90,0,617,8,3,124,1501,6,24,52,144,450,0,4,217,1919,0,61,4,0,49,80,398,0,11,229,655,7632,17,1212,13,0,63,149,12,"113",17,8,0
155,270,9,809,15,1185,60,119,28,125,180,3040,5,399,119,133,152,216,0,607,122,66,76,359,386,0,19,73,5,0,11,5575,757,76,0,39,6,13,144,30,22,203,43,1606,592,3,5000,0,330,386,88,30,1042,110,1224,56,5713,1498,399,25,118,4,23,0,570,0,842,29050,331,10,145,4,25,19,38,252,41,254,0,19,172,39,4,510,"Southern Highlands and Shoalhaven",75,66,103,170,0,278,31,24,436,448,1717,2366,3704,153,47,93,0,73,155,63,68,597,454,281,382,99,0,19,26,146,13,442,0,658,1721,99,357,1502,5,6348,3451,108,47,15,311,28,0,506,4,68,0,111,0,749,115,93,292,3,20,69,0,232,1828,37,570,4,13,58,87,13,48,56,7,464,20,26,43,82,48,0,387,8,11,152,1011,4,11,91,30,83,0,0,300,815,0,74,0,0,24,12,209,5,3,231,572,6495,38,998,6,0,24,115,13,"114",13,7,0
376,395,12,1181,13,1660,139,253,126,243,624,2904,7,736,158,379,266,478,0,736,274,96,547,1347,1085,0,128,594,3,0,38,13598,1713,106,0,26,3,28,289,79,99,972,218,1893,866,9,9752,0,230,1110,129,80,2013,753,2054,96,10051,4867,786,149,334,0,36,0,1009,0,1677,60216,2015,11,264,5,49,29,62,967,71,291,3,84,642,181,6,398,"Sydney - Baulkham Hills and Hawkesbury",57,133,163,322,0,460,93,69,716,851,3250,5610,6205,775,112,236,4,108,568,139,249,1138,343,382,550,38,0,67,20,200,25,536,0,2176,2731,148,445,2508,8,9813,7924,216,239,20,375,114,3,342,3,57,0,362,0,991,989,234,632,0,87,63,0,456,3184,275,3200,6,14,114,140,12,275,135,28,1202,18,46,77,484,331,0,847,6,14,653,1547,0,33,214,28,119,0,3,465,2326,0,335,0,0,133,17,662,8,0,357,1114,14368,50,2143,32,0,19,213,24,"115",32,20,0
669,928,21,1390,4,2547,116,211,120,634,343,4530,3,1134,367,508,698,474,6,778,210,54,602,1058,1454,0,109,684,0,0,60,21650,1811,74,0,18,4,6,236,72,61,1020,420,2290,1898,0,20413,0,316,599,141,46,2127,1510,3797,85,10468,3808,732,101,713,0,36,0,1091,0,946,82861,2463,11,124,3,51,40,47,1275,102,338,0,118,998,124,8,531,"Sydney - Blacktown",14,167,79,157,0,647,59,44,1090,2432,3679,7889,8503,825,554,279,0,232,606,122,360,881,568,609,783,38,0,43,8,127,34,306,0,1743,3337,110,551,4163,0,15096,6948,272,347,13,146,165,0,823,0,48,0,455,0,1468,1380,639,293,0,85,66,0,421,2144,287,4692,4,16,201,96,14,174,255,89,1714,0,172,46,449,632,3,1246,0,0,468,3754,0,41,68,17,43,0,3,375,3749,0,307,0,0,140,28,1028,0,0,582,1770,16453,24,1545,45,0,3,235,9,"116",70,31,0
188,1666,27,769,10,3802,152,379,116,429,197,8796,3,1331,226,521,1639,611,4,489,92,74,292,2628,1580,3,364,459,3,3,19,22900,1967,38,4,31,3,17,239,33,72,3738,343,1377,2653,9,36147,3,345,1395,523,19,2684,2613,2288,24,8719,11711,2310,97,721,0,26,0,489,0,1136,96091,1912,17,239,7,14,44,87,5592,105,315,0,78,504,490,4,576,"Sydney - City and Inner South",14,860,142,279,0,611,219,58,1032,2090,1575,8773,7278,881,680,87,4,317,730,67,255,1681,1112,829,2244,71,0,45,46,130,20,124,0,1283,1814,305,491,5121,7,10996,8639,691,1637,8,309,147,3,3761,3,32,5,270,3,677,1836,539,691,0,46,177,0,401,2459,947,6033,8,40,190,21,38,170,401,96,2749,6,159,46,1142,807,0,949,11,20,338,4020,3,14,170,12,22,0,0,408,1976,0,142,3,0,303,49,300,0,0,1028,1154,15176,50,1586,0,0,4,295,43,"117",43,20,0
153,821,19,802,35,2914,144,427,93,380,238,4362,10,751,189,427,1084,502,9,538,94,97,295,2464,1028,3,208,436,4,3,9,16737,1843,33,9,108,0,29,232,49,64,2848,220,1867,1546,19,19333,0,248,1554,385,39,2276,1696,2343,10,8134,9501,1705,68,418,3,37,5,486,0,1449,67874,1576,14,331,0,18,25,50,3643,115,283,3,50,343,501,18,466,"Sydney - Eastern Suburbs",14,538,197,443,5,456,176,98,689,1481,1553,5226,5617,872,377,112,13,155,590,81,157,1753,599,705,990,75,0,55,59,237,17,84,0,1210,2261,291,451,3009,9,11129,8338,507,1035,10,647,95,16,1431,15,14,8,343,3,535,1599,411,739,0,26,161,0,380,3360,828,4859,13,38,85,18,19,185,248,56,2064,4,76,92,742,506,0,668,16,27,305,3180,3,14,271,3,13,0,7,636,1335,0,163,3,0,183,20,242,0,0,764,946,12775,94,1727,6,0,0,226,52,"118",51,15,0
938,1100,19,2223,23,5176,232,471,164,1142,605,8709,8,1456,652,666,1464,1036,8,1306,263,135,772,2050,2629,4,223,905,9,0,49,30953,2714,72,0,58,6,41,545,124,122,1912,530,3263,3270,11,36430,3,776,1459,290,52,4283,2425,4482,25,18250,8244,1470,155,845,4,79,0,1489,0,1930,135040,3244,16,365,4,43,64,80,2749,134,759,0,105,1071,300,9,1322,"Sydney - Inner South West",11,354,195,391,0,863,113,82,1423,4458,4619,12973,13484,1502,1004,341,11,261,1055,155,330,1981,1146,1139,1480,108,0,65,38,241,46,155,0,2482,4520,240,1137,5281,6,21077,12218,607,697,12,471,218,9,2205,5,38,3,622,3,1667,2101,1240,767,0,97,127,0,868,4426,483,7316,9,29,240,43,26,321,456,79,2943,0,288,102,910,804,0,1981,10,10,684,5736,3,38,168,4,29,0,8,706,4612,0,430,0,0,264,37,1309,3,0,1102,2297,26868,57,2816,35,0,7,475,31,"119",54,48,0
280,929,18,1010,19,2770,162,396,91,402,326,4764,3,1102,217,411,857,492,0,640,155,83,449,2248,1254,0,206,500,11,0,18,18279,1964,38,3,50,0,37,299,60,68,2535,251,2129,1825,15,21963,0,316,1615,338,37,2355,1893,2632,15,9551,8557,1426,91,604,3,37,0,599,0,1728,76370,2009,8,332,0,19,25,68,2868,132,295,0,80,571,502,3,516,"Sydney - Inner West",8,388,144,400,0,669,214,78,1029,1425,1961,6587,6588,1168,332,167,3,133,648,75,267,1622,682,632,1002,72,0,45,41,142,27,92,0,1464,2703,248,637,4019,5,12593,9107,512,781,10,368,130,3,1426,3,24,0,414,3,732,1865,341,818,0,73,134,0,511,2915,754,5699,0,38,105,15,27,183,235,67,2007,0,76,78,717,612,4,907,5,17,414,3450,0,38,211,5,16,0,0,562,2161,0,243,3,0,186,26,495,0,3,671,1088,14706,47,2135,24,0,0,239,49,"120",50,17,0
358,926,60,1285,36,3457,189,582,96,416,451,5116,18,1145,229,437,814,703,13,913,251,174,830,3985,1465,3,243,947,10,0,30,26185,2598,101,9,134,3,68,428,100,125,3745,308,3328,1751,24,22791,3,363,3239,335,72,3151,2366,3834,36,15216,14757,1651,150,659,3,49,3,1093,0,2445,104814,3246,10,587,8,37,21,162,4056,167,520,0,117,769,776,12,596,"Sydney - North Sydney and Hornsby",42,365,340,752,7,718,332,195,1012,1463,3248,7481,8196,2040,336,282,5,150,863,185,314,2517,729,825,1080,90,0,85,61,311,28,242,0,1859,4204,308,841,4163,19,17936,12501,591,1102,38,996,146,20,1072,13,22,3,841,4,1176,3045,361,1652,4,75,180,0,711,5754,1108,8837,16,66,137,54,36,423,240,71,2194,7,59,141,1081,789,0,1251,19,53,530,3863,6,26,558,7,66,0,0,1077,2752,0,407,3,0,223,19,599,4,0,705,1335,23008,152,3163,20,3,4,270,109,"121",103,13,5
273,425,18,1301,27,2506,109,369,61,308,429,3841,7,677,177,284,573,594,6,896,222,112,631,2252,907,0,160,678,8,0,11,16316,1853,91,0,65,0,33,307,72,88,1914,119,2232,1182,12,12151,0,279,1874,281,64,2525,782,2266,33,9918,7538,1197,97,380,4,42,0,850,0,1592,65752,2289,3,358,4,39,27,66,1648,90,323,0,53,545,418,3,466,"Sydney - Northern Beaches",14,258,176,361,3,396,182,72,658,964,2931,4980,6488,905,162,224,5,65,435,163,168,1474,466,693,720,64,0,82,38,294,31,157,0,1564,2796,244,629,2342,7,10971,8011,337,421,23,502,110,10,787,15,24,3,359,0,1057,1231,223,924,0,48,136,0,525,3312,615,3490,10,47,100,38,9,212,150,35,1398,7,41,82,437,430,4,717,3,24,483,2024,0,22,295,16,21,0,3,660,2020,0,328,0,0,136,19,552,0,3,566,1034,15591,62,2128,14,0,3,271,52,"122",63,14,0
510,831,16,1396,3,2125,155,234,129,459,364,4147,8,925,330,449,473,362,4,856,234,67,307,715,1193,0,82,350,3,0,23,14805,1794,95,0,23,5,17,215,72,84,541,199,1980,1484,4,14557,0,290,511,127,39,1854,728,2633,61,9776,2961,716,82,542,3,49,0,911,0,1315,64639,1370,12,180,7,44,51,54,886,81,333,3,69,759,87,0,426,"Sydney - Outer South West",23,157,114,225,0,529,53,45,850,1993,3475,6397,7339,533,425,254,0,196,552,121,300,995,518,507,746,56,0,29,20,120,30,341,0,1695,2753,122,488,3461,3,11527,7308,253,150,22,178,108,3,669,0,54,0,326,0,1439,644,477,346,0,92,76,0,382,2189,114,2500,3,8,197,92,10,162,207,75,1561,3,191,46,346,351,3,1041,3,5,435,2528,0,43,61,29,55,0,3,326,3048,0,193,0,0,135,39,867,0,0,452,1382,13244,10,1679,35,0,17,276,11,"123",44,45,0
496,1040,10,1530,9,2437,179,253,224,441,509,5475,0,1402,328,552,543,499,7,1006,306,82,399,865,1227,0,80,429,8,0,37,16916,2146,90,5,36,3,24,295,76,90,734,268,2803,1750,7,16908,0,404,674,228,49,2374,910,2936,121,12123,3505,1161,137,565,7,54,0,1148,0,2045,76991,1734,26,235,5,74,51,44,876,136,443,0,135,724,128,7,627,"Sydney - Outer West and Blue Mountains",25,232,131,357,0,904,77,32,1412,1916,4324,7622,8410,629,413,302,3,281,597,157,441,1261,633,512,1027,80,0,42,33,195,44,539,0,2269,3372,190,581,5259,8,13982,9678,345,200,10,277,159,7,893,4,80,0,358,3,1794,853,472,485,0,119,140,0,471,3036,178,3095,5,20,201,135,16,174,224,97,1868,5,157,61,385,412,4,1179,4,7,586,2859,3,55,134,42,102,0,0,504,2912,0,241,3,0,190,80,749,0,0,560,1539,15750,47,2461,41,0,15,324,26,"124",46,45,0
698,1108,24,1343,9,3290,132,333,150,477,452,5779,5,1205,288,638,996,605,7,820,230,78,634,1466,1684,0,158,816,6,0,59,27007,1965,57,0,44,0,14,347,96,62,1465,487,2458,2495,4,33292,3,454,854,170,35,2688,2118,3893,28,12691,6193,946,87,1002,0,40,0,1017,0,1320,108706,2919,9,220,4,39,39,53,2535,101,451,0,110,1011,191,3,772,"Sydney - Parramatta",3,278,127,269,0,625,101,73,1035,2060,3218,10237,9101,916,625,261,3,212,775,83,348,1326,755,735,1074,47,0,57,33,153,22,130,0,2144,3509,121,677,4320,4,17392,8764,432,559,7,304,174,7,1515,3,26,0,408,4,1142,1571,469,480,0,78,72,0,582,2850,398,5633,3,23,189,44,19,238,301,96,2310,0,139,72,659,875,4,1462,5,3,586,5298,0,41,130,8,22,0,0,486,4254,0,344,0,0,190,37,1186,0,0,777,1578,19051,34,1865,37,0,0,231,27,"125",41,17,0
219,369,15,610,15,1427,99,198,41,171,243,2579,5,421,120,206,322,315,6,421,115,51,399,1224,833,0,104,524,7,0,14,10864,1134,52,3,46,3,28,209,45,56,1349,172,1519,938,7,11231,0,177,987,108,25,1395,956,1630,15,6647,4894,563,69,386,0,17,0,506,0,1076,46011,1766,3,194,0,26,17,40,1472,52,224,0,65,401,233,0,340,"Sydney - Ryde",9,145,98,247,0,366,107,31,468,658,1492,3976,4017,619,143,112,3,62,468,70,165,918,352,362,543,40,0,47,10,98,11,78,0,918,1801,97,343,1765,0,7891,5661,261,440,19,275,72,0,583,3,19,3,305,0,540,916,166,524,0,38,40,0,308,2022,403,3017,4,17,106,17,3,179,102,34,1088,0,33,46,477,497,0,637,9,17,261,1763,0,25,135,3,11,0,0,384,1633,0,215,3,0,103,14,424,0,0,296,589,9460,36,1448,13,0,3,156,35,"126",33,6,0
1015,966,10,1604,10,2932,156,237,172,655,434,5168,3,948,379,497,658,809,4,912,242,80,552,813,1850,0,155,616,9,0,56,19716,1677,76,0,22,5,10,282,107,85,785,483,1970,1868,10,20872,0,422,564,168,43,2972,1416,2958,137,12678,3590,877,109,862,3,49,0,1064,0,980,88327,2242,15,174,0,41,62,39,1172,52,486,0,101,1258,102,0,783,"Sydney - South West",34,205,100,155,0,485,54,40,842,2554,3723,9424,9079,659,582,263,0,263,784,95,306,1055,685,661,1005,50,0,42,22,116,35,598,0,1942,2898,110,731,3619,3,13151,7379,316,263,4,205,156,4,854,0,98,0,278,3,1366,1047,625,282,0,83,63,0,579,2579,166,3983,3,8,271,172,10,178,252,80,2044,3,224,50,614,567,0,1435,6,0,514,3249,0,30,56,22,128,0,0,356,5220,0,269,0,0,194,58,1632,0,0,824,1648,19101,24,1542,34,0,5,335,14,"127",39,45,0
328,697,10,1125,15,1992,136,284,65,599,365,3216,3,956,350,264,409,462,5,836,202,92,326,1256,979,0,114,380,4,0,22,12923,1694,114,0,44,3,8,259,82,65,740,163,1946,965,7,11068,3,241,974,186,55,2111,728,2158,13,9440,4653,918,151,292,0,40,0,856,0,1752,57156,1361,9,250,10,42,40,40,1073,85,277,0,57,412,102,3,363,"Sydney - Sutherland",3,178,153,298,0,516,59,56,840,2125,2954,5179,5904,777,447,240,3,136,486,129,199,1196,363,502,611,51,4,46,34,194,23,77,0,1407,2527,175,512,3262,5,10166,7898,283,222,12,299,76,4,484,8,14,3,430,3,1094,918,538,663,0,59,71,0,429,2599,198,3104,3,11,86,13,7,199,158,36,1507,0,115,75,444,278,0,881,14,28,431,1929,0,33,144,11,13,0,0,472,1841,0,235,0,0,129,23,527,0,0,515,939,12649,40,1959,20,0,3,236,19,"128",29,25,0
234,404,25,784,6,926,57,71,36,163,181,2951,5,537,131,115,153,220,10,546,105,38,91,397,691,0,46,80,0,0,0,7023,1101,128,0,51,3,3,163,37,23,459,62,1772,705,0,6567,0,258,360,119,9,1030,130,1766,113,6143,1604,650,57,226,3,30,3,631,3,933,34303,346,0,87,3,9,11,66,377,64,206,0,43,314,97,6,386,"Ballarat",138,123,48,147,0,370,41,7,591,563,1841,3208,4116,165,81,83,3,74,283,42,135,366,399,197,573,62,0,12,30,100,22,706,0,612,2123,127,255,2073,3,8308,4666,80,120,22,270,28,0,428,0,75,0,76,0,835,152,111,212,0,39,79,0,227,1704,112,600,3,12,109,143,7,63,60,28,848,25,30,22,160,49,0,629,4,4,157,1664,5,22,63,54,144,4,7,256,1421,0,58,5,0,111,17,362,0,3,225,643,7496,7,1287,11,0,19,129,9,"201",25,4,0
262,339,23,792,12,1000,32,73,44,163,155,2571,17,510,101,124,172,198,3,537,96,50,77,402,687,0,33,56,3,4,7,6776,998,153,0,36,14,3,149,56,29,346,88,1878,649,0,6395,0,212,338,104,16,1067,297,1653,135,6231,1466,510,50,323,4,16,0,675,0,852,33677,319,3,80,3,8,19,116,292,66,214,0,67,289,65,8,334,"Bendigo",132,78,64,131,0,390,54,17,558,452,1815,3118,4071,301,63,100,0,70,232,48,195,366,307,208,529,43,0,13,20,111,15,802,0,595,2168,106,255,1950,0,8305,4188,91,72,30,293,34,0,388,0,85,0,150,5,748,363,84,230,0,47,79,0,234,1660,93,1225,3,15,223,158,29,54,68,43,741,37,20,42,99,56,0,605,9,4,156,1597,3,33,66,27,191,0,5,279,1694,0,64,3,0,75,9,389,3,6,242,595,7358,26,1171,12,0,26,152,13,"202",14,8,0
352,745,14,1538,9,1995,112,205,64,263,321,5199,6,1007,178,243,334,453,7,1036,179,103,196,897,1353,3,66,217,9,0,11,13929,2024,194,4,50,4,8,287,50,38,600,110,3005,1664,4,13077,0,402,729,194,37,2109,555,3213,128,10431,3126,983,113,359,4,30,0,1117,0,1644,63380,860,46,172,0,15,26,39,701,117,361,0,121,430,118,3,615,"Geelong",99,174,127,228,3,688,65,34,1065,916,3229,5991,8286,457,163,153,0,150,421,91,414,894,639,485,1090,98,0,23,43,165,32,678,0,1227,3820,200,568,3804,4,14869,8380,219,134,8,357,86,0,792,3,76,3,202,0,1552,543,188,438,3,80,124,0,429,2723,152,1918,8,20,205,154,7,99,115,120,1732,17,77,71,202,169,4,1070,8,9,347,3112,3,34,114,35,130,0,0,478,2077,0,134,3,0,137,19,490,0,3,504,1402,13582,35,2210,22,0,30,274,15,"203",47,23,0
364,470,7,1011,13,1273,51,115,38,222,228,3943,4,660,175,149,199,206,3,712,135,64,140,424,484,4,31,110,4,0,7,7814,1075,143,0,109,0,12,157,53,30,259,48,2150,693,3,7249,0,467,418,113,18,1145,161,1768,219,8001,1627,570,61,295,4,44,0,646,0,1014,41719,462,3,111,5,27,29,40,290,88,294,0,25,384,49,6,646,"Hume",341,133,75,166,0,565,42,14,816,915,2384,3818,4426,202,154,121,0,176,227,60,108,490,547,266,611,118,3,17,21,146,18,1702,0,797,2293,99,348,2820,3,8711,4593,99,51,9,485,27,0,649,0,159,0,117,3,896,185,176,282,0,29,67,0,256,2654,59,741,5,9,121,310,11,80,73,26,833,105,107,46,87,70,0,533,3,7,204,1490,3,18,74,68,446,0,4,333,1831,0,76,0,0,79,33,475,0,16,263,729,9202,18,1193,18,0,44,150,21,"204",18,26,0
325,766,31,1456,17,1637,76,152,50,246,284,4676,21,890,240,249,230,358,9,1077,173,103,183,458,770,0,62,133,3,3,16,10577,1532,141,0,124,4,8,315,58,47,432,77,2953,1134,4,10486,0,589,502,164,48,1907,275,2262,505,11250,2123,866,75,330,3,51,0,1056,0,1499,56763,673,25,165,5,29,41,122,462,106,356,0,119,339,88,5,758,"Latrobe - Gippsland",461,161,120,209,0,668,87,30,931,837,3061,4583,6835,278,90,125,4,228,305,94,455,768,660,362,731,113,0,22,44,166,22,3083,0,1089,3197,177,459,3637,4,12173,6779,186,84,35,641,53,8,659,4,440,0,139,3,1151,255,158,383,3,127,150,0,387,3594,65,1072,4,13,129,622,34,102,80,98,1178,161,36,78,141,136,11,837,12,13,269,2264,0,61,115,149,680,0,5,491,1744,0,114,4,0,79,32,413,4,14,414,1159,12446,32,1941,17,0,55,253,30,"205",37,14,0
407,3166,117,1825,26,6005,334,598,180,635,424,13553,26,2565,308,911,2494,1014,15,1196,191,145,681,5127,3613,7,425,905,4,3,28,36799,4305,172,4,148,7,42,495,107,101,4855,543,3449,5540,15,60290,0,429,3057,1051,55,5149,3803,5273,70,16135,22053,5028,214,1658,4,62,3,1143,0,3109,163677,3690,60,438,8,38,48,322,9942,215,541,0,321,1085,721,14,820,"Melbourne - Inner",37,1857,258,667,3,1239,293,140,1977,2999,3050,14942,15923,1395,1013,141,8,381,1391,113,1078,3053,1255,1201,4149,106,5,120,112,326,39,399,0,2320,4470,662,893,9588,13,26000,20502,1253,2021,65,790,301,6,5166,13,120,8,611,9,1611,2489,764,1523,3,170,340,0,810,5523,1246,9032,7,55,371,70,103,311,659,461,6704,10,186,114,1817,1316,3,1936,13,43,528,9785,4,58,437,40,47,0,11,863,4638,0,325,3,0,777,32,830,8,0,1953,2247,26008,113,3963,21,3,5,637,70,"206",82,27,3
373,650,45,1641,28,2627,166,381,83,345,383,5561,14,907,219,294,627,473,19,956,195,126,621,2215,2023,0,171,621,9,3,13,17675,2077,197,0,98,3,60,411,107,83,1604,247,3263,1742,14,18689,0,382,2078,247,66,2622,1235,3197,35,13329,8981,1580,237,489,0,36,3,1179,0,2447,85912,2324,18,397,6,22,34,114,2377,161,405,0,147,635,323,8,728,"Melbourne - Inner East",20,332,214,587,4,691,171,100,1052,1258,3127,8429,9165,1086,227,146,11,145,744,102,477,1746,661,566,1299,69,0,67,69,261,49,186,0,1428,4164,239,619,3636,12,16429,11438,467,434,27,730,199,8,1063,7,27,3,457,4,1352,1290,340,1088,0,106,146,0,602,4560,393,4438,9,37,190,53,23,298,240,161,2046,6,73,130,801,498,0,1123,20,24,381,3563,0,33,312,13,21,0,5,898,2721,0,257,0,0,296,16,709,3,0,603,1335,19262,79,3178,10,0,6,293,65,"207",74,17,0
556,907,50,1879,30,3420,172,496,75,444,570,5324,15,1319,256,447,791,675,8,1224,268,154,783,2904,1846,3,175,804,11,4,24,23408,2996,220,3,121,5,26,435,144,80,1952,208,3538,2028,16,20459,0,330,2502,387,84,3202,1250,3877,54,15639,10451,1996,241,678,3,50,0,1271,0,2967,100238,2905,31,522,8,22,35,142,2612,149,488,0,244,1025,463,9,618,"Melbourne - Inner South",16,363,277,612,6,854,195,114,1364,1538,3491,7979,10312,1241,305,171,6,191,720,136,680,2118,633,859,1231,87,0,100,71,368,38,204,0,1985,4716,422,828,4816,12,18219,13987,503,473,36,729,174,7,1041,7,38,4,565,3,1373,1624,399,1271,0,146,180,0,785,5211,554,5042,8,34,213,52,25,298,246,191,2554,7,71,128,663,600,0,1112,18,35,506,3870,3,62,383,11,25,0,11,877,3875,0,396,0,0,314,24,1024,0,0,716,1666,23193,105,3801,24,0,0,322,53,"208",58,7,3
821,1444,33,2337,8,3975,199,354,156,642,636,7025,14,1837,371,581,995,914,10,1413,332,105,631,2081,2568,4,140,635,3,0,25,28942,3711,284,0,61,0,19,418,138,61,1565,297,4161,2600,4,29626,3,427,1575,356,68,3867,1311,5725,109,17238,7388,1888,230,956,3,47,0,1830,3,2598,121315,2521,50,341,11,32,46,92,2099,164,614,0,258,1212,310,4,806,"Melbourne - North East",39,413,172,378,4,990,148,72,1795,2625,4850,10895,13196,937,672,207,4,266,928,132,800,1659,855,928,1563,63,0,49,46,235,47,490,3,2494,5533,320,943,6550,11,24154,14951,505,453,23,428,197,7,1385,5,91,3,424,8,1926,1272,652,788,3,137,184,0,817,4105,419,4344,16,24,317,107,22,260,328,264,3376,13,197,101,590,609,0,1761,9,15,682,6004,3,78,171,49,69,0,4,729,5008,0,349,3,0,334,41,1274,0,0,1043,2209,25171,35,3683,32,0,13,436,37,"209",68,34,0
576,979,18,1654,14,2789,124,291,93,904,429,5020,6,1199,448,408,711,534,7,899,177,96,362,1175,1827,0,98,432,4,0,20,19772,2281,160,0,40,0,7,304,99,35,868,230,2112,1713,0,21292,0,361,814,236,33,2358,1010,3331,65,11231,4243,1127,86,665,3,73,0,1207,3,1497,84831,1598,26,250,0,30,26,56,1332,102,365,0,111,854,145,10,664,"Melbourne - North West",26,252,136,204,0,683,64,54,1261,3405,3397,8312,8813,669,826,134,3,207,600,67,456,1198,636,635,924,55,0,37,35,153,43,299,0,1588,3198,184,707,4448,11,13893,9204,342,257,9,266,144,0,950,0,54,3,311,7,1420,940,842,436,0,105,131,0,512,2590,227,3228,7,12,204,71,16,128,241,155,2143,0,270,50,355,362,7,1125,6,7,416,3615,0,50,87,29,47,0,0,366,3563,0,207,0,0,201,20,992,0,3,628,1342,17928,26,2344,27,0,9,247,18,"210",62,38,0
1221,1036,31,2830,31,4149,213,472,234,539,843,7428,9,1429,379,688,852,1003,27,1939,499,181,1106,2201,2644,0,158,1028,11,0,27,28094,3560,363,0,70,3,24,640,222,80,1705,204,4963,2616,8,26184,0,514,1830,377,91,4645,1073,5285,161,21057,8086,1967,289,1029,3,84,0,2162,0,3101,128000,4042,37,406,12,67,74,79,1999,215,751,0,210,1496,356,11,896,"Melbourne - Outer East",73,372,255,499,0,1046,228,82,1475,1965,6225,11551,15002,1013,396,305,6,230,841,182,689,2053,914,916,1527,91,3,88,58,414,76,835,0,3149,6345,343,1053,5492,19,24974,15721,577,419,12,645,261,3,1072,4,104,0,542,6,2402,1132,408,1058,0,155,189,0,1064,5755,406,4075,8,36,416,231,17,309,305,202,3170,18,123,138,609,848,4,1839,10,19,739,5201,3,65,289,52,164,0,6,972,6641,0,631,0,0,342,36,1883,6,4,1067,2359,28423,61,4215,48,0,29,548,50,"211",98,27,3
1842,1379,42,3364,24,6032,309,541,266,973,895,10385,15,1542,571,925,1600,1257,12,1951,477,169,1344,2438,3728,3,206,1392,8,0,44,43095,4095,323,3,105,3,33,590,249,90,1767,497,4885,4428,5,45586,3,639,1735,383,91,5619,2028,7479,277,24402,9082,2142,305,2212,7,108,3,2494,0,2553,183280,5360,55,443,11,53,80,118,2788,214,854,4,267,2765,352,5,1171,"Melbourne - South East",90,476,246,415,0,992,142,97,1572,3599,7472,18404,19821,1297,786,334,3,289,1186,184,975,2386,1364,1384,2117,90,4,105,40,316,81,1354,0,3775,7293,333,1406,6027,10,31590,16393,730,516,24,693,382,10,1944,4,253,3,558,5,3045,1703,870,940,3,202,179,0,1239,5790,434,6222,16,32,668,332,32,366,511,334,3650,39,245,137,821,1335,8,2541,21,20,1072,8141,0,88,247,85,239,3,3,869,11219,0,721,0,0,432,29,3144,0,5,1547,3516,37723,63,4094,45,0,32,642,46,"212",91,40,0
1069,1952,38,3101,12,6363,278,608,240,1664,698,10945,23,2545,861,839,1860,1205,8,1668,320,124,948,2786,3413,6,203,1051,0,0,33,46360,4426,252,0,47,3,18,523,105,71,2320,464,3827,4302,0,48331,3,738,1612,637,51,4966,2715,7177,170,21222,9235,2828,249,1577,3,67,0,2170,0,2243,177276,3777,67,387,7,72,69,131,3258,207,862,0,342,2102,365,11,1313,"Melbourne - West",18,798,191,299,0,1304,157,56,2277,6747,6355,16203,18204,1307,1744,239,0,354,1128,150,1097,2363,1476,1496,2070,99,0,51,44,211,71,701,0,3085,6062,429,1384,8678,10,27640,16664,789,788,33,294,276,3,2553,0,161,3,528,7,2689,2399,1844,683,0,180,239,0,963,4024,696,7502,5,14,398,165,37,324,557,423,4317,0,495,96,694,944,9,1949,9,5,893,7816,0,68,122,48,121,0,12,540,7536,0,434,0,0,423,31,2022,3,0,1443,3317,34456,32,3899,38,0,10,585,19,"213",90,70,0
572,650,18,1646,19,2458,135,303,98,330,491,4503,4,736,204,349,417,510,15,1238,277,123,404,959,1339,3,81,389,7,0,16,14353,1832,159,0,64,5,19,302,121,31,588,88,2949,1468,4,12599,0,403,855,244,63,2441,336,2954,106,11599,3469,1242,163,487,3,44,3,1279,0,1553,67325,1558,18,295,7,29,22,47,697,109,478,3,66,692,121,9,570,"Mornington Peninsula",48,210,182,278,0,530,65,61,837,1079,3683,6000,8708,379,183,154,6,201,386,109,289,1298,603,567,836,84,0,63,45,277,26,551,0,1800,3822,244,702,3147,5,14215,7798,286,118,12,414,113,6,635,3,78,0,223,3,1353,376,229,549,0,78,152,0,559,3432,144,1481,3,18,186,141,5,105,134,69,1482,14,66,98,199,312,3,957,9,12,493,2701,0,43,174,40,108,0,3,633,3011,0,242,0,0,167,79,790,3,0,591,1445,15182,69,2132,16,0,6,270,33,"214",36,19,0
196,291,15,867,7,1126,29,74,29,153,121,2464,15,415,119,72,207,167,5,618,87,45,96,241,419,0,25,78,5,0,7,5928,825,104,0,90,3,10,120,47,20,214,60,1736,571,0,6139,0,334,250,77,12,871,131,1335,409,6800,1078,314,35,201,3,29,0,693,0,738,33411,385,10,57,0,8,15,53,253,93,259,0,36,209,46,3,404,"North West",361,53,50,132,0,357,28,15,497,504,1831,2790,3914,141,66,127,0,84,205,38,148,277,318,207,328,71,4,7,20,90,19,2440,0,436,1874,42,298,1746,4,7270,3642,49,45,12,475,36,0,406,3,276,0,92,4,598,132,91,165,0,49,47,0,192,2131,44,579,3,3,114,548,7,31,80,26,705,102,34,36,97,76,0,559,10,5,96,1387,4,31,47,92,604,0,3,244,1151,0,71,0,0,43,14,276,0,9,203,647,7227,15,1000,3,3,44,112,12,"215",19,7,0
280,192,3,749,4,856,31,65,29,128,150,2101,3,282,99,87,166,173,0,499,93,35,105,235,326,0,22,57,0,0,6,5406,672,105,0,57,0,8,149,29,33,190,40,1434,512,0,5168,0,271,242,61,15,939,105,1283,301,5518,1047,277,42,234,3,34,0,643,0,584,28575,313,17,80,0,6,14,12,247,35,166,0,76,338,41,4,364,"Shepparton",203,47,34,92,0,214,27,7,314,441,1768,2381,3426,124,59,66,0,30,147,47,264,294,298,178,279,58,0,10,10,105,6,1805,0,495,1662,52,226,1085,3,6281,2980,56,42,0,313,25,0,311,0,266,0,71,0,514,117,87,138,0,75,30,0,196,1632,33,473,3,4,119,404,4,68,67,77,570,64,28,36,106,60,5,426,3,5,100,1180,0,26,36,94,399,0,6,220,1494,0,53,4,0,31,9,380,0,11,210,587,6334,12,838,16,0,69,122,12,"216",19,9,0
171,221,4,677,11,763,24,53,21,127,92,2414,6,335,88,50,108,201,3,538,68,48,103,236,333,0,25,71,4,3,8,5343,719,92,0,73,3,4,105,28,21,213,28,1573,498,3,4922,0,280,228,66,13,785,94,1183,408,5723,957,324,40,255,0,24,0,593,0,661,28935,371,3,68,0,11,15,27,217,52,170,0,24,210,46,4,404,"Warrnambool and South West",349,47,39,90,0,291,36,7,444,410,1765,2462,3278,115,51,95,0,42,130,37,114,257,359,170,370,69,0,15,17,92,16,2441,0,325,1759,63,211,1399,4,6343,3079,54,48,6,401,49,3,367,0,279,0,72,4,565,106,83,147,3,33,38,0,155,1841,32,443,0,14,147,568,10,72,30,32,471,95,19,37,66,60,3,390,10,0,74,1124,0,16,36,130,524,0,5,208,1187,0,54,0,0,48,17,282,3,15,169,533,6408,12,941,8,0,69,87,12,"217",20,9,0
399,628,82,1203,14,2066,109,245,102,481,447,3393,18,937,282,348,382,439,0,805,250,76,365,935,934,0,57,320,0,0,20,12195,1770,112,0,30,10,9,310,64,90,564,98,2124,957,11,10023,0,243,782,143,39,2142,482,2363,66,8931,3274,740,99,400,3,56,0,1101,8,1277,54232,1310,6,316,7,39,45,223,646,70,378,0,85,600,138,3,340,"Brisbane - East",19,122,188,191,0,573,86,25,992,1678,3319,4735,6152,432,299,278,9,117,391,138,274,1189,391,493,575,49,0,38,17,140,30,290,0,1674,2896,172,538,3332,3,10956,6881,215,123,42,203,81,4,440,0,26,0,267,3,1348,551,428,418,0,82,79,0,498,2102,110,1877,4,11,148,73,58,142,151,55,1076,13,102,61,298,273,8,850,4,6,443,2067,0,38,103,25,51,0,0,371,2446,0,196,0,0,95,21,720,7,0,455,989,12683,64,2023,39,0,13,237,11,"301",40,24,0
234,1060,87,741,5,1913,137,197,80,502,246,3608,22,1311,267,268,542,370,5,522,154,53,221,1004,1023,0,90,242,4,0,14,12410,1693,70,0,26,9,16,207,49,62,666,117,1802,1082,3,13252,0,202,672,177,27,1860,648,2616,34,6915,3751,819,65,325,3,36,0,875,0,1073,52425,897,9,194,0,33,31,274,1187,83,278,0,143,323,120,5,357,"Brisbane - North",10,203,111,174,0,611,69,36,1090,2119,2373,5080,5062,407,567,207,3,211,374,80,390,975,412,444,740,43,0,25,32,119,15,118,0,1061,2541,135,382,4396,3,11388,6520,270,196,39,189,59,3,815,0,26,0,210,0,1029,575,581,358,0,87,89,0,359,1643,139,2009,4,10,94,20,121,137,170,105,1276,0,137,60,397,204,0,1004,5,7,266,2862,0,39,67,3,17,0,3,333,1469,0,121,3,0,111,25,370,0,0,516,709,10543,41,1776,20,0,6,275,24,"302",34,19,0
365,1381,159,1035,8,2997,190,368,117,430,349,6265,32,1725,231,396,910,606,7,729,203,89,379,1725,1812,0,124,377,0,0,24,20184,2921,98,0,39,20,21,305,58,109,954,218,2437,1884,9,23602,0,299,1068,235,44,2817,1030,3926,66,10274,6565,1226,146,688,4,48,0,1222,0,1903,86053,1559,14,354,3,40,57,436,2195,83,377,0,127,644,159,4,593,"Brisbane - South",20,341,212,316,0,750,80,45,1407,1776,3655,9255,7939,594,485,284,0,251,767,124,398,1736,687,693,1414,62,0,36,34,163,36,292,0,1587,3640,161,560,5639,4,17360,11751,498,298,60,311,136,3,1634,0,77,0,298,0,1572,925,423,553,0,93,115,0,542,2542,224,3129,8,13,191,42,162,216,307,106,2448,6,125,73,771,398,3,1590,9,15,430,4999,0,49,131,28,38,0,0,468,2666,0,195,0,0,186,34,621,3,0,835,1086,16188,52,3155,42,0,6,323,20,"303",54,22,0
129,660,123,570,4,1292,81,169,57,171,190,2887,30,967,98,146,282,296,0,377,100,64,171,1159,984,0,94,150,0,3,13,10025,1915,78,0,32,13,20,169,25,94,589,124,1561,640,4,8506,0,120,927,144,21,1414,382,1951,31,6283,4204,721,87,144,4,28,0,799,0,1520,44027,650,10,223,0,37,28,340,928,72,160,0,100,215,106,9,206,"Brisbane - West",15,133,148,333,0,451,75,45,828,684,2421,4906,4007,358,137,199,0,171,553,101,265,875,220,325,700,24,0,25,31,130,23,152,0,730,2136,127,287,3180,3,8654,8108,149,118,71,255,54,8,423,8,20,3,181,0,1183,529,181,485,0,68,80,0,330,2052,152,1647,8,15,75,37,102,287,139,62,1246,7,53,50,451,131,0,765,3,8,196,1697,0,27,151,10,21,0,0,335,904,0,100,0,0,118,37,235,0,0,291,506,9552,60,2227,8,0,12,169,16,"304",35,9,0
154,1301,283,655,11,2929,244,364,134,337,242,6150,40,1309,185,387,1149,435,5,455,128,64,243,2006,1503,0,192,241,5,0,26,15582,1812,84,0,39,27,19,213,56,115,1188,271,1678,1477,15,22708,0,227,1373,259,29,2210,1086,2603,43,7722,8437,1456,113,419,0,35,0,733,3,1425,72436,1124,20,329,5,58,62,853,3024,90,224,0,173,281,181,0,316,"Brisbane Inner City",27,449,235,288,3,599,91,43,1186,1641,2459,8401,5664,544,524,188,3,293,697,107,488,1868,510,597,1888,60,0,33,43,155,30,250,0,1287,2404,201,429,4800,5,12681,8871,517,393,136,348,132,3,1899,4,60,0,223,3,1243,819,390,603,0,102,125,0,363,2324,262,3022,0,23,150,48,356,206,397,151,2255,3,145,47,1137,336,3,1360,4,20,343,4052,0,35,155,28,36,0,0,371,1430,0,109,3,0,264,25,281,9,0,709,669,12859,98,2154,16,0,4,333,24,"305",48,28,0
239,752,60,1376,22,2396,86,239,61,454,327,5960,25,1006,277,206,468,513,10,1076,209,109,197,676,723,0,55,188,3,0,17,11720,1789,63,0,72,17,22,298,64,61,393,75,2392,1072,13,10815,0,668,574,197,47,2105,269,2618,318,10020,2613,921,76,184,10,81,0,1127,0,1449,56027,768,11,265,0,37,50,203,560,75,452,0,52,235,85,14,954,"Cairns",193,205,239,225,0,575,47,37,909,1752,2885,4377,6832,291,345,166,0,161,307,113,170,1144,1046,528,726,154,0,30,37,276,31,2047,0,1162,2966,188,625,3504,3,11562,7223,199,82,46,506,44,6,1315,0,415,0,162,0,1072,269,407,405,0,48,135,0,440,3105,95,1119,4,3,67,414,59,85,157,29,1256,37,132,84,177,118,4,729,6,14,282,2240,6,26,141,225,371,0,3,432,1129,0,151,5,0,76,14,287,4,6,454,1159,12536,73,2078,22,0,74,202,21,"306",24,48,0
152,256,52,628,13,761,49,65,53,172,150,1992,23,312,135,150,126,166,0,426,94,41,93,236,315,0,26,125,5,0,12,5861,915,42,0,96,13,0,123,38,48,147,43,1038,479,3,5760,0,256,193,42,16,810,132,820,540,5671,1056,179,24,185,3,55,0,491,0,650,31183,450,7,64,4,21,21,214,282,38,168,0,40,200,28,5,328,"Darling Downs - Maranoa",496,26,48,106,0,215,22,7,317,618,1796,2558,2985,88,75,135,3,68,205,59,140,307,300,158,260,52,0,15,8,97,24,3272,0,635,1269,33,196,1225,0,4573,3543,40,27,42,502,46,0,344,5,435,0,54,0,450,106,139,152,0,37,20,0,165,2173,35,450,0,9,85,664,77,62,36,33,642,149,19,29,109,81,0,325,3,5,138,796,0,20,40,159,724,0,0,168,926,0,63,0,0,18,13,223,0,21,174,538,6768,19,971,20,0,82,99,12,"307",8,6,0
153,610,272,1218,10,1590,93,155,75,416,310,4190,74,632,234,264,294,373,5,746,193,55,161,452,745,3,41,162,5,0,11,11553,1857,96,0,37,121,10,217,30,71,235,60,1598,1064,7,11575,0,375,409,72,30,1779,206,1709,266,8818,1828,417,46,360,6,38,0,1090,11,1112,54072,669,43,187,3,48,46,1020,426,55,278,0,155,379,34,5,630,"Central Queensland",256,100,114,163,0,405,34,9,665,1410,3045,4728,6092,183,305,185,3,154,416,116,601,831,609,366,631,51,0,8,20,117,29,1731,0,1234,2154,86,435,2552,0,8488,6875,193,58,210,332,63,3,755,4,240,0,94,0,1124,195,292,230,0,120,60,3,349,2026,40,770,11,7,110,372,323,109,110,205,1358,68,92,41,192,163,3,760,6,4,322,1827,0,63,44,94,366,3,0,242,1465,0,77,0,0,40,20,342,10,12,445,1101,11959,39,1855,36,0,56,234,16,"308",16,32,0
659,1040,59,3197,33,6504,340,850,239,730,1019,14332,39,1553,426,869,1433,1255,8,2221,643,287,581,2151,2790,3,232,641,8,0,54,30991,4316,252,0,76,3,34,670,189,155,1834,283,4937,3344,35,29699,0,1140,1737,742,161,5350,966,5744,125,20403,8186,3781,357,655,14,131,3,2499,0,2722,137543,2392,8,947,3,91,121,212,1954,141,1126,4,81,890,415,16,1806,"Gold Coast",69,816,745,465,3,825,203,121,1408,2613,7147,12524,17487,899,523,451,4,212,862,227,300,4106,2081,1460,2523,278,0,95,101,551,65,600,0,4128,6472,714,1574,5218,16,26352,15868,800,429,54,839,172,4,3178,13,89,0,559,5,3307,963,593,1091,0,78,432,3,1049,6689,395,3870,7,46,261,147,53,271,476,71,3034,20,149,176,723,546,3,1955,23,21,1113,5722,9,56,356,21,106,3,3,1016,3959,0,291,4,0,616,43,1028,5,0,1424,2850,29170,286,4160,74,0,19,551,50,"309",124,38,0
473,1153,61,1302,5,2437,139,263,101,443,299,4620,27,1281,266,353,570,637,0,714,159,72,335,734,1384,0,76,358,3,0,35,16203,2168,135,3,34,15,8,255,59,81,541,170,2195,1711,4,16712,0,269,573,148,36,2673,736,3201,164,9727,3064,684,62,717,0,61,0,1152,0,1382,70825,1357,26,240,8,39,70,233,938,71,408,0,124,865,89,5,526,"Ipswich",103,160,149,222,0,574,52,15,1203,1802,3676,7108,7767,388,395,310,0,242,462,143,397,1176,561,542,826,51,0,22,18,117,43,1039,0,1297,3391,135,551,4573,4,13999,8319,317,145,63,269,106,3,799,0,180,0,168,0,1588,575,453,325,0,78,64,0,490,2173,108,2089,7,3,259,227,70,126,219,107,1690,26,126,57,363,340,4,1290,10,7,305,3246,0,52,55,102,205,0,0,354,3456,0,153,0,0,98,39,949,3,0,754,1389,14924,36,2259,45,0,35,335,13,"310",62,45,0
548,798,43,1474,8,2701,147,287,166,652,513,4507,22,1022,379,485,613,553,5,927,305,86,406,827,1344,0,72,424,5,0,22,16468,2031,114,0,15,9,12,304,99,64,579,138,2197,1627,3,16353,0,277,607,172,60,2616,574,2850,131,10598,3025,873,132,699,9,66,0,1286,0,1395,72507,1677,26,254,9,45,59,181,791,69,446,0,81,815,105,3,482,"Logan - Beaudesert",52,177,171,195,0,526,68,19,882,2237,3978,7465,8329,443,447,311,3,176,489,174,307,1297,561,647,775,44,0,38,27,181,47,638,0,2075,3045,143,637,3536,5,12848,7801,345,159,42,203,126,3,809,6,109,0,219,0,1562,515,521,347,0,75,93,0,520,2467,118,1932,0,14,255,163,53,152,216,67,1551,16,141,68,304,372,3,1166,6,3,512,2882,0,47,72,33,120,0,0,384,3506,0,257,0,0,124,57,960,3,0,650,1483,14950,42,1979,46,0,17,343,13,"311",39,23,0
156,391,439,1044,4,1654,69,151,55,329,237,4036,118,407,211,190,376,340,3,704,146,37,171,387,553,0,43,142,0,0,20,10030,1308,56,0,29,156,9,159,16,53,227,57,1304,881,3,10123,0,412,313,84,26,1448,184,1272,249,7518,1613,368,45,204,9,40,0,744,30,726,45855,637,9,157,4,33,38,1740,495,28,244,0,33,235,40,6,616,"Mackay - Isaac - Whitsunday",163,89,113,113,4,245,17,12,446,1286,2210,3636,4968,169,320,166,0,102,252,103,153,708,663,387,656,75,0,12,11,118,30,1372,0,876,1590,61,408,1647,6,6340,4601,166,54,348,262,42,0,885,0,230,0,76,0,734,182,281,172,0,43,47,0,270,1739,47,700,4,10,86,258,642,58,151,41,872,42,85,42,148,142,6,483,12,3,203,1334,0,21,46,128,263,0,0,183,1031,0,97,0,0,37,26,255,8,5,346,919,10301,12,1271,24,0,29,183,7,"312",24,14,0
309,452,44,1313,3,1800,102,224,85,397,345,3606,18,679,274,279,307,394,4,786,197,64,233,511,888,0,34,196,3,0,5,10417,1453,117,0,26,9,6,237,54,65,324,85,2160,1095,4,9418,0,259,475,122,40,1775,283,2223,151,8018,2023,582,74,299,4,67,0,1048,0,964,48867,781,8,204,6,48,54,150,409,45,311,0,70,438,68,3,423,"Moreton Bay - North",60,100,149,143,0,423,38,23,745,1434,3100,4615,6318,294,235,242,3,109,270,112,224,973,415,421,587,57,0,17,26,114,29,1052,0,1319,2872,108,500,2472,0,10581,5395,204,66,30,201,61,3,546,0,318,0,139,0,1310,288,333,320,0,61,68,0,373,1892,74,1125,3,9,150,189,38,89,143,49,885,14,88,67,147,131,5,848,4,9,332,1889,0,28,81,161,131,0,0,342,1872,0,104,0,0,80,18,505,0,0,381,1065,11189,45,1576,35,0,29,211,9,"313",37,29,0
208,781,67,947,7,1659,109,187,90,339,305,3144,18,968,187,270,345,400,0,663,127,60,250,856,936,0,72,230,0,0,18,12049,1842,80,0,11,4,3,214,43,83,450,96,1615,1120,4,10321,0,160,657,173,29,1811,504,2570,43,6616,2958,725,86,253,0,31,0,960,0,1000,48843,903,7,191,3,17,33,184,747,62,234,0,93,375,87,3,303,"Moreton Bay - South",9,157,108,131,0,450,47,22,880,1424,2815,4567,5755,446,347,230,0,146,309,97,272,880,327,418,625,21,0,19,28,103,22,160,0,1192,2546,118,432,3298,0,10254,6332,231,96,42,119,74,0,495,0,31,0,216,0,1221,577,375,291,0,65,66,0,378,1491,100,1872,0,10,99,32,60,136,140,61,1110,4,129,44,255,194,5,931,4,0,339,2124,0,32,77,14,26,0,0,236,1471,0,118,0,0,103,13,408,0,0,481,1027,10845,26,1792,32,0,5,199,3,"314",40,19,0
25,417,205,303,8,554,12,40,18,113,73,1246,60,425,79,86,115,138,3,247,38,30,48,98,168,0,14,32,0,0,3,4275,580,25,0,23,64,3,81,7,4,81,22,673,276,5,4647,0,192,77,30,7,615,64,556,254,3801,404,152,5,59,0,27,0,205,17,407,21332,192,3,28,0,3,22,806,96,35,93,0,11,56,19,4,259,"Queensland - Outback",173,17,30,48,0,232,10,4,432,431,932,1759,1555,35,84,70,0,118,264,52,55,163,184,108,148,54,0,9,5,60,7,1651,0,290,796,37,144,1723,0,3146,2609,32,16,156,200,20,3,244,0,276,0,27,3,157,34,97,72,0,12,46,0,107,1107,14,191,0,3,31,331,297,52,48,19,693,37,16,18,35,43,0,239,3,0,52,693,0,6,23,158,339,0,0,109,271,0,32,0,0,9,57,59,10,3,150,282,4591,7,567,10,0,75,63,9,"315",8,8,0
399,501,44,2123,18,3316,155,412,82,347,645,7868,25,763,250,442,550,707,4,1448,405,130,311,1221,1293,0,79,278,7,0,33,16589,2608,189,5,47,9,14,414,75,87,684,167,3901,1492,8,13431,0,771,1075,318,83,3111,475,3793,169,13531,4410,1421,160,322,9,67,0,1623,3,1937,76426,1159,15,527,9,57,75,182,869,63,627,0,85,435,152,12,1164,"Sunshine Coast",126,281,379,276,3,550,99,41,905,1131,4587,6066,9966,563,179,270,3,97,313,163,297,1984,1122,764,1207,139,0,47,50,353,53,1013,0,2285,4933,278,935,2909,3,17654,9776,321,133,47,465,76,8,1335,3,155,0,287,0,2127,571,209,668,0,65,155,0,757,3887,144,2136,4,21,142,201,55,136,223,57,1396,38,67,97,289,193,8,1075,10,8,585,3012,0,56,184,78,227,0,4,638,2146,0,193,4,0,172,22,578,8,3,650,1616,17804,118,3092,32,0,28,313,30,"316",53,16,0
171,413,24,708,3,961,80,99,66,127,183,2453,11,450,125,201,186,201,0,480,116,48,137,388,541,0,33,111,0,0,27,6755,1297,87,0,23,7,17,174,30,64,176,136,1511,617,5,7456,0,180,287,59,22,1216,336,1556,173,5340,1600,343,51,203,3,27,0,653,3,1082,33750,496,4,109,0,28,25,113,417,37,186,0,29,246,31,4,260,"Toowoomba",88,73,79,178,0,263,22,13,483,546,2209,3399,3749,211,88,181,3,128,294,94,114,538,276,189,405,32,0,10,10,112,25,1067,0,782,1927,70,250,1809,3,7791,5438,113,43,30,175,45,3,393,0,288,0,100,0,905,265,113,189,0,35,28,0,228,1498,26,1094,9,4,96,170,37,112,64,34,905,20,43,48,202,95,0,720,5,0,171,1650,0,14,53,135,145,0,0,237,1071,0,76,0,0,46,32,243,0,4,291,627,6896,26,1556,19,0,50,178,9,"317",19,19,0
208,1153,60,1087,11,1688,100,178,64,282,270,4494,34,1217,192,228,336,388,11,736,187,58,159,540,1051,0,65,144,3,0,25,10717,1865,96,0,35,17,16,212,36,54,437,89,2155,1103,3,11539,0,341,434,117,45,1868,299,2529,165,8031,2204,621,78,260,6,42,0,1130,3,1279,52766,634,23,175,0,43,47,246,570,64,324,0,141,246,74,6,582,"Townsville",113,136,136,222,0,589,37,19,1144,1037,3316,6071,6247,219,210,247,0,422,500,120,418,876,580,354,908,70,0,19,20,134,15,957,0,1110,2799,110,424,4684,0,11780,7508,208,107,67,309,49,7,775,0,144,0,126,3,1235,253,221,278,0,105,66,0,374,2055,98,1040,6,9,107,212,63,142,142,113,1468,29,54,65,242,154,0,1056,3,10,297,2636,0,38,67,74,183,0,4,347,1249,0,90,0,0,91,82,304,3,9,459,997,10701,38,2011,24,0,34,247,17,"318",46,22,0
284,416,42,1422,15,1743,79,178,54,248,270,4330,23,602,198,174,280,396,5,933,199,89,184,431,771,0,65,111,0,0,24,9820,1793,127,0,77,3,15,273,44,57,369,64,2958,1050,4,8779,0,474,440,92,50,1782,216,2519,443,10059,1889,428,45,260,5,57,0,1280,0,1400,50957,627,9,208,7,39,48,164,387,56,355,0,57,283,67,10,723,"Wide Bay",367,70,182,212,0,454,43,25,646,844,3088,4153,6839,235,104,256,4,86,274,141,208,867,668,387,546,102,0,27,19,166,34,2731,0,1005,3413,98,482,2293,4,12260,6924,134,82,46,520,59,6,671,4,442,0,124,0,1137,186,182,327,0,64,58,0,398,2778,67,883,4,13,118,580,36,73,88,29,1009,94,36,64,157,112,5,767,10,5,231,1919,3,40,81,195,531,0,3,416,1534,0,99,0,0,43,30,397,5,7,334,1206,11698,42,2139,21,0,73,179,19,"319",35,17,0
333,1002,91,1277,24,2120,100,245,103,226,374,5025,19,1374,154,256,457,475,3,863,250,102,299,1461,1344,0,96,268,11,0,15,14782,2182,180,3,73,7,34,399,102,60,920,114,3330,1187,10,14245,0,292,1304,188,81,2393,555,3280,110,11881,5748,1080,109,415,3,34,0,1175,0,2289,70453,1178,10,283,4,26,35,282,1380,122,372,0,129,506,169,3,481,"Adelaide - Central and Hills",109,225,191,469,0,977,109,79,1443,834,2740,6121,7062,670,165,155,3,161,550,96,416,1172,527,458,1324,72,0,66,43,207,29,635,0,1397,4011,195,547,5094,11,15874,10104,214,245,57,597,82,10,1025,10,79,3,354,6,1300,709,188,851,0,113,135,0,533,4090,203,2507,10,48,202,125,91,172,137,108,1674,22,48,112,414,234,0,1017,11,21,294,3340,0,48,244,40,120,0,0,714,2278,0,190,0,0,166,15,536,5,7,495,994,15931,103,2732,28,0,28,275,32,"401",45,15,0
706,1564,46,2058,9,4074,122,222,142,439,460,6221,27,1613,286,425,918,702,3,1272,263,146,448,942,1999,0,108,411,3,3,31,21122,2302,148,0,31,7,14,459,107,46,855,194,3705,2460,0,22847,0,391,717,177,56,3229,823,4607,223,13737,3661,983,115,928,6,46,0,1713,0,1630,93829,1667,35,248,5,31,60,167,1106,97,735,0,160,1011,125,0,686,"Adelaide - North",37,209,152,276,0,950,83,41,1669,1651,4126,9218,11473,665,349,255,7,279,576,117,585,1105,755,856,1255,75,0,44,35,205,26,956,3,1818,5055,186,1060,6215,8,20812,9299,301,286,38,260,105,3,1215,0,165,0,374,0,1851,733,393,420,0,123,94,0,624,2721,177,2856,3,13,300,279,50,148,287,192,2089,11,108,96,342,385,3,1614,4,10,429,5018,0,66,87,81,156,0,3,541,4428,0,249,0,0,162,30,1224,3,0,843,1756,19773,28,2264,37,0,16,381,23,"402",57,26,0
500,1112,52,1711,18,3017,103,245,127,339,385,5775,17,1635,177,345,581,639,7,1168,268,134,293,1196,1936,4,88,263,7,0,23,17863,2423,211,3,47,6,25,442,105,71,879,176,4634,1853,14,16974,3,339,951,259,81,3096,828,4638,79,13686,4276,1300,150,443,0,45,0,1575,0,2215,81572,1119,23,269,8,27,51,189,996,139,570,0,135,610,159,6,582,"Adelaide - South",54,247,202,426,0,1069,117,61,1466,1157,3846,7541,9985,851,241,223,3,180,597,131,502,1209,631,680,1337,69,0,38,52,250,31,399,0,1599,5663,210,777,5631,5,21874,10617,291,232,52,357,80,10,1028,7,51,0,466,0,1783,906,244,609,3,124,166,0,693,3416,185,3315,15,27,193,86,59,157,219,143,1973,9,95,127,279,217,0,1511,6,10,359,4459,0,66,165,19,90,0,8,712,2763,0,202,0,0,197,22,695,6,0,708,1471,17845,53,2796,29,0,4,357,30,"403",58,9,0
372,939,44,1135,10,2043,64,142,92,290,256,4077,17,1109,186,235,499,407,0,634,170,85,274,739,1172,0,68,223,3,0,9,11540,1345,111,0,34,5,15,303,60,19,602,110,2220,1159,4,12910,0,272,617,187,45,2151,506,2461,50,7912,2944,927,77,403,5,32,0,1022,0,1166,52995,938,25,167,4,14,24,155,878,86,333,0,104,476,103,3,461,"Adelaide - West",11,216,137,162,0,670,53,29,1051,1132,2093,4931,6161,469,261,94,0,184,367,77,400,721,533,436,928,62,0,29,28,159,15,199,0,1057,2744,166,519,4064,10,11614,5952,162,196,36,259,68,3,923,0,25,0,242,3,895,478,268,358,0,93,112,0,499,1902,135,1837,6,16,153,58,46,85,144,141,1352,4,79,68,237,188,0,870,4,7,243,2877,0,34,87,8,38,0,3,334,2197,0,138,0,0,134,14,603,3,0,567,871,11414,30,1455,22,0,4,222,15,"404",27,19,0
272,167,8,636,3,825,14,60,17,126,99,2014,7,244,106,64,128,155,3,445,65,35,87,153,282,0,11,62,0,0,7,4421,624,88,0,64,3,3,103,50,11,133,20,1333,406,0,4083,0,284,152,36,22,633,83,895,280,5237,677,185,15,249,7,30,0,399,0,618,24314,320,3,68,0,0,10,53,152,29,194,0,20,339,28,3,388,"Barossa - Yorke - Mid North",260,30,43,100,0,163,26,11,270,405,1181,1843,2733,93,48,73,0,46,144,19,63,228,317,162,256,52,0,12,7,74,16,1665,0,355,1401,45,253,930,4,4933,2698,36,32,12,303,29,3,293,0,167,0,62,0,415,87,75,126,0,11,16,0,143,1619,18,362,7,3,115,369,11,19,26,12,482,82,15,28,53,63,0,299,3,0,90,754,3,17,25,77,397,0,3,167,1477,0,48,0,0,30,6,351,5,9,115,480,5568,8,710,3,0,31,65,5,"405",6,3,0
63,242,95,478,12,651,11,56,14,96,86,1597,44,280,65,67,129,117,5,307,65,30,67,94,239,0,7,56,0,0,13,4220,588,31,0,26,40,7,68,6,9,98,25,859,387,0,4342,0,226,113,32,13,520,82,629,184,3853,458,176,16,73,0,20,0,334,3,425,20954,242,4,56,3,6,9,442,112,27,118,0,10,76,15,4,309,"South Australia - Outback",100,38,35,87,0,190,15,3,310,295,874,1627,2211,72,32,50,0,67,171,15,56,210,245,112,239,36,0,3,6,46,7,967,0,321,957,38,191,1139,0,3581,2386,45,33,104,144,20,3,285,0,146,0,27,0,258,86,61,57,3,20,32,3,122,962,18,310,0,0,32,211,147,24,53,12,529,18,19,21,45,45,0,258,3,0,69,706,0,6,21,44,242,0,0,118,411,0,42,0,0,18,15,123,3,3,124,402,4897,10,552,6,0,18,51,6,"406",3,4,0
297,273,14,1140,4,1434,46,102,27,234,194,3322,16,477,189,114,231,239,0,800,156,71,158,274,560,0,46,142,6,0,6,7550,949,144,0,83,3,14,182,54,22,257,53,2047,786,8,6932,8,400,293,61,36,1145,173,1431,530,8242,1223,316,23,353,9,57,0,730,0,919,40675,652,5,123,4,18,31,67,257,53,317,0,21,428,48,3,583,"South Australia - South East",453,53,93,181,0,301,38,17,490,758,2116,3302,5051,175,79,111,4,59,186,60,126,488,462,274,431,95,0,24,16,160,26,3266,0,717,2172,57,419,1666,14,7844,4132,76,46,18,513,53,3,510,4,425,0,115,3,835,182,144,218,0,43,57,0,269,2667,52,722,9,6,147,748,14,51,79,18,735,129,52,48,81,144,0,526,6,13,164,1212,0,30,65,178,711,0,3,325,1928,0,104,0,0,39,20,488,3,11,221,869,9274,26,1102,22,0,84,114,8,"407",18,11,0
230,318,112,1221,10,1437,82,152,63,177,273,3534,48,483,160,250,246,324,3,769,177,64,103,398,521,0,30,104,0,0,20,8448,1374,107,0,45,16,8,184,37,36,247,50,1649,880,3,7200,0,383,306,104,30,1463,187,1535,254,6988,1393,523,42,412,3,38,0,906,8,1057,39170,391,13,164,3,21,44,414,284,43,256,0,42,389,46,4,597,"Bunbury",225,110,122,161,0,307,33,10,539,647,2289,2832,5422,173,86,133,3,95,142,102,204,682,597,346,426,89,0,15,18,132,18,1469,0,1082,1893,113,400,1819,5,7009,5092,107,49,113,326,22,0,696,0,201,0,69,0,750,178,136,232,0,62,80,0,336,2102,54,686,3,4,126,297,111,46,86,54,706,57,36,44,82,71,0,431,4,3,267,1098,3,24,51,82,300,0,0,260,1628,3,55,4,0,51,29,322,3,3,308,984,8942,30,1594,13,0,39,161,13,"501",21,16,0
90,160,117,572,11,633,30,84,39,105,152,1486,48,215,102,113,109,144,0,375,86,29,59,158,398,0,16,48,0,0,3,3686,602,46,3,18,18,8,70,10,18,111,35,817,423,3,3423,0,113,178,48,18,672,77,720,30,3125,667,273,29,91,0,19,0,440,3,503,18259,201,5,120,3,8,4,379,119,30,107,0,16,110,22,0,179,"Mandurah",26,43,91,74,0,163,16,4,276,375,1087,1690,2763,84,55,58,0,45,104,54,74,429,221,168,217,24,0,11,17,64,8,168,0,547,981,57,174,889,0,3620,2424,77,17,95,126,22,0,294,3,21,0,58,0,444,80,66,108,0,16,53,0,144,866,21,340,0,5,46,34,98,34,35,19,361,11,25,22,43,35,0,276,0,4,121,630,0,15,40,7,37,0,0,126,551,0,25,0,0,35,7,162,0,0,150,476,4248,19,745,10,0,3,88,8,"502",12,4,0
90,663,408,470,12,1508,46,172,54,132,202,3293,69,561,65,272,557,212,0,319,95,48,126,1139,781,0,58,115,3,0,13,9327,1038,76,5,42,65,32,184,32,28,505,88,1474,834,16,12074,0,135,959,154,28,1281,421,1711,38,6523,4765,911,85,211,3,29,0,496,3,1238,44767,556,8,207,3,11,18,1308,1546,94,163,0,89,192,89,8,220,"Perth - Inner",35,242,153,321,0,403,47,39,600,569,1392,3819,3423,300,155,76,3,104,387,56,295,892,344,316,874,39,3,23,30,98,12,223,0,883,1827,146,256,2430,3,8448,5831,216,164,263,421,41,8,1100,6,35,4,171,0,578,338,130,522,0,89,79,0,227,2334,109,1378,5,13,76,55,491,189,140,90,1143,4,41,40,399,143,0,620,14,20,222,2287,0,22,150,10,41,0,3,406,816,0,81,0,0,161,5,133,10,0,401,417,8820,75,1494,12,0,4,160,39,"503",22,11,0
314,929,330,1254,11,2076,137,218,128,430,378,4213,91,989,281,514,488,506,0,828,215,62,292,838,1185,0,57,237,3,0,17,13586,1712,109,0,24,61,16,283,46,32,459,125,2023,1439,6,14705,0,285,662,207,50,2438,504,2407,64,8957,3133,1039,94,406,3,57,0,971,3,1298,61270,1144,27,244,7,32,33,1072,938,110,334,0,94,511,83,4,481,"Perth - North East",35,259,160,226,0,755,56,27,1183,1736,2782,5615,6983,339,399,183,4,231,331,123,364,1102,565,525,769,47,0,31,39,147,23,383,0,1796,2557,179,467,4222,3,11069,6847,267,134,214,228,89,4,909,0,46,0,187,3,1152,419,385,350,3,85,113,0,462,2323,103,1625,10,12,161,103,362,120,158,97,1194,8,161,63,225,285,0,871,5,8,478,2559,0,55,88,25,76,0,0,450,2078,0,174,0,0,151,34,527,14,0,699,1139,13046,47,1946,37,0,11,288,25,"504",21,30,0
538,1770,633,2706,27,4704,240,585,321,475,965,8341,157,1880,307,1205,1157,1115,9,1823,541,165,551,2146,2731,3,169,521,8,0,35,30060,4266,266,4,58,80,42,574,101,105,1170,291,4635,2707,9,31685,0,497,1757,410,122,5408,1278,5780,135,18677,8126,2080,237,699,3,54,0,2500,5,3175,132769,2163,44,553,11,47,92,2098,2392,210,713,0,225,803,194,8,882,"Perth - North West",43,504,389,542,4,1237,146,88,1968,1986,6356,12211,15171,1056,460,362,9,337,934,278,838,2632,979,1119,1641,81,0,53,48,365,45,727,0,4381,6257,369,1071,7480,12,26473,17307,686,306,404,559,174,4,1766,11,187,0,589,3,2485,1155,475,841,5,182,218,4,1081,4994,228,4495,13,39,231,159,806,276,376,277,3182,13,159,144,629,491,0,2188,16,18,1147,6240,3,100,235,55,125,0,6,969,3534,0,331,3,0,297,54,882,13,0,1574,2306,28167,112,4887,78,0,14,631,44,"505",87,53,0
532,1505,584,2111,8,3786,223,411,249,785,608,8064,163,1632,523,936,1010,819,7,1319,376,134,556,1463,2347,0,112,502,6,0,22,26865,3155,160,0,44,130,21,535,83,80,814,208,3662,2679,7,31433,0,475,1114,408,66,4221,945,4639,147,16052,6123,1943,200,912,11,85,0,1795,13,2493,119980,2339,25,436,12,48,75,2026,2084,193,558,0,208,800,122,7,824,"Perth - South East",56,469,332,457,4,1292,79,59,1652,3394,5328,12095,12575,668,881,353,8,316,820,228,740,2075,1006,844,1744,86,0,58,66,321,49,708,0,3085,4405,304,814,6663,12,21234,13236,526,235,405,474,228,8,1920,4,144,0,371,0,2000,785,727,673,0,163,198,0,842,4514,157,3058,11,25,287,160,723,225,346,226,2483,17,326,119,523,621,3,1888,3,10,788,5547,3,92,174,43,111,0,6,708,3580,0,334,0,0,300,50,787,20,0,1147,1994,23173,85,3581,59,0,30,525,27,"506",79,61,0
398,1381,435,2116,20,2931,180,404,193,458,629,6176,122,1459,309,727,705,727,5,1244,336,104,352,1405,1995,0,85,354,4,0,16,21725,3232,188,5,47,84,21,376,67,79,713,175,3405,2088,9,21686,0,357,1139,293,61,3378,699,4135,115,13682,5422,1564,180,645,3,66,0,1805,8,2474,94957,1514,28,420,3,45,46,1535,1537,139,462,0,165,713,127,11,591,"Perth - South West",31,346,255,432,0,950,68,39,1492,1923,4781,8877,11327,584,468,296,3,368,679,171,592,1813,727,680,1273,58,6,49,45,236,30,516,0,2666,4580,256,677,5844,3,18799,13260,407,172,315,393,128,6,1270,3,78,0,256,3,1891,600,426,630,5,145,176,3,695,3499,150,2371,10,26,248,141,546,225,245,177,2327,3,158,71,466,368,0,1562,3,14,669,4171,0,64,148,39,89,0,6,609,2961,0,227,0,0,269,51,708,22,0,887,1818,20271,94,3863,41,0,10,436,29,"507",80,44,0
123,322,88,699,5,798,34,70,37,198,149,1991,45,417,177,125,113,181,0,519,99,53,128,245,283,0,15,91,3,5,18,6100,952,74,0,65,12,13,155,35,36,141,64,1271,475,0,5384,0,324,253,67,29,892,142,872,540,6656,1045,341,25,150,6,59,0,473,0,933,32493,499,3,90,0,13,7,359,199,69,208,0,25,147,33,8,396,"Western Australia - Wheat Belt",437,55,59,163,0,341,21,8,459,712,1459,2339,3083,126,77,89,3,82,157,50,111,363,319,143,215,73,0,16,20,98,24,3138,0,591,1211,81,223,1719,3,4740,3917,62,28,105,544,65,3,340,0,417,0,72,3,317,133,140,191,0,32,68,0,209,2496,24,573,9,10,55,726,108,31,36,27,524,113,33,40,68,106,0,263,6,7,141,776,0,22,49,134,695,6,0,254,762,0,76,0,0,27,34,185,6,12,152,518,7456,34,1142,13,0,64,104,15,"509",12,8,0
28,385,621,325,5,1148,64,102,47,198,193,1980,210,392,110,265,297,164,0,251,131,28,40,184,163,0,13,41,0,0,7,11468,840,13,0,13,198,3,73,10,8,129,17,674,362,0,12282,0,246,139,73,19,716,70,757,58,6182,730,274,13,72,3,12,0,226,13,419,44315,199,16,94,0,10,20,2607,226,27,146,0,40,41,35,4,337,"Western Australia - Outback (North)",66,76,47,63,0,243,16,0,323,790,770,2348,1712,49,220,60,3,82,176,28,159,446,324,248,270,37,0,5,13,46,12,491,0,855,713,43,294,1473,0,3354,2957,112,26,509,99,19,0,643,0,90,0,33,0,127,35,170,108,0,33,37,0,114,1105,31,214,0,3,13,81,1043,48,119,55,763,5,61,16,38,63,0,197,3,0,187,838,0,14,19,68,95,0,0,112,218,0,14,0,0,17,20,38,12,0,234,333,10043,9,647,4,0,27,77,6,"510",6,9,0
64,362,364,685,9,1022,55,95,41,201,167,2477,126,395,167,122,205,194,7,446,102,43,87,191,301,0,21,65,0,0,10,7132,924,31,0,31,121,8,116,17,22,157,31,996,522,3,7589,0,297,222,73,28,912,141,907,218,5805,886,337,34,105,3,42,0,565,17,668,34070,308,4,98,3,25,19,1484,223,39,190,0,19,101,20,7,480,"Western Australia - Outback (South)",151,71,81,95,0,273,20,13,405,797,1388,2558,3140,103,142,98,0,90,194,80,74,464,413,220,299,72,0,9,10,70,8,1152,0,633,1040,65,257,1607,0,4342,3617,95,33,314,217,27,0,502,0,172,0,52,0,406,75,151,121,0,17,52,0,179,1568,31,423,3,4,32,235,530,25,82,14,634,34,70,28,71,76,0,300,0,3,154,818,0,13,38,49,263,0,0,181,455,0,34,0,0,34,33,109,19,3,195,548,7770,16,1071,15,0,24,115,10,"511",28,14,0
219,1146,5,1041,16,1570,72,136,43,221,181,4236,3,1567,152,120,331,421,3,699,135,65,144,618,998,0,94,96,0,0,20,10362,1665,135,3,31,0,14,233,42,58,800,89,2451,1135,8,10506,0,284,590,231,32,1807,411,2342,89,8418,2476,1027,97,213,0,34,0,923,0,1490,49345,512,25,144,4,7,41,22,618,110,303,0,168,253,157,7,514,"Hobart",27,213,112,228,0,972,102,21,1594,839,2342,4356,5979,295,154,146,4,196,271,71,526,657,569,338,874,73,0,8,27,152,27,445,0,717,2903,184,367,5631,8,11406,6780,132,225,3,256,36,7,893,0,97,0,197,0,1026,388,195,362,0,128,142,0,391,2083,160,1422,10,17,125,114,6,62,118,144,1178,7,60,76,129,102,0,836,6,8,183,2325,0,53,92,25,80,0,6,375,1285,0,91,0,0,117,40,282,0,0,414,1005,10986,32,1876,10,0,9,196,24,"601",49,20,0
182,296,12,821,9,892,53,89,22,142,111,2763,3,450,128,69,129,209,0,517,91,40,126,271,574,0,26,106,0,0,16,5711,967,89,0,33,3,8,147,20,27,256,76,1651,643,0,5450,3,300,234,90,25,1011,240,1264,179,5674,1138,484,42,166,0,35,0,550,0,806,29783,433,12,105,4,16,11,36,275,40,201,0,51,205,52,4,434,"Launceston and North East",95,83,63,133,0,320,55,15,463,515,1557,2762,3836,188,65,101,0,59,135,58,187,414,370,191,476,65,0,18,20,107,21,920,0,432,1877,110,266,1639,0,6853,3783,78,63,11,250,23,0,451,3,127,0,116,0,654,221,93,168,0,50,67,0,211,1466,50,868,4,7,120,203,9,29,52,51,570,34,36,38,103,59,0,510,10,0,111,1196,0,30,59,57,190,0,3,251,1059,0,79,0,0,61,8,269,3,3,218,617,6889,15,1125,4,0,30,124,5,"602",9,15,0
43,95,0,181,3,231,11,18,12,44,34,712,0,133,38,13,40,42,0,128,22,8,24,75,69,0,11,21,0,0,0,1485,215,21,0,10,0,0,32,3,6,83,10,344,123,0,1197,0,132,81,29,11,214,31,237,90,1715,307,181,10,45,0,12,0,99,0,187,7696,87,3,26,0,5,10,4,44,12,50,0,4,54,22,0,142,"South East",46,32,17,35,0,108,18,0,176,150,294,501,780,28,18,27,0,15,23,10,37,106,113,47,66,30,0,0,3,31,0,517,0,121,400,47,65,542,0,1315,804,13,20,0,102,3,0,128,0,77,0,25,0,92,28,27,76,0,14,50,0,56,508,14,129,0,3,15,126,0,7,9,3,95,10,8,7,12,23,0,64,0,0,29,178,0,9,21,32,120,0,0,61,252,0,14,0,0,13,6,64,0,0,38,147,1879,11,247,3,0,6,26,4,"603",0,0,0
209,191,26,622,8,829,29,54,29,139,88,2133,16,304,125,67,146,178,0,364,64,27,85,182,337,0,11,65,0,0,10,4375,647,72,0,40,8,6,97,21,8,135,35,1140,491,3,4128,0,217,165,32,10,813,86,840,201,4367,736,223,38,169,5,33,0,539,0,570,22791,279,3,80,0,11,23,123,157,29,153,0,20,234,35,4,362,"West and North West",78,42,48,91,0,244,26,8,370,526,1309,1981,2994,88,72,70,0,48,104,44,74,279,301,179,319,49,0,11,17,59,11,1047,0,341,1420,31,238,1191,3,4693,2671,47,24,39,171,19,0,382,0,165,0,54,0,511,89,127,124,0,18,27,0,176,1076,18,365,5,4,100,273,35,21,66,21,448,24,18,25,64,52,0,309,6,3,78,761,0,12,30,65,197,0,0,141,1133,0,43,0,0,34,5,328,0,0,188,570,5353,11,785,8,0,44,100,15,"604",12,9,0
66,1573,54,519,5,1250,89,128,82,223,256,2645,25,1543,112,393,325,217,5,369,167,39,97,465,444,0,39,95,0,0,9,9618,1128,52,0,11,11,13,117,13,42,341,61,841,684,3,11288,0,186,394,158,26,1072,231,1219,44,5646,1947,785,74,118,4,19,0,465,3,715,41792,432,16,127,5,15,20,210,606,137,165,0,126,124,49,6,344,"Darwin",26,236,78,132,0,842,33,11,1388,881,1605,3628,3071,122,233,105,0,485,245,65,379,687,445,303,427,48,0,17,23,80,18,307,0,1297,1045,128,297,6037,0,5451,4335,216,111,50,137,52,3,769,0,53,0,59,0,423,168,191,236,0,78,73,0,204,1371,72,667,4,14,39,88,62,74,94,99,923,10,76,32,142,121,5,399,3,4,342,1669,0,45,59,29,56,0,0,164,522,0,46,0,0,92,67,112,0,0,316,513,8485,36,1109,21,0,10,116,12,"701",25,22,0
19,649,51,245,3,563,17,38,24,80,81,1253,12,534,51,82,128,168,0,194,60,26,24,137,132,0,7,14,0,0,3,3834,650,14,0,14,21,13,108,4,11,101,13,719,256,0,4385,0,169,136,93,13,757,54,801,71,3310,609,386,26,14,0,18,0,143,3,618,18732,123,4,37,0,4,13,222,149,63,80,0,18,27,12,3,203,"Northern Territory - Outback",22,75,36,89,0,416,11,4,606,317,756,1512,1245,29,79,60,0,148,127,31,59,182,164,111,155,38,0,3,17,39,11,544,0,338,869,84,138,2450,0,3693,2913,40,23,55,91,16,0,382,0,118,0,19,0,140,31,60,101,0,21,61,0,183,893,32,158,0,3,11,82,81,49,62,14,691,10,19,28,35,28,0,240,4,0,68,859,0,6,35,98,91,0,0,146,117,0,25,0,0,31,33,33,0,0,181,234,3937,11,677,8,0,53,62,6,"702",11,5,0
130,8728,4,932,19,2566,198,279,110,238,295,6286,3,8850,176,299,698,695,20,703,142,93,134,2015,1698,3,168,128,3,0,25,24901,3155,152,3,44,0,33,329,53,113,1479,176,2405,1542,9,26661,0,324,1505,362,49,3163,546,3469,45,12873,7928,1850,236,184,0,32,0,1559,0,1994,105014,550,40,219,6,50,51,20,2361,367,368,0,109,204,272,3,508,"Australian Capital Territory",24,411,160,436,0,3510,171,43,7798,1080,5006,10478,7626,300,256,405,0,1553,953,213,401,1354,654,560,1556,63,0,19,54,195,30,227,0,1251,3335,289,563,31019,12,16059,12927,384,381,3,369,67,7,1178,3,53,4,193,3,1995,401,253,878,0,62,198,0,608,3430,347,1692,3,37,88,35,5,441,221,156,2863,10,92,94,823,119,4,1644,10,21,322,4300,0,23,209,21,42,0,3,474,996,0,51,0,0,295,194,176,0,5,770,984,21255,60,3044,33,0,3,452,30,"801",87,27,0
10,46,3,28,5,75,0,3,3,9,5,161,3,38,6,0,8,7,0,25,0,4,0,14,3,0,0,0,0,0,0,274,33,0,0,3,0,0,5,0,0,6,0,33,12,0,253,0,24,6,10,0,21,4,21,0,275,32,29,3,3,0,3,0,12,0,31,1386,9,3,9,0,0,3,17,4,10,16,0,0,3,0,0,36,"Other Territories",0,5,6,7,0,37,5,0,50,37,36,92,121,3,8,3,0,18,5,0,4,19,30,24,14,13,0,0,3,16,0,7,0,12,27,0,20,203,0,121,130,0,0,3,21,0,0,32,0,3,0,4,0,11,5,8,3,0,3,3,0,10,131,3,22,0,0,0,0,9,3,0,0,28,3,0,0,0,0,0,3,0,0,0,12,0,0,0,0,3,0,0,17,18,0,4,0,0,3,3,6,0,0,3,13,304,3,31,0,0,0,3,0,"901",0,0,0
