ut_ft_s_25ov_nonind_p, ut_ft_s_25ov_nonind_m, ut_ft_pt_stu_st_ns_totf, oei_indst_nsp, tfei_pt_st_25ov_id_s_n_s_p, ut_ft_s_25ov_nonind_f, tfei_ft_st_25over_id_m, tfei_ft_pt_s_s_nt_st_id_f, tfei_ft_st_25over_id_p, tfei_ft_pt_s_s_nt_st_id_p, tfei_ft_st_25over_id_f, tfei_ft_pt_s_s_nt_st_id_m, oei_indst_nsm, oei_indst_nsf, tfei_pt_st_15_24_id_p, tfei_pt_st_15_24_id_m, ut_ft_pt_stu_st_ns_nonind_p, tfei_pt_st_15_24_id_f, ut_tot_indig_f, ut_ft_pt_stu_st_ns_nonind_m, ut_tot_nonind_p, ut_pt_s_15_24_totp, tfei_tot_indig_f, ut_ft_pt_stud_st_ns_ind_m, ut_ft_pt_stu_st_ns_nonind_f, ut_ft_pt_stud_st_ns_ind_p, tfei_tot_indig_p, tfei_tot_indig_m, ut_ft_pt_stud_st_ns_ind_f, ut_tot_nonind_m, tfei_ft_st_25ov_non_id_f, t_ei_ns_nonind_f, ut_tot_nonind_f, tfei_ft_st_25ov_non_id_m, t_ei_ns_nonind_p, ut_pt_s_25over_in_f, t_ei_ns_nonind_m, tfei_ft_st_25ov_non_id_p, ut_pt_s_25over_in_p, ut_pt_s_25over_in_m, ut_tot_indig_m, ut_tot_indig_p, t_ei_ns_ind_p, tfei_ft_st_15_24_in_m, t_ei_ns_ind_m, infprim_indig_st_nsp, infprim_indig_st_nsm, ut_ft_s_25ov_totf, oei_totm, oei_totp, tfei_ft_st_25ov_i_s_n_st_m, ut_ft_s_15_24_nonind_f, ut_ft_s_25ov_totp, ut_ft_s_25ov_totm, tfei_ft_st_25ov_i_s_n_st_p, ut_ft_s_15_24_nonind_m, tfei_tot_indst_nsp, infprim_nonind_f, tfei_tot_indst_nsm, infprim_nonind_m, infprim_nonind_p, tfei_tot_indst_nsf, oei_nonind_p, oei_nonind_m, ut_ft_pt_st_st_ns_in_st_nsp, ut_ft_pt_st_st_ns_in_st_nsm, tfei_pt_st_25ov_i_s_n_s_m, oei_nonind_f, tfei_ft_pt_s_s_n_s_no_id_p, tfei_ft_st_25ov_i_s_n_st_f, ut_ft_s_15_24_nonind_p, infprim_indig_st_nsf, sec_indig_p, oei_totf, ut_ft_pt_st_st_ns_in_st_nsf, sa4_name16, tfei_pt_st_25ov_non_id_p, tfei_pt_st_25ov_non_id_m, ut_pt_s_25over_totf, tfei_pt_st_25ov_i_s_n_s_f, ut_pt_s_25over_totm, ut_pt_s_25over_totp, tfei_ft_st_15_24_no_id_p, tfei_ft_st_15_24_i_s_n_s_p, tfei_tot_nonind_p, tfei_ft_st_15_24_i_s_n_s_m, ut_ft_pt_stu_st_ns_totp, tfei_tot_nonind_f, tfei_ft_st_15_24_i_s_n_s_f, tfei_tot_nonind_m, tfei_ft_st_15_24_no_id_f, tfei_ft_st_15_24_no_id_m, ut_ft_pt_stu_st_ns_totm, tfei_pt_st_15_24_non_id_m, tfei_f_p_s_s_n_s_i_s_n_s_m, tfei_pt_st_25ov_totm, tfei_f_p_s_s_n_s_i_s_n_s_p, infprim_totm, tfei_tot_totf, infprim_totp, tfei_f_p_s_s_n_s_i_s_n_s_f, tfei_pt_st_25ov_totf, t_ei_ns_indst_nsm, tfei_pt_st_25ov_non_id_f, t_ei_ns_indst_nsf, infprim_totf, presch_indig_f, ut_pt_s_15_24_nonind_f, ut_ft_s_25ov_indst_nsm, ut_tot_indigstat_nsf, ut_pt_s_15_24_nonind_p, ut_ft_s_25ov_indst_nsp, sec_indig_m, ut_ft_s_25_over_ind_f, ut_tot_indigstat_nsp, ut_tot_indigstat_nsm, ut_ft_s_25ov_indst_nsf, tfei_pt_st_15_24_no_id_f, tfei_pt_st_15_24_no_id_p, tfei_tot_totm, sec_indig_f, tfei_tot_totp, tfei_ft_st_15_24_totm, tfei_ft_st_15_24_totp, sec_nonind_p, tfei_ft_pt_s_s_nt_st_to_f, tfei_ft_st_15_24_totf, tfei_ft_pt_s_s_nt_st_to_p, ut_ft_s_25_over_ind_p, tfei_ft_pt_s_s_nt_st_to_m, ut_ft_s_25_over_ind_m, ut_pt_s_15_24_ind_p, ut_pt_s_15_24_ind_m, tfei_pt_st_15_24_totm, tfei_ft_st_15_24_id_f, sec_nonind_f, ut_ft_s_15_24_in_st_nsm, tfei_pt_st_15_24_totp, ut_ft_s_15_24_in_st_nsp, sec_nonind_m, tfei_pt_st_15_24_i_s_n_s_f, presch_indig_p, tfei_pt_st_15_24_totf, presch_indig_m, ut_ft_s_15_24_in_st_nsf, ut_pt_s_15_24_ind_f, tfei_pt_st_25ov_totp, tfei_ft_pt_s_s_n_st_n_i_f, tfei_ft_pt_s_s_nt_s_n_i_m, ut_pt_s_25over_non_in_f, sec_totf, oei_ind_f, ut_tot_totp, ut_pt_s_15_24_in_st_nsf, tfei_pt_st_15_24_i_s_n_s_m, ut_tot_totm, tfei_pt_st_15_24_i_s_n_s_p, ut_pt_s_15_24_in_st_nsp, ut_tot_totf, t_ei_ns_ind_f, ut_pt_s_15_24_in_st_nsm, tfei_ft_st_15_24_id_p, oei_ind_m, oei_ind_p, ut_pt_s_15_24_totm, ut_pt_s_25over_non_in_p, sec_totm, sec_totp, ut_pt_s_15_24_totf, ut_pt_s_25over_non_in_m, tfei_ft_st_25ov_totf, presch_nonind_m, presch_nonind_p, ut_ft_s_15_24_ind_p, ut_pt_s_25ov_in_s_nsp, ut_pt_s_25ov_in_s_nsm, tfei_pt_st_25ov_id_p, presch_nonind_f, tfei_pt_st_25ov_id_m, sec_indig_st_nsp, ut_ft_s_15_24_ind_f, sec_indig_st_nsm, tfei_pt_st_25ov_id_f, ut_ft_s_15_24_ind_m, tfei_ft_st_25ov_totp, sec_indig_st_nsf, presch_totp, tfei_ft_st_25ov_totm, ut_pt_s_25ov_in_s_nsf, presch_totm, presch_indig_st_nsm, presch_totf, infprim_indig_m, ut_pt_s_15_24_no_ind_m, presch_indig_st_nsp, infprim_indig_p, ut_ft_s_15_24_totf, sa4_code16, ut_ft_s_15_24_totm, ut_ft_s_15_24_totp, infprim_indig_f, presch_indig_st_nsf
845,308,15,17,8,542,6,0,29,3,18,3,7,10,66,35,24,30,87,6,5009,414,117,0,18,3,208,88,0,1804,172,2745,3206,92,5726,48,2977,262,58,13,55,139,546,14,352,256,134,562,400,1137,0,906,881,317,4,625,36,7701,21,8236,15932,19,1078,375,0,0,3,699,42,0,1534,117,844,744,0,"Capital Region",1752,623,1538,8,745,2285,378,0,3722,0,25,2044,0,1679,213,166,12,783,3,651,4,8994,2179,17446,0,1187,6660,1132,6400,8450,96,259,3,24,395,8,440,11,43,15,3,500,1286,1787,400,3961,180,408,12286,31,231,51,29,23,10,13,5,827,14,6086,7,1369,14,6196,11,242,534,145,5,11,1843,23,21,1485,6589,33,5184,3,12,1870,20,3,3313,193,3,27,13,46,143,2211,6736,13329,266,726,193,1674,3107,38,17,4,83,1431,32,202,21,100,48,20,289,99,3388,96,8,1838,15,1549,624,138,31,1259,930,"101",656,1587,639,25
1721,618,30,10,17,1098,10,4,43,3,30,0,3,4,148,86,34,64,250,8,9800,961,253,8,27,11,434,180,3,3789,433,3692,6008,194,6731,60,3042,630,81,24,152,409,497,35,237,302,160,1166,657,1952,4,2325,1823,653,5,1782,49,12085,24,12876,24968,27,1831,611,6,3,8,1222,55,0,4106,138,1399,1296,3,"Central Coast",2479,856,2121,9,999,3119,715,11,5788,7,48,3180,3,2605,403,307,16,1213,0,905,0,14033,3455,27203,0,1739,6951,1625,7350,13163,226,498,3,39,913,12,715,57,70,27,9,689,1908,2804,683,6262,353,816,19027,30,463,65,89,33,33,39,16,1309,53,9465,15,2067,35,9567,5,469,761,237,18,26,2643,30,30,2057,10259,67,10275,3,7,3971,21,4,6301,256,3,91,45,111,433,3027,10403,20659,526,968,464,3120,5959,185,11,3,148,2833,46,235,115,123,106,75,679,112,6486,213,10,3389,27,3098,994,415,65,1936,2452,"102",1870,4319,936,33
689,278,11,8,13,411,15,3,65,5,44,3,3,3,140,66,19,74,183,4,4947,438,271,0,14,3,417,151,3,1767,231,2413,3179,101,5707,67,3293,333,87,26,82,266,863,13,566,293,140,453,288,862,0,1262,755,297,3,788,40,7537,15,7999,15541,21,795,262,0,0,3,537,45,3,2048,151,1416,576,0,"Central West",1848,626,1292,8,589,1881,406,7,3853,3,21,2232,3,1625,248,160,4,713,0,681,0,9222,2526,17932,0,1338,7059,1225,6965,8715,209,269,3,17,408,7,713,37,28,10,7,507,1219,1791,706,4316,183,468,11511,29,287,53,54,29,13,24,7,782,35,5673,3,1373,5,5838,7,455,592,247,6,17,2015,26,27,1221,6479,36,5238,3,12,1859,19,9,3376,303,4,51,23,56,148,1786,6668,13142,286,563,280,1656,3266,96,6,3,156,1614,51,214,67,116,104,30,398,102,3770,118,5,1929,26,1846,1073,137,51,2102,1334,"103",819,2152,1023,27
486,153,3,4,8,334,10,0,50,0,46,0,0,4,84,47,4,39,79,0,2467,233,192,3,3,3,308,116,0,807,302,1701,1664,115,3268,25,1567,420,32,8,39,118,453,26,260,186,93,357,262,729,0,437,521,168,3,244,29,4673,20,4801,9473,10,671,247,0,0,7,426,21,0,678,87,730,472,0,"Coffs Harbour - Grafton",1171,374,778,3,340,1114,366,3,2648,3,9,1621,0,1027,219,145,0,384,0,415,0,5511,1819,10837,0,867,3888,798,3840,5327,107,150,3,11,224,11,357,24,22,6,3,286,672,1163,376,2981,178,444,7448,13,269,22,33,17,10,10,6,437,44,3655,3,768,4,3792,5,247,324,139,3,3,1281,11,9,742,4087,42,2605,0,3,847,12,0,1758,192,0,71,11,55,79,1075,4206,8293,153,329,351,1092,2081,37,5,0,100,992,39,108,30,57,65,9,470,54,2357,125,9,1247,10,1114,617,78,26,1178,463,"104",262,722,563,15
219,62,9,9,9,158,19,8,92,7,70,0,4,3,134,66,16,66,173,7,1597,168,322,0,12,3,493,176,0,489,127,1211,1104,34,2628,70,1415,164,80,16,50,222,1547,35,934,140,65,190,170,471,0,276,266,75,0,138,23,3250,13,3442,6692,10,380,128,0,0,7,248,13,0,410,78,1743,300,0,"Far West and Orana",861,292,631,10,267,904,186,8,1752,0,21,1027,6,719,105,80,6,309,0,347,0,4900,1365,9568,0,700,4248,569,4166,4666,319,108,3,12,145,3,868,33,18,9,0,215,519,910,874,2268,113,281,4601,11,170,24,42,9,10,23,5,378,60,2296,0,658,0,2302,0,668,281,345,4,15,1048,6,6,559,3224,57,1832,0,6,548,6,0,1286,619,0,89,36,87,42,808,3221,6443,120,256,203,809,1600,71,9,5,175,791,53,100,55,51,122,17,258,51,2303,55,5,1174,18,1125,1391,37,33,2738,328,"105",157,485,1344,17
935,286,15,8,12,653,10,3,43,10,31,5,7,4,142,77,18,64,158,5,5681,589,242,0,14,0,402,157,0,2016,272,2660,3665,116,5840,44,3177,381,65,20,98,257,787,28,516,298,150,699,447,1354,0,1312,1012,310,3,861,40,10165,27,10594,20766,12,1235,414,0,0,5,822,37,3,2174,148,1619,905,0,"Hunter Valley exc Newcastle",2030,706,1396,3,671,2066,649,11,4643,3,18,2606,3,2044,378,276,5,927,0,749,3,12098,2862,23628,3,1427,7034,1319,6951,11536,255,341,4,24,559,6,799,42,36,14,3,627,1554,2221,824,5084,307,728,14978,21,421,46,65,25,22,30,12,1014,40,7370,3,1707,12,7608,0,536,694,280,11,24,2179,16,21,1351,8296,72,5975,0,15,2129,12,5,3851,272,0,68,27,106,230,1995,8516,16810,358,644,302,2430,4674,105,12,3,141,2253,39,210,51,112,105,48,431,100,5260,124,9,2726,25,2536,1353,220,50,2567,1379,"106",909,2292,1216,32
3186,1714,21,14,15,1474,13,0,40,6,27,4,3,9,78,44,41,35,203,19,16005,1032,136,0,22,0,242,103,0,7560,512,2956,8451,305,5460,54,2508,817,81,34,136,342,308,13,150,256,148,1506,620,1774,3,4532,3253,1748,3,4331,48,11019,25,11518,22540,18,1702,595,3,0,6,1111,62,3,8866,112,960,1150,3,"Illawarra",1989,773,1927,7,1091,3020,832,7,5533,4,43,2784,3,2745,436,394,21,1243,3,807,6,12325,2946,24124,5,1276,5999,1219,5935,11791,139,557,4,41,990,7,487,29,79,33,8,589,1836,2877,480,5822,411,869,17708,34,464,72,56,44,28,26,12,1303,24,8781,23,1932,47,8929,6,291,630,151,22,19,2086,29,29,1863,9347,30,16427,7,8,7733,15,8,8695,156,4,36,20,54,446,2919,9497,18847,582,1054,540,2941,5612,171,14,3,86,2669,28,175,101,84,50,63,861,87,5960,316,11,3127,37,2831,656,432,56,1323,4660,"107",4426,9085,663,25
573,179,11,7,17,398,27,7,91,6,62,3,3,6,98,50,18,44,151,4,3051,240,266,0,6,0,430,170,0,940,382,2942,2107,134,5605,54,2662,511,72,19,57,213,861,36,506,290,150,442,284,945,0,614,638,198,3,290,42,6475,17,6775,13251,17,848,262,6,3,9,583,33,3,906,138,1412,654,0,"Mid North Coast",1504,453,997,10,421,1416,429,6,3445,0,18,2108,6,1334,244,179,13,549,0,511,0,8048,2388,15741,0,1167,5798,1045,5909,7686,284,157,3,20,222,9,729,36,35,13,6,415,970,1521,678,3911,215,506,10873,17,289,43,46,23,16,21,8,612,42,5425,5,1079,9,5449,3,522,468,244,3,16,1675,12,17,934,6222,66,3296,0,11,1014,15,0,2281,353,0,79,18,84,69,1335,6288,12514,168,400,440,1590,2958,73,10,4,163,1364,44,226,45,107,111,24,603,119,3538,163,6,1862,29,1672,1126,65,55,2200,670,"108",315,986,1073,25
406,131,10,4,4,271,0,0,15,0,15,0,3,3,22,15,8,10,38,4,2492,195,66,0,6,0,105,35,0,790,162,1379,1708,78,2573,16,1198,239,26,6,25,66,239,10,117,131,77,287,206,592,3,730,422,141,8,317,16,4234,5,4378,8609,5,553,199,0,0,0,357,10,3,1044,54,413,388,0,"Murray",938,333,600,3,268,868,256,0,2082,0,9,1154,0,926,139,112,4,397,0,341,0,4768,1229,9398,0,637,3857,607,3805,4638,55,117,0,5,196,0,211,16,6,4,0,237,639,976,204,2203,130,279,6581,6,155,14,17,6,4,4,0,414,13,3369,0,665,3,3211,0,129,254,76,3,3,980,7,6,582,3622,26,2565,0,4,815,4,0,1749,122,0,28,10,34,77,845,3468,7084,120,266,179,940,1852,20,3,0,35,911,9,94,10,46,27,10,262,47,1997,81,3,1025,11,970,308,75,25,660,740,"109",328,1064,348,8
956,380,17,11,13,577,21,4,91,8,68,4,0,4,156,86,33,66,177,14,5232,497,291,0,17,0,487,196,0,1974,181,2058,3262,109,4078,45,2013,289,62,16,88,260,1053,23,561,205,106,618,287,762,0,1348,1010,389,0,956,21,6066,6,6273,12342,19,676,255,0,0,5,422,26,0,2303,101,1831,480,0,"New England and North West",1245,414,1063,10,471,1539,283,4,2656,0,30,1547,4,1112,150,134,14,441,0,480,0,7845,1850,15417,0,944,6305,833,6464,7573,296,303,0,14,468,9,902,35,20,13,3,370,809,1315,924,3168,154,358,9374,21,198,39,46,17,12,25,10,528,42,4705,3,969,8,4671,3,649,443,355,7,15,1417,11,15,1016,5701,50,5517,0,3,2071,4,0,3451,493,0,72,27,78,181,1467,5663,11366,313,452,243,1414,2770,129,6,3,162,1355,61,160,84,87,103,48,375,77,3470,129,3,1790,20,1679,1469,174,46,2873,1431,"110",1006,2442,1400,28
3692,1724,33,8,13,1974,19,0,66,3,47,3,3,6,160,85,51,72,346,22,18694,1356,263,0,33,0,450,183,0,8299,522,4596,10392,337,8146,79,3547,861,125,45,228,574,441,27,229,254,147,2037,678,1898,0,4955,3813,1773,7,4288,33,12659,15,13342,26004,15,1793,632,0,0,0,1159,52,3,9246,107,1461,1224,0,"Newcastle and Lake Macquarie",2857,1128,2803,7,1737,4539,1010,8,6828,3,61,3612,0,3217,555,457,28,1264,0,1177,0,14577,3889,28358,0,1835,5891,1733,5649,13778,211,722,7,37,1302,12,727,59,68,29,8,775,2043,3414,733,7302,493,1098,19925,25,602,61,105,36,42,51,13,1357,47,9765,16,2206,28,10154,3,471,854,264,15,36,3006,25,28,2711,10583,56,19334,3,5,8559,10,4,10775,217,0,78,42,103,601,4398,10978,21560,758,1685,575,3305,6258,299,17,10,143,2950,50,179,179,91,95,122,933,87,6784,362,11,3591,24,3195,1091,579,51,2103,5150,"111",4425,9567,1011,29
1415,554,19,15,10,860,17,0,77,0,59,0,6,5,99,57,34,43,178,16,6082,516,218,0,19,3,355,141,3,2213,479,2988,3870,175,5475,60,2492,660,86,25,101,279,469,18,230,300,153,911,424,1204,3,1103,1511,601,7,777,34,8021,21,8558,16580,21,1111,389,3,3,3,722,45,4,1881,149,1128,778,0,"Richmond - Tweed",1831,588,1663,9,710,2375,522,9,4112,7,33,2481,0,1635,301,219,12,632,0,640,4,9511,2715,18380,0,1337,7961,1246,7991,8869,130,293,8,26,482,20,544,48,51,21,9,428,1051,1796,580,4508,249,582,13248,29,330,53,80,25,34,26,7,690,28,6745,0,1162,14,6506,4,297,471,160,7,19,1976,22,22,1598,7432,48,6417,0,9,2338,12,3,4075,235,0,51,33,73,196,2278,7153,14584,313,678,542,1739,3388,87,16,6,129,1645,49,209,50,100,77,33,742,109,3732,199,7,1938,33,1795,802,188,49,1506,1165,"112",818,1984,700,16
644,239,8,18,10,408,3,3,27,3,20,0,6,6,66,39,9,32,125,6,4149,361,153,0,10,0,229,75,0,1371,193,1815,2781,120,4196,38,2379,309,43,10,41,166,646,10,430,199,108,433,339,791,0,1210,688,254,4,589,27,5836,14,6166,12001,9,734,315,0,0,3,412,34,4,1794,91,856,445,0,"Riverina",1270,468,951,3,449,1403,348,3,2935,0,12,1571,4,1358,168,183,6,568,0,491,0,6930,1736,13537,0,881,4942,799,4714,6605,133,250,0,16,345,3,437,28,25,7,3,399,969,1447,424,3184,190,383,9206,20,189,39,35,22,15,15,4,614,19,4609,5,1048,11,4597,3,295,433,162,7,13,1378,17,16,912,5096,27,4339,3,5,1418,9,3,2919,219,0,32,18,40,102,1350,5102,10196,260,439,220,1354,2574,63,7,3,97,1222,21,133,49,70,75,21,339,65,2901,123,3,1531,21,1363,657,96,32,1342,1264,"113",612,1871,685,12
501,162,18,9,4,338,6,0,15,3,7,4,0,10,69,36,17,30,88,4,2762,241,94,0,13,3,176,80,3,945,160,2025,1814,71,4187,35,2165,236,50,9,35,128,434,12,277,158,79,357,233,759,0,549,533,172,0,325,10,4831,8,5137,9967,5,711,220,0,0,0,486,27,0,875,80,649,524,0,"Southern Highlands and Shoalhaven",944,305,805,4,389,1193,240,0,2208,0,22,1217,0,991,130,109,4,487,0,335,0,5675,1318,11114,0,677,3987,639,3923,5433,145,153,0,14,230,3,310,13,22,3,6,276,762,1079,338,2403,125,267,7978,18,145,31,26,17,11,6,5,525,19,4045,0,833,3,3928,0,279,306,135,3,5,1009,12,14,766,4461,26,2904,0,4,988,4,0,1919,155,0,28,12,43,80,1141,4286,8750,158,377,173,1214,2301,44,9,3,63,1085,27,120,28,47,36,20,254,69,2616,80,5,1381,26,1241,465,80,34,993,578,"114",343,919,526,10
1396,603,38,0,9,799,0,0,3,0,3,0,0,0,36,23,62,17,36,22,12354,1165,37,0,40,0,75,38,0,5739,363,1664,6621,154,2916,4,1249,512,16,10,29,62,40,0,20,118,69,804,584,1521,0,3880,1405,602,0,3509,17,10723,10,11411,22133,9,1502,580,3,0,0,921,29,0,7391,54,242,930,0,"Sydney - Baulkham Hills and Hawkesbury",1306,472,1362,4,1008,2371,571,3,3717,0,61,1851,0,1863,285,290,22,936,0,482,0,11627,1899,22534,0,851,3191,831,3192,10905,25,543,3,14,1152,6,119,3,30,20,5,353,1294,1905,121,3806,292,586,18345,18,294,27,4,8,0,11,4,963,7,8921,10,1339,15,9423,3,64,373,38,8,4,1334,18,7,1353,9096,9,12453,0,5,5785,6,0,6671,24,0,9,6,13,618,2355,9600,18693,546,996,368,2384,4557,39,7,0,25,2168,10,103,26,54,17,16,518,56,4631,152,4,2434,10,2201,150,613,15,286,3915,"115",3537,7445,128,4
2700,1216,47,26,3,1482,11,0,40,3,31,3,7,17,94,51,91,38,124,47,15437,1384,151,0,47,0,263,117,0,7104,864,3331,8334,485,7272,31,3943,1350,41,14,63,186,657,25,427,253,129,1513,1296,3116,0,4418,2740,1229,9,4028,39,15281,23,16423,31705,20,3025,1260,3,3,4,1766,81,4,8442,127,1047,1825,0,"Sydney - Blacktown",2440,869,1711,0,1208,2920,1220,6,6567,5,93,3587,0,2983,591,630,44,958,0,901,5,17336,3755,33465,3,1616,6331,1571,6435,16132,152,713,4,38,1349,7,520,28,63,34,4,517,1483,3115,520,6877,663,1284,23325,43,619,87,35,36,5,25,12,1020,29,11492,19,1589,31,11836,9,323,568,171,19,14,2518,46,35,1674,12098,43,15689,4,6,7199,13,13,8491,231,8,49,25,68,653,2863,12466,24567,732,1191,907,3195,6093,82,14,3,79,2902,35,195,57,108,44,22,1399,92,6455,495,8,3389,24,3071,787,632,42,1511,4486,"116",4066,8556,719,20
8715,4327,66,52,7,4389,5,0,31,0,20,0,20,30,33,20,109,12,151,49,37357,1385,81,0,67,0,135,55,0,16848,1486,2253,20515,1115,4486,41,2236,2598,75,34,129,283,176,9,83,91,45,4433,3387,7913,3,11810,8808,4373,3,8992,23,5281,15,5579,10859,9,7826,3346,0,0,5,4480,63,0,20800,37,301,4527,0,"Sydney - City and Inner South",2780,1242,3520,3,2939,6459,1601,4,7947,4,110,4289,3,3655,835,764,49,512,0,1268,0,5812,4381,11332,0,1577,16634,1538,13709,5520,39,777,17,57,1360,26,144,30,106,43,12,398,905,3723,161,8101,772,1626,7916,33,853,61,64,28,32,20,3,529,13,4002,21,937,56,3910,0,82,410,39,34,17,2843,33,26,3473,4199,19,37745,7,0,17017,0,4,20725,90,0,17,16,37,591,6373,4090,8282,796,2897,1514,1432,2750,122,12,5,56,1315,22,63,64,31,33,61,2637,30,2851,1124,7,1486,16,1366,193,586,21,390,11905,"117",9070,20978,202,6
4836,2445,50,18,4,2386,4,0,13,4,7,0,9,9,16,11,96,6,93,45,25065,1051,47,0,50,0,77,36,0,12005,485,1906,13063,314,4798,23,2890,799,32,5,76,173,325,4,269,129,69,2406,1205,2958,0,7527,4873,2470,3,7300,22,8308,11,8543,16846,7,2918,1192,3,3,3,1720,30,3,14823,56,222,1745,0,"Sydney - Eastern Suburbs",1856,792,2592,0,1726,4311,523,0,3850,0,97,2100,0,1751,291,237,47,392,0,802,0,8769,2155,17266,0,1084,9765,1066,10140,8499,20,532,10,30,1036,13,113,10,61,27,0,243,636,1793,110,3948,241,541,12342,16,299,34,30,16,16,14,9,406,12,6182,18,656,38,6160,8,53,253,34,21,5,1886,15,13,2559,6338,17,25297,0,3,12114,5,0,13182,49,0,10,5,23,509,4271,6320,12656,542,1714,499,2287,4363,102,3,0,32,2074,14,91,53,53,18,49,817,40,4442,319,5,2330,7,2109,160,501,24,288,7605,"118",7363,14971,131,11
8385,4405,100,48,17,3981,0,0,12,0,9,0,28,25,39,25,198,16,120,99,36544,2232,75,0,98,0,128,52,0,18102,1887,5837,18448,1138,11364,28,5529,3030,38,17,69,195,125,10,67,352,186,4007,2924,7199,6,10628,8435,4431,18,10373,68,21466,34,22752,44213,33,7126,2893,4,0,9,4232,110,9,21007,164,352,4278,3,"Sydney - Inner South West",3923,1585,2657,11,2151,4804,2194,13,11493,8,207,5990,5,5507,1064,1126,105,1599,0,1605,0,23180,6100,45055,0,2390,12285,2340,12299,21873,60,1107,16,68,2194,25,172,19,135,73,6,643,2234,5588,184,11693,1138,2229,35455,53,1086,110,26,63,9,22,4,1631,16,17485,52,2297,91,17970,10,94,658,40,46,16,3996,47,64,2626,17794,15,36877,5,11,18244,17,11,18638,58,4,23,9,28,1097,4761,18281,36075,1136,2129,1909,4698,8896,104,10,3,56,4200,18,266,63,140,36,43,3060,121,9045,1150,6,4766,24,4279,242,1087,53,489,10736,"119",10468,21197,241,26
5387,2664,67,11,7,2720,6,0,12,0,9,0,4,9,11,4,101,6,77,41,24054,1251,26,0,61,0,59,32,0,11367,809,1899,12681,569,3616,19,1712,1377,33,12,62,140,58,13,28,121,73,2754,1533,3585,3,6663,5442,2688,3,6149,18,9456,12,9681,19133,13,3558,1524,4,0,3,2036,25,3,12806,49,154,2056,3,"Sydney - Inner West",2007,800,2653,4,1900,4554,1016,5,5151,0,107,2766,0,2378,487,530,44,469,0,817,0,9860,2804,19481,0,1217,7862,1209,7813,9622,17,610,7,36,1242,18,73,19,76,40,11,255,720,2427,88,5227,543,1034,14329,16,493,32,33,15,14,10,0,479,4,7121,25,734,41,7203,0,36,263,23,20,3,2036,18,13,2627,7258,7,24265,0,4,11471,8,0,12798,28,0,19,9,18,635,4514,7322,14579,615,1886,821,2261,4351,60,12,5,16,2094,10,93,30,46,6,33,1395,51,4418,578,11,2292,13,2126,107,631,29,224,6711,"120",6197,12916,117,18
4100,1791,54,12,3,2307,0,0,4,0,3,0,4,10,11,9,94,3,51,47,25999,1724,20,0,53,0,31,18,0,11810,749,2351,14193,416,4209,17,1861,1157,29,8,33,79,33,0,15,133,78,2322,1208,3272,0,7289,4115,1798,4,6524,17,16696,6,17700,34394,10,3246,1194,0,0,4,2050,34,4,13821,51,178,2067,0,"Sydney - North Sydney and Hornsby",2872,1000,3727,0,2590,6313,768,9,5792,3,99,3365,3,2431,400,367,47,630,0,1009,0,17843,3396,34653,0,1879,8102,1867,8547,16810,17,842,3,33,1713,10,96,9,73,39,6,326,961,2450,82,5843,375,781,27599,24,408,37,10,9,0,6,4,640,3,13506,29,970,45,14092,0,37,331,22,16,0,2890,24,9,3700,13646,9,26153,0,0,11880,4,3,14278,20,0,7,3,12,877,6276,14253,27896,848,2575,754,4038,7771,40,12,3,15,3734,3,120,24,63,6,15,1168,54,7831,411,5,4064,12,3766,63,874,29,129,7328,"121",6569,13901,65,16
1492,622,28,8,9,874,0,0,4,3,0,4,3,9,12,3,48,5,44,17,10635,953,19,0,28,0,38,22,0,4715,373,2040,5917,247,3508,12,1472,619,23,10,25,70,33,4,12,144,65,884,733,1930,4,2830,1513,625,5,2511,26,11162,11,11774,22938,8,1909,725,0,0,8,1184,28,3,5344,78,168,1199,0,"Sydney - Northern Beaches",1856,723,1719,7,1110,2828,460,3,4166,0,48,2125,0,2038,228,236,17,818,0,733,0,11935,2156,23271,0,1150,5169,1136,5364,11330,28,480,3,23,949,3,86,8,45,18,0,379,1203,2068,80,4223,236,470,17145,16,229,26,12,12,3,7,0,826,4,8353,12,1217,25,8789,3,51,391,31,17,7,1886,13,15,1700,8471,9,10742,3,7,4758,7,3,5984,15,0,7,0,13,466,2797,8917,17387,487,1098,374,2734,5188,37,7,0,17,2457,10,76,21,42,8,19,629,36,5264,253,3,2774,12,2488,99,468,26,189,2867,"122",2539,5407,90,9
1627,681,36,4,6,951,11,0,33,0,29,0,0,5,86,50,50,39,176,22,9604,822,150,3,34,3,251,106,0,3991,433,2647,5617,217,4805,45,2157,649,70,19,74,246,313,20,137,235,118,988,587,1838,0,2849,1679,695,3,2194,27,11516,11,12159,23674,16,1768,565,0,0,0,1199,45,3,5045,113,1071,1251,0,"Sydney - Outer South West",1688,609,1389,7,765,2154,732,3,4787,0,58,2413,0,2375,376,352,22,1173,0,634,4,13094,2578,25445,4,1134,5282,1079,5513,12352,151,452,7,30,799,9,548,38,46,15,3,505,1675,2487,519,5066,374,787,17627,28,407,52,45,24,10,11,9,1224,34,8720,12,1772,22,8905,3,311,546,159,10,6,1770,26,25,1336,9325,46,9898,10,10,4081,8,5,5822,173,0,51,22,68,354,2081,9533,18861,470,745,460,2490,4813,118,3,3,78,2328,30,169,86,81,53,34,688,87,5161,228,4,2665,22,2495,817,345,38,1535,2944,"123",2243,5185,721,21
1825,761,30,9,13,1058,12,0,47,0,35,0,3,8,141,80,55,64,243,27,11145,1035,236,0,23,0,385,144,0,4540,553,2797,6602,257,5565,74,2769,802,92,14,95,336,630,18,324,220,103,1104,631,1941,3,2835,1886,787,6,2271,42,12492,22,12932,25423,21,1849,586,0,0,5,1268,53,0,5108,116,1285,1311,0,"Sydney - Outer West and Blue Mountains",2322,857,2171,10,1100,3270,796,9,6048,3,58,3155,4,2890,460,343,27,1410,0,900,0,13938,3415,27351,0,1559,6296,1460,6393,13413,188,599,7,33,990,11,676,38,66,34,3,661,2076,3058,603,6476,362,868,19192,28,504,50,54,24,13,38,12,1495,43,9546,14,2229,34,9654,8,400,732,209,15,26,2467,28,27,2083,10218,41,11544,3,8,4667,16,6,6882,307,3,62,40,76,409,3162,10411,20630,632,1084,592,2982,5703,155,17,3,129,2723,36,148,97,83,93,58,862,67,6153,267,9,3221,28,2936,907,396,53,1707,2947,"124",2350,5298,803,23
6668,3473,60,29,9,3197,10,0,12,0,7,0,16,18,28,12,118,16,76,57,27390,1738,55,0,57,0,100,42,0,13669,1546,4805,13725,985,11022,18,6218,2530,34,9,41,119,476,11,325,276,155,3225,2391,5625,8,7376,6711,3489,10,7428,54,17144,30,18146,35290,26,5571,2367,6,0,4,3206,94,6,14804,118,246,3233,4,"Sydney - Parramatta",3323,1345,2279,9,1840,4116,1667,9,9094,3,121,4803,7,4289,775,895,62,1012,6,1359,5,18463,4890,35910,4,2004,10343,1976,10041,17454,27,846,10,59,1727,26,135,18,97,37,11,463,1477,4361,106,9246,912,1706,26008,41,794,106,22,57,6,10,3,1035,16,12709,25,1518,54,13302,7,59,489,32,31,7,3362,42,52,2247,12892,11,27602,0,10,13751,16,3,13853,148,3,25,13,28,884,4072,13515,26408,858,1823,1555,3816,7331,54,15,9,34,3512,15,151,31,74,16,19,2553,77,7439,998,6,3873,24,3562,163,881,39,353,7433,"125",7472,14904,191,21
3479,1698,23,9,3,1777,0,0,0,0,0,0,3,8,3,3,50,5,34,28,16623,930,8,0,19,0,22,8,0,8031,537,1226,8590,363,2284,8,1062,895,13,5,30,63,15,0,5,69,33,1782,599,1526,3,4994,3496,1706,4,4838,16,6648,9,7034,13678,3,1513,595,7,3,3,921,26,0,9829,37,86,930,0,"Sydney - Ryde",1469,531,1331,0,1040,2367,595,6,3505,3,53,1964,3,1544,323,276,27,367,0,544,0,7112,1980,13832,0,947,2820,938,2837,6719,5,477,3,30,922,6,56,3,59,24,4,150,514,1565,35,3546,273,602,11294,11,328,26,6,8,3,0,0,373,0,5291,13,525,30,6002,0,13,153,3,19,0,1483,11,8,1322,5344,3,16749,4,4,8087,4,4,8663,5,3,3,0,3,449,2343,6086,11434,484,1024,539,1542,3040,45,7,3,11,1496,8,57,29,27,6,12,907,26,3061,363,5,1555,8,1508,43,443,9,87,5045,"126",4858,9900,45,0
2506,1115,48,28,17,1395,3,0,10,0,9,0,7,19,31,18,83,11,86,37,19001,1657,63,0,48,0,115,49,0,8314,1355,5029,10687,740,9644,16,4618,2098,23,9,37,127,176,5,88,324,167,1421,1753,4631,10,6817,2540,1114,14,5430,68,16893,36,17793,34684,34,4565,1730,3,3,3,2835,135,4,12250,159,531,2876,0,"Sydney - South West",2608,992,1579,15,986,2569,1784,9,8497,5,88,4439,3,4054,855,933,41,1321,3,1018,3,18344,4540,35724,4,1657,9161,1615,9002,17382,57,870,0,52,1624,14,265,13,84,33,6,557,1879,4141,270,8678,942,1816,30225,63,871,141,20,73,3,20,4,1357,15,14949,19,1930,53,15268,3,135,576,77,31,16,2671,61,73,1560,15331,20,19213,4,14,8394,19,12,10821,86,4,20,11,37,770,2535,15655,30989,887,975,1372,3176,6048,67,7,0,46,2869,18,229,45,122,29,28,2125,110,6241,750,5,3276,20,2960,384,759,49,717,6889,"127",5477,12373,332,31
1022,465,27,9,6,562,5,0,7,5,3,3,3,3,32,26,49,8,71,17,9360,849,24,0,27,0,72,48,0,3962,198,1381,5400,115,2474,19,1097,318,27,5,28,99,83,3,41,119,68,580,441,1234,0,2805,1050,471,0,2225,21,8931,15,9519,18450,5,1209,428,0,0,5,780,32,0,5026,48,258,791,0,"Sydney - Sutherland",1396,560,1555,3,906,2465,507,0,3704,0,48,1731,0,1970,294,207,21,1063,0,577,0,9772,1763,18907,0,850,3436,839,3415,9135,38,472,0,24,833,4,122,17,47,19,3,383,1450,2028,138,3790,211,513,14325,16,302,32,16,16,3,14,3,1101,3,7125,13,1496,21,7196,4,77,396,39,14,6,1428,16,15,1528,7312,10,9502,0,6,4011,10,8,5498,39,3,7,3,14,371,2431,7376,14680,480,897,203,2324,4342,44,11,0,24,2022,12,95,33,51,8,9,322,44,4448,121,7,2372,15,2070,175,361,20,336,2849,"128",2243,5089,154,8
1112,440,10,13,4,672,0,0,9,0,7,0,6,9,12,4,22,10,50,15,6122,397,31,0,13,0,50,21,0,2426,145,1789,3696,81,3719,12,1927,233,17,3,31,82,108,12,59,139,71,701,441,1090,0,1758,1149,452,0,1299,12,6078,10,6372,12456,9,1052,419,0,0,0,635,30,0,3060,66,232,649,0,"Ballarat",774,328,1034,4,529,1560,414,7,2004,5,25,1018,3,990,198,219,15,346,0,330,3,6630,1053,12965,0,456,4099,444,4348,6334,30,229,0,26,379,11,109,12,33,8,7,209,553,1014,123,2069,226,439,9489,15,212,34,20,23,10,8,3,352,9,4720,8,570,11,4773,0,68,219,39,11,3,785,15,23,1025,4887,10,6236,3,3,2462,4,7,3774,49,3,15,9,20,157,1541,4942,9827,241,520,152,1209,2400,36,7,5,12,1190,3,107,24,64,7,9,235,44,2496,87,6,1264,19,1226,179,152,31,362,1786,"201",1313,3104,187,12
780,276,13,3,7,502,0,0,0,0,0,0,0,0,13,8,20,3,38,6,4744,263,23,0,14,0,42,21,0,1676,252,1898,3068,133,4230,5,2333,386,10,5,26,56,149,4,98,189,94,514,341,931,0,1570,799,290,3,909,22,5734,13,6080,11814,6,900,326,0,0,3,569,20,0,2481,94,215,587,0,"Bendigo",808,299,829,6,395,1224,536,11,2347,7,22,1290,0,1059,291,242,8,371,0,307,0,6344,1319,12332,0,523,4418,512,4570,5991,29,164,0,16,253,0,107,9,22,7,0,226,602,1091,112,2414,253,555,9192,6,299,19,23,9,8,6,3,384,6,4541,8,620,15,4648,0,65,233,36,8,0,830,6,9,819,4720,18,4826,0,3,1705,3,3,3119,56,3,17,9,23,97,1204,4814,9530,161,389,257,1215,2278,24,9,0,11,1066,4,123,19,58,7,8,395,63,2374,133,4,1269,23,1104,174,90,37,339,1598,"202",918,2516,165,17
2163,988,33,24,11,1180,0,0,12,0,11,0,5,17,22,19,42,5,76,10,11813,755,36,0,29,3,69,33,0,5003,440,2818,6807,217,6095,28,3278,660,38,11,35,111,150,10,105,247,146,1202,861,2256,0,3521,2189,988,6,2872,37,10806,19,11286,22090,15,2201,840,3,3,5,1361,31,5,6395,101,330,1391,0,"Geelong",1703,721,1677,7,843,2523,1018,14,4622,6,44,2418,3,2209,546,472,17,785,0,732,3,11630,2473,22748,3,995,6492,979,6701,11118,48,433,0,31,739,4,157,18,51,15,4,436,1218,2260,175,4735,487,1051,17391,18,564,34,18,14,3,7,6,811,12,8474,10,1253,20,8913,0,79,438,35,15,4,1726,13,10,1646,8747,17,11972,3,9,5059,12,9,6909,48,5,20,11,26,314,2478,9165,17911,439,832,456,2378,4486,48,14,0,14,2103,5,189,30,89,11,15,672,96,4612,222,10,2436,23,2176,203,308,44,412,3560,"203",2898,6456,207,21
497,141,12,12,3,356,0,0,10,0,8,0,6,6,36,16,16,13,32,0,3006,224,53,0,11,0,88,37,0,911,262,2308,2094,131,4454,12,2145,387,16,3,9,42,136,12,79,196,104,370,479,1139,0,659,514,148,3,334,21,6232,13,6633,12861,13,1090,454,0,0,0,632,27,3,991,93,292,656,0,"Hume",1138,398,941,4,366,1312,629,7,3081,3,15,1643,0,1441,286,339,3,559,0,403,0,6939,1700,13511,0,750,5141,740,5124,6575,39,148,0,15,215,8,154,9,27,13,3,349,908,1489,137,3194,354,663,10344,13,304,29,10,11,3,8,3,584,12,5177,3,949,7,5170,4,69,368,36,4,3,1159,11,11,928,5399,21,3067,0,3,930,10,4,2140,60,0,28,14,34,73,1285,5413,10804,149,360,268,1296,2523,10,8,4,17,1225,4,168,10,89,11,0,399,86,2630,133,4,1348,23,1282,205,65,37,456,666,"204",341,1013,244,18
912,272,15,27,12,642,10,3,19,3,16,0,18,11,38,14,22,17,51,4,5053,386,70,0,15,0,110,44,0,1592,395,3509,3456,142,7245,14,3732,537,22,11,25,75,303,15,178,320,169,660,628,1710,0,1212,932,273,3,700,33,9805,15,10331,20136,18,1638,585,0,0,5,1054,33,3,1909,151,408,1085,0,"Latrobe - Gippsland",1473,504,1343,6,507,1848,746,9,3960,3,22,2247,3,1720,413,329,4,728,0,514,0,10806,2333,21103,0,994,8460,970,8662,10296,72,261,0,16,382,3,199,15,19,3,0,444,1173,1778,207,4110,343,783,15327,22,434,36,23,18,7,3,0,747,18,7738,4,1222,10,7589,3,141,474,71,4,0,1507,16,13,1324,8059,25,5146,3,4,1623,12,3,3520,128,0,30,26,51,122,1819,7904,15965,265,495,413,1866,3648,29,7,0,20,1778,4,234,17,116,11,11,561,119,3844,152,7,1972,34,1869,306,118,58,645,1233,"205",714,1947,336,20
16558,7770,105,49,19,8792,9,0,11,0,6,0,22,28,13,5,190,7,187,85,72854,2500,37,0,103,0,71,39,0,31930,2061,4101,40926,1628,7958,44,3851,3683,71,27,138,326,149,9,88,236,133,8850,3200,8179,8,23530,16683,7834,20,18253,52,13064,26,13393,26455,29,8102,3162,4,5,8,4937,78,7,41784,109,140,4977,3,"Melbourne - Inner",3769,1734,7143,10,4814,11961,2901,13,11542,8,197,6099,3,5444,1486,1415,90,636,0,1753,3,13596,6162,26852,0,2054,22892,2036,23145,13255,20,1429,24,135,2464,54,66,32,220,87,32,480,1112,5507,73,11670,1428,2941,19131,43,1505,76,75,33,44,13,7,645,19,9687,44,1129,112,9446,0,32,482,16,67,11,3806,44,34,7071,9840,17,73397,7,3,32152,3,15,41253,61,10,29,15,28,1049,11857,9608,19453,1447,4787,2076,3361,6556,163,37,5,21,3198,11,181,103,95,4,61,3717,84,6654,1643,29,3412,37,3246,78,1034,65,163,23700,"206",18360,42056,86,30
5835,2875,67,9,6,2957,4,0,5,0,3,0,7,5,0,0,106,0,41,38,32221,1579,12,0,71,0,20,15,0,15664,753,2528,16549,606,4567,7,2038,1361,14,4,32,70,29,9,24,141,70,2975,1422,3514,0,10175,5873,2889,0,10185,16,13467,11,14269,27736,6,3496,1413,0,0,0,2084,31,0,20359,68,69,2094,0,"Melbourne - Inner East",1730,768,2567,3,1811,4377,1427,3,5291,3,111,2524,0,2772,581,849,41,525,0,775,0,14375,2538,27935,0,962,6290,957,6622,13561,6,805,13,63,1566,17,43,10,130,66,12,211,738,2792,27,5328,860,1450,25470,17,584,34,15,15,6,3,0,526,6,12736,45,741,81,12727,0,13,216,6,37,0,1735,17,15,2543,12858,3,32419,4,0,15760,0,9,16655,13,8,12,7,9,769,4348,12845,25702,813,1804,759,3005,5798,42,17,4,3,2791,0,162,18,73,0,15,1366,85,5841,614,9,3031,17,2810,31,766,26,57,10229,"207",10247,20481,24,8
4495,2054,68,21,12,2437,0,0,3,0,3,0,12,6,14,10,104,6,52,38,26008,1389,18,0,60,3,26,12,3,11737,680,3029,14273,438,5362,15,2330,1115,22,10,27,72,43,0,13,196,87,2459,1237,3197,3,8215,4516,2062,3,7215,30,16685,16,17385,34064,15,3170,1218,3,0,3,1948,34,4,15426,103,79,1962,4,"Melbourne - Inner South",1910,812,2854,6,1779,4632,1348,10,5393,3,109,2664,8,2724,593,758,45,691,0,820,4,17536,2699,34385,3,1111,8265,1094,8603,16851,14,729,0,39,1381,7,48,11,75,36,8,291,979,2751,31,5451,770,1367,26212,13,597,38,17,23,3,9,0,703,6,12947,29,1000,54,13259,0,27,292,11,23,4,1927,9,22,2833,13062,6,26162,0,3,11796,6,0,14365,27,0,7,3,8,658,4607,13390,26447,733,1775,683,3883,7404,28,8,0,7,3514,3,161,19,80,6,16,1126,81,7471,438,4,3926,26,3549,64,657,41,127,8255,"208",7258,15512,66,14
6112,2961,58,27,13,3150,9,0,22,0,12,0,14,14,39,28,103,13,101,45,28160,1472,56,0,54,0,122,65,0,12762,1077,4874,15400,672,9110,22,4239,1751,30,11,42,150,163,20,86,447,236,3182,1909,4753,0,8511,6164,2979,11,7292,66,19449,31,20635,40079,38,4672,1877,5,0,6,2793,65,3,15805,210,355,2842,5,"Melbourne - North East",2793,1239,2915,9,1817,4739,2118,25,8596,11,104,4228,14,4370,1040,1081,46,1330,0,1252,0,21133,4318,41034,0,1575,10220,1557,10581,19901,55,792,9,65,1451,19,177,22,134,67,9,533,1866,4466,181,8783,1106,2176,29773,22,1070,68,38,43,14,11,3,1371,22,14551,37,1926,82,15221,10,109,552,59,40,7,2831,21,43,2889,14881,28,28438,3,9,12867,23,7,15570,79,3,39,17,46,666,4688,15540,30422,800,1800,1096,4382,8498,72,19,12,21,4120,11,292,54,140,12,19,1782,152,8685,689,9,4480,42,4207,265,662,80,504,8610,"209",7350,15962,242,38
3032,1471,51,34,8,1558,0,0,10,0,12,0,23,15,25,18,81,9,46,37,16204,1050,40,0,43,0,76,32,0,7335,808,4338,8874,556,8455,15,4112,1363,20,7,31,78,98,6,56,331,186,1567,1804,4415,0,4976,3054,1485,6,4341,59,14794,28,15756,30552,25,4348,1773,5,0,5,2570,70,4,9310,145,216,2610,7,"Melbourne - North West",1894,841,1726,3,1056,2786,1783,19,6488,4,90,3103,7,3383,784,997,37,944,4,851,9,16100,3170,31191,3,1064,8102,1053,8102,15090,33,594,5,60,1033,12,109,9,102,43,3,430,1375,3448,109,6616,1017,1826,23810,32,811,79,15,46,3,9,6,970,11,11841,31,1417,65,11973,5,59,445,28,32,3,1914,29,40,1707,12058,20,16388,0,9,7409,20,5,8975,42,3,24,17,35,447,2746,12202,24257,601,1045,825,3035,5789,32,14,0,18,2754,5,235,20,125,10,8,1385,109,5903,562,16,3096,32,2807,158,438,49,313,5031,"210",4378,9409,148,20
3212,1334,55,12,3,1875,4,0,3,3,0,0,5,5,15,8,85,8,73,29,21085,1510,37,0,53,0,64,29,0,9112,785,3913,11973,526,7176,16,3264,1312,23,10,36,106,125,10,53,295,157,1890,1563,4363,6,6298,3243,1346,3,5529,38,19515,29,20831,40350,14,4319,1554,3,0,0,2765,68,3,11823,136,363,2796,0,"Melbourne - Outer East",3088,1355,2936,0,1587,4523,1998,13,9082,13,84,4298,4,4781,1023,973,26,1889,3,1360,3,21205,4353,41071,0,1754,8285,1741,8646,19871,49,846,7,64,1494,14,157,11,104,41,10,726,2614,4834,207,9186,994,2041,33595,31,1049,75,16,42,6,7,3,1908,19,16543,28,2644,52,17060,0,79,732,33,25,4,3113,32,39,2898,16882,22,21296,7,14,9190,15,8,12107,71,4,23,5,30,653,4477,17367,34246,853,1572,785,4461,8575,59,21,4,20,4117,10,287,42,151,9,19,1319,133,8709,532,15,4519,27,4187,216,649,50,428,6366,"211",5573,11937,216,19
8382,4089,100,66,24,4295,3,0,16,0,10,0,26,37,35,19,184,10,70,88,44657,2292,44,0,96,0,92,46,0,21118,1914,7385,23537,1380,14429,18,7045,3296,27,13,42,112,155,11,72,453,224,4321,3597,9101,3,14609,8434,4111,13,13813,88,30656,44,32339,62998,42,8998,3551,4,3,8,5447,130,11,28418,230,368,5502,0,"Melbourne - South East",4713,1978,3303,16,2151,5457,4633,29,15717,14,191,7870,15,7846,2193,2441,89,1962,3,1996,3,32797,7955,63970,0,2756,15538,2727,15134,31176,51,1273,23,97,2270,43,187,10,195,102,20,976,2938,7940,174,15889,2469,4684,50032,52,2215,139,13,82,5,14,3,2004,12,24536,58,2997,117,25495,5,110,990,58,62,6,4754,52,80,3269,24879,17,44971,0,14,21260,19,14,23708,78,6,19,15,38,1008,5399,25888,50772,1280,2135,1932,6327,12106,59,23,10,24,5779,9,377,34,203,14,28,3323,170,12294,1388,14,6416,35,5874,229,996,77,515,14710,"212",13887,28595,284,40
7714,3649,109,81,14,4065,6,3,14,3,11,0,35,43,28,20,175,5,130,78,35789,2081,47,0,102,4,99,52,3,16640,1789,8170,19149,1163,17282,31,9112,2948,45,15,68,192,439,9,287,661,357,4115,3903,10211,20,10023,7792,3684,32,9489,90,30623,54,31906,62527,41,10056,3843,10,3,6,6215,128,14,19510,302,471,6304,3,"Melbourne - West",3935,1687,3852,7,2549,6400,3273,25,12566,11,190,6369,9,6201,1528,1745,79,1542,0,1708,3,32649,6454,63916,0,2270,16863,2246,16674,31271,67,1156,14,93,2056,29,231,38,179,87,17,746,2289,6304,240,12759,1766,3321,44353,59,1550,131,51,68,14,11,3,1575,13,22190,54,2338,113,22166,3,129,764,63,56,10,3977,60,64,3806,22660,43,36167,8,7,16791,18,15,19374,146,3,26,25,68,907,6339,22600,45256,1169,2529,1808,6398,12436,78,20,8,25,6036,12,433,50,209,16,30,3000,226,12670,1185,11,6518,54,6150,382,900,109,727,10130,"213",9575,19702,345,50
1153,367,25,17,8,782,3,0,9,0,4,0,10,7,15,7,37,5,45,13,7780,523,39,0,20,0,64,19,0,2850,449,2980,4933,247,5508,12,2523,696,23,5,24,68,109,3,63,239,123,802,798,2181,0,2307,1174,374,3,1606,37,11183,21,11611,22793,14,2125,778,0,0,3,1352,53,3,3922,116,282,1385,0,"Mornington Peninsula",1825,719,1512,4,668,2183,1010,11,5069,7,38,2611,7,2460,554,453,13,1009,3,729,3,11932,2667,23416,0,1123,6844,1107,7191,11483,34,323,3,25,520,7,159,10,44,19,3,472,1485,2507,123,5171,461,1037,17018,25,573,53,12,28,6,5,0,1037,13,8408,14,1516,30,8605,0,77,485,43,17,3,1849,25,22,1493,8635,20,7893,0,13,2889,12,0,4999,47,0,16,9,34,199,2147,8860,17491,322,655,463,2476,4692,24,11,5,18,2217,8,202,14,95,9,7,714,103,4817,251,7,2537,18,2276,195,199,47,382,2339,"214",1633,3971,187,26
368,100,12,10,6,266,0,0,11,0,10,0,9,4,25,11,13,7,37,3,2180,224,49,0,10,0,86,31,0,627,135,2059,1551,84,4628,9,2573,220,14,0,13,47,311,10,163,204,104,282,294,829,0,536,387,108,0,234,17,5199,10,5548,10748,4,774,268,4,0,3,504,27,0,773,102,425,532,4,"North West",784,321,609,3,220,828,331,4,1939,3,18,1010,0,931,166,162,3,339,0,331,0,5983,1065,11577,0,483,4973,467,4805,5592,55,150,0,6,219,3,215,12,13,4,0,233,576,971,214,2041,178,356,8879,9,183,25,17,14,3,3,0,358,14,4435,3,600,5,4448,4,139,248,82,0,3,818,10,14,595,4728,23,2246,0,3,644,8,0,1600,148,0,21,20,42,68,811,4736,9456,154,218,146,1070,2061,11,3,3,30,989,5,155,8,72,17,3,236,77,2244,86,0,1185,23,1058,336,68,36,631,544,"215",245,789,288,16
313,87,11,3,5,231,0,0,17,3,16,0,3,3,15,6,11,5,45,3,1935,187,46,0,11,0,79,29,0,587,212,1827,1350,98,3768,14,1943,309,13,0,9,54,231,11,133,160,75,239,317,856,0,491,330,90,0,273,20,4771,4,5152,9922,12,801,290,0,0,3,513,20,0,766,84,351,540,0,"Shepparton",790,256,500,8,182,680,356,5,2133,0,11,1225,3,913,222,134,3,410,0,264,3,5514,1284,10640,0,554,4085,529,4147,5126,56,135,0,11,176,0,168,8,18,3,0,244,662,944,180,2229,149,376,8100,18,231,24,18,9,3,3,0,424,12,3925,3,679,8,4173,0,117,251,58,3,8,819,15,10,485,4156,23,2005,0,3,602,4,0,1403,101,0,17,19,49,44,663,4373,8535,138,182,230,924,1757,16,0,0,26,832,5,84,13,33,20,4,324,49,1894,96,0,990,9,900,293,41,25,564,506,"216",280,791,272,15
340,110,4,13,3,230,0,0,13,0,10,0,12,5,18,14,9,8,18,4,2022,153,30,0,4,0,53,23,0,646,127,1641,1375,30,3159,7,1517,162,8,5,12,32,108,5,57,158,78,233,238,677,0,520,355,119,4,263,17,4503,9,4913,9413,8,640,220,0,0,3,423,27,3,789,77,214,436,0,"Warrnambool and South West",771,248,523,3,220,749,333,3,1843,3,9,1068,0,778,196,139,4,337,0,259,0,5145,1105,9865,0,533,3602,519,3558,4722,32,103,0,12,148,3,101,4,13,3,3,207,551,807,110,1908,149,349,7570,17,200,27,8,13,4,3,0,357,3,3773,4,568,10,3804,0,63,218,33,7,3,785,17,13,519,3945,12,2066,0,3,664,3,0,1404,47,0,5,13,16,46,738,3974,7918,105,222,141,896,1695,6,3,0,13,799,6,127,4,75,10,5,176,59,1784,35,0,946,12,839,160,46,26,296,537,"217",272,808,141,14
1022,365,21,3,6,663,5,0,19,0,10,0,0,3,23,10,28,13,131,8,7920,627,70,0,19,0,113,41,0,3171,303,1724,4749,132,3195,38,1473,441,51,16,65,190,146,11,70,146,70,694,546,1470,0,2326,1060,366,0,1840,12,9368,3,9734,19103,11,1405,518,0,0,3,888,21,0,4164,82,554,922,0,"Brisbane - East",1348,466,1415,3,738,2160,705,3,3315,3,27,1878,0,1438,367,338,8,482,0,481,0,10194,1957,20015,0,909,4057,881,3948,9821,43,364,0,22,605,3,268,34,34,16,0,317,800,1488,283,3443,351,740,14782,8,390,21,41,13,3,13,4,499,21,7097,6,830,20,7680,5,92,332,49,13,6,1388,8,13,1379,7437,38,8150,3,0,3251,7,9,4896,70,3,29,22,56,249,2101,7997,15438,373,727,319,1430,2659,87,9,3,39,1228,17,104,50,48,20,38,458,57,2769,144,4,1480,10,1285,396,238,14,766,2399,"301",1878,4274,373,9
2023,850,19,14,6,1173,7,0,13,0,11,0,7,6,16,6,36,6,126,18,10861,700,52,0,21,0,89,37,0,4538,424,1987,6322,268,3583,27,1595,687,46,23,89,207,168,8,72,110,66,1202,592,1576,0,2964,2073,872,0,2257,20,7462,5,7804,15269,16,1534,563,0,0,0,968,13,0,5221,46,443,989,0,"Brisbane - North",1396,518,1810,3,1148,2962,653,4,3396,0,33,1908,4,1487,332,326,18,372,0,526,0,8157,1972,15980,0,899,3792,877,3839,7823,44,394,6,28,679,3,227,27,42,20,0,275,640,1531,216,3505,331,686,11248,4,351,18,47,15,14,13,3,383,18,5483,8,667,24,5770,3,78,283,29,14,10,1426,7,12,1780,5742,13,11116,7,4,4643,4,11,6467,101,3,27,20,30,291,2904,6042,11780,408,1128,431,1279,2417,108,10,3,27,1145,9,91,56,44,20,49,706,41,2521,273,7,1324,15,1195,286,286,20,597,3036,"302",2313,5352,310,7
6727,3443,54,19,10,3279,8,0,20,0,11,0,4,14,24,16,97,11,178,38,30041,1504,65,0,55,0,103,42,0,14241,1205,2380,15798,808,4600,43,2217,2022,67,24,136,323,139,9,70,137,72,3325,1535,3528,3,8944,6816,3490,5,8137,25,12326,13,12912,25238,13,3454,1507,7,3,4,1951,54,3,17086,71,401,1991,3,"Brisbane - South",2143,827,2778,6,1970,4746,1656,10,6758,5,101,3704,0,3049,793,868,43,527,0,842,3,13237,3783,25921,0,1343,7075,1315,6838,12685,31,791,12,51,1479,19,212,39,94,42,4,355,880,3099,186,6881,874,1691,19252,31,813,55,71,24,30,19,12,545,20,9492,17,905,56,9761,0,70,366,35,34,10,2182,30,18,2727,9739,28,30456,4,0,14426,0,7,16030,70,0,29,25,50,702,4666,10069,19809,810,1935,1228,2090,4132,154,12,11,27,2044,8,157,85,93,21,73,2049,66,4236,817,3,2139,17,2097,253,686,29,545,9067,"303",8232,17295,286,13
3492,1696,36,10,3,1790,0,0,4,0,3,0,4,7,17,11,53,9,78,21,20303,926,22,0,36,0,42,20,0,9360,281,1201,10939,158,2097,13,892,433,20,11,77,151,53,4,20,99,49,1816,450,1148,0,6934,3527,1718,0,6024,9,7489,12,8183,15669,0,1131,440,0,0,3,686,7,0,12959,48,200,696,0,"Brisbane - West",954,371,1692,0,1227,2916,464,3,2260,4,55,1288,0,974,249,216,22,225,0,381,0,8346,1307,15990,0,585,2864,575,2763,7643,10,505,5,41,909,19,95,11,74,34,10,175,399,1002,104,2310,220,483,12178,4,261,7,24,6,12,15,9,240,8,5836,17,421,44,6341,0,22,184,13,26,0,964,4,6,1671,5981,9,20531,4,0,9466,0,5,11060,34,0,10,3,16,414,2891,6481,12456,512,1214,285,1304,2480,95,4,3,7,1178,3,78,48,43,4,45,442,37,2525,154,8,1324,8,1196,111,404,20,220,7011,"304",6090,13097,105,4
6400,3178,30,12,0,3224,5,0,17,0,9,0,6,6,9,5,60,3,185,27,28450,1634,36,0,27,0,80,42,0,12994,867,1320,15453,578,2534,36,1220,1447,58,24,118,304,81,14,42,83,43,3267,1492,3613,3,8307,6478,3213,7,6739,23,7193,5,7291,14480,13,3561,1467,4,0,0,2088,18,6,15048,39,182,2117,3,"Brisbane Inner City",1600,711,3048,0,2378,5422,932,7,4603,4,59,2491,4,2114,454,479,25,330,0,735,0,7412,2543,14727,0,901,9176,886,8434,7313,16,890,10,49,1599,18,89,38,94,43,7,276,608,2161,91,4710,499,975,11570,10,479,19,62,14,28,25,7,329,14,5663,19,618,44,5909,0,32,287,13,25,22,1629,6,14,3001,5798,21,28842,6,0,13152,0,9,15689,33,3,26,19,43,711,5349,6041,11840,921,2349,877,1299,2492,159,14,6,25,1197,24,81,87,39,7,64,1469,40,2542,587,5,1327,12,1213,77,701,20,160,8426,"305",6824,15247,83,4
1375,459,25,12,12,914,15,0,89,0,75,0,5,8,48,21,31,34,280,11,5969,451,218,0,19,0,325,103,0,2058,469,2145,3912,231,4196,102,2056,697,132,30,100,384,1576,27,734,283,132,997,612,1733,3,1200,1503,499,5,774,32,7927,8,8574,16494,19,1496,520,0,0,7,981,41,4,1974,147,2473,1121,0,"Cairns",1420,464,1616,7,703,2324,332,3,3124,0,34,1961,0,1167,175,159,9,292,0,509,0,10653,2198,20539,0,1032,9606,954,9249,9887,192,268,0,28,419,9,1246,81,43,11,7,343,632,1278,1227,3481,184,411,12533,25,226,44,114,20,37,30,7,313,43,6115,3,688,10,6412,3,381,379,191,6,24,1540,17,24,1506,7453,137,6394,0,3,2175,8,5,4221,838,3,70,91,227,153,2179,7754,15208,297,665,546,1061,2039,101,9,4,107,979,44,203,77,93,66,28,795,107,2458,251,7,1270,19,1187,1947,146,31,3764,1283,"306",802,2083,1814,15
253,69,12,6,3,187,8,0,18,0,14,0,3,3,30,9,14,18,66,0,1747,212,82,0,11,0,113,29,0,528,131,1521,1224,35,2895,20,1372,166,29,5,28,92,322,3,169,169,96,199,213,667,0,292,280,82,0,177,8,4843,3,5151,9997,9,609,195,0,0,0,412,13,0,469,72,718,455,0,"Darling Downs - Maranoa",719,223,614,3,232,844,169,3,1482,0,15,938,0,545,101,71,0,211,0,237,0,5889,1024,11387,0,543,4821,494,4314,5497,70,150,4,8,204,4,372,19,15,4,0,204,416,586,347,1606,80,187,7141,6,108,16,24,8,4,3,0,220,14,3424,0,447,7,3721,0,139,226,67,7,4,774,6,7,586,3809,33,1853,3,0,558,0,3,1295,155,0,18,20,52,57,807,4151,7959,152,219,142,617,1202,29,3,3,53,583,14,101,18,62,42,12,183,41,1358,40,0,693,8,667,646,58,16,1224,318,"307",191,509,581,4
848,285,19,9,5,563,3,0,29,0,26,0,3,5,62,25,18,39,161,8,5308,730,121,0,15,3,177,65,0,1801,174,2040,3514,86,4377,52,2336,256,73,22,67,230,801,9,503,282,153,605,499,1478,0,975,902,299,0,580,20,8826,6,9445,18274,10,1349,451,0,0,0,894,20,0,1554,132,1439,975,0,"Central Queensland",1478,435,1561,8,711,2278,269,0,2913,0,20,1807,0,1104,141,134,6,439,0,458,0,10601,1935,20546,0,1091,8440,1034,6895,9944,121,458,0,17,692,3,691,41,28,13,3,444,887,1175,751,3111,143,300,13257,10,153,25,53,14,10,27,5,468,17,6401,5,960,13,6857,4,227,486,103,5,23,1549,15,8,1505,7251,75,5574,3,0,1880,7,9,3696,298,3,25,44,123,249,2198,7633,14884,483,693,198,1112,2210,71,6,0,66,1097,20,184,44,88,46,28,282,100,2458,87,6,1230,12,1230,999,234,21,1990,1023,"308",617,1641,989,3
5244,2292,63,31,23,2956,15,3,46,3,35,0,9,20,55,27,113,30,303,51,25384,1628,142,0,64,0,251,111,0,10599,1444,5206,14786,725,9688,58,4481,2167,82,27,164,468,286,30,139,379,191,3038,1830,5022,3,7482,5377,2341,10,5926,70,21094,28,22073,43171,41,4894,1787,3,3,10,3106,76,8,13404,190,989,3192,3,"Gold Coast",3968,1456,3399,13,1742,5137,1789,19,10040,8,118,5845,12,4193,997,792,56,1180,0,1497,4,22993,6029,44988,0,2575,17626,2517,17819,21999,122,964,6,69,1579,24,501,69,113,40,10,860,2032,4329,486,10358,833,1871,33333,46,1040,86,116,41,44,37,11,1216,34,16315,27,2110,53,17017,6,222,888,101,31,26,4073,39,37,3327,16956,66,25964,9,12,10804,12,9,15159,146,0,66,31,98,632,5039,17666,34620,998,1710,1484,3833,7404,233,19,3,78,3567,38,302,147,152,40,85,2225,152,7690,742,17,3965,21,3729,728,619,64,1439,7664,"309",6034,13701,713,41
2111,803,24,27,14,1309,11,6,46,6,38,0,14,14,57,22,37,39,202,17,11064,844,173,0,21,0,255,81,0,4446,900,3648,6618,401,9284,48,5640,1297,70,22,83,291,1154,25,833,377,197,1371,1007,2775,3,2870,2186,822,10,2225,53,13825,24,14427,28251,21,2611,947,5,3,7,1666,41,5,5095,182,1530,1767,0,"Ipswich",2301,758,1978,9,1117,3094,1189,19,5945,14,43,3741,9,2213,677,516,15,520,0,786,3,15737,3935,30778,3,1605,8906,1548,8960,15041,111,502,3,35,813,3,800,59,56,22,0,590,1113,2323,736,6253,550,1274,20516,32,719,48,73,13,20,29,5,548,42,10013,13,1181,32,10503,4,246,637,142,21,19,2396,28,13,1918,10842,90,11410,3,0,4552,4,3,6852,322,0,65,50,139,323,3016,11411,22253,520,1090,941,2082,3993,118,16,3,77,1910,24,205,76,107,53,40,1360,94,4288,419,11,2256,34,2034,1117,311,48,2150,2959,"310",2275,5237,1036,16
1692,666,18,21,7,1029,9,0,48,0,31,0,8,14,57,28,32,31,175,10,8839,675,146,0,19,0,223,85,0,3507,898,3156,5332,421,6151,53,2996,1318,63,10,66,240,426,25,236,294,144,1073,879,2694,0,2478,1757,683,14,1822,39,13891,20,14619,28512,22,2558,837,4,0,3,1719,59,6,4297,156,1201,1812,0,"Logan - Beaudesert",2100,739,1477,5,759,2239,1273,6,5934,3,31,3565,4,2372,725,545,14,641,3,766,4,15615,3729,30583,3,1408,8215,1365,8256,14963,144,396,4,33,656,9,609,42,44,20,3,549,1188,2478,592,6200,575,1344,20900,33,771,63,57,30,12,12,4,675,41,10317,6,1252,22,10579,0,296,576,149,16,11,2169,30,26,1418,11014,68,9133,4,3,3589,4,4,5537,191,0,68,42,111,264,2172,11303,22319,407,751,941,2019,3964,105,12,0,56,1947,17,220,71,112,36,38,1371,104,4300,433,11,2190,22,2110,857,258,35,1777,2564,"311",1863,4425,921,11
538,129,11,10,10,413,3,0,18,0,17,0,4,4,48,24,11,30,99,4,3467,451,105,0,11,0,147,44,0,1106,132,1491,2361,80,3011,31,1516,213,42,9,33,134,337,5,154,186,87,439,316,1002,0,621,572,133,3,339,19,6590,5,7044,13635,13,937,292,0,0,0,644,18,0,963,100,884,685,0,"Mackay - Isaac - Whitsunday",1073,295,1067,4,508,1576,192,0,2047,0,12,1284,0,770,104,92,3,290,0,307,0,7821,1396,15206,0,834,8521,776,5836,7388,71,297,0,15,427,4,406,26,17,5,4,256,545,821,476,2214,100,216,9513,8,119,20,34,14,9,23,10,321,13,4640,0,606,7,4873,3,166,285,96,3,9,1139,5,9,1031,5193,42,3621,0,3,1145,8,3,2475,187,0,19,25,60,141,1529,5355,10547,310,500,152,928,1785,40,3,0,57,858,9,153,31,80,48,11,233,70,1973,84,4,1035,11,937,688,132,26,1387,651,"312",356,1007,702,11
989,286,13,14,7,704,7,0,43,0,30,0,4,4,45,16,15,32,145,9,5464,413,131,0,13,0,184,55,0,1906,513,3211,3552,163,6381,44,3170,679,55,11,51,196,549,15,385,238,122,749,666,1932,0,1539,1049,298,3,982,23,9148,9,9783,18928,13,1834,621,0,0,0,1208,33,4,2518,118,1013,1260,0,"Moreton Bay - North",1402,401,1107,3,497,1599,653,12,3516,4,15,2282,3,1232,395,253,9,396,0,418,0,10602,2426,20512,0,1041,5755,997,5890,9903,82,245,6,26,399,3,524,44,38,14,0,344,747,1303,495,3725,273,706,13936,22,431,39,55,14,7,11,3,416,33,6869,10,793,20,7074,0,176,373,97,15,4,1461,25,10,1050,7454,46,5696,0,0,1973,0,0,3722,166,0,42,37,87,153,1538,7683,15138,256,482,550,1237,2377,76,11,0,52,1144,11,182,53,86,38,25,727,96,2588,178,13,1351,18,1234,701,149,36,1342,1599,"313",1014,2619,637,15
1161,422,18,9,6,743,4,0,14,0,12,0,4,5,17,10,23,5,104,7,7694,577,49,0,19,0,74,27,0,3068,375,1306,4625,144,2484,18,1176,521,23,9,41,144,95,12,43,132,67,767,503,1480,0,2129,1204,435,0,1596,18,9467,4,10032,19504,8,1411,486,0,0,3,928,24,0,3727,69,455,975,0,"Moreton Bay - South",1371,466,1411,3,836,2241,587,3,3237,0,29,1915,3,1322,303,281,7,421,0,479,0,10452,1964,20316,0,922,3585,910,3426,9865,50,349,3,29,566,3,221,22,33,3,0,317,740,1359,240,3326,293,616,13503,12,319,21,35,10,18,7,0,435,14,6625,0,752,18,6881,0,102,322,51,12,7,1398,9,10,1388,6894,36,7867,3,4,3110,3,3,4753,46,0,25,15,50,215,2211,7157,14048,361,823,389,1526,2881,74,5,0,18,1357,6,83,56,55,9,20,538,36,3000,154,3,1584,4,1421,346,215,17,678,2200,"314",1612,3815,328,15
131,39,4,4,0,89,16,4,59,9,40,4,0,3,50,23,4,26,110,0,990,106,183,0,4,0,281,97,0,321,31,560,666,20,1448,49,893,54,60,16,33,139,2376,19,1506,77,41,121,151,403,0,94,167,49,0,52,4,1855,4,1975,3832,4,267,93,0,0,0,174,8,0,148,42,2019,255,0,"Queensland - Outback",383,118,459,0,228,682,68,0,664,0,4,413,0,247,38,29,0,74,0,153,0,4005,603,7867,0,349,3194,263,2737,3867,261,77,0,7,98,0,992,30,8,4,0,81,153,348,1028,943,46,110,2072,14,61,23,36,5,3,7,3,94,30,1023,0,208,3,1046,0,551,110,289,3,3,497,3,6,405,2077,77,1140,0,0,355,3,0,785,865,0,47,54,131,22,613,2061,4139,77,207,65,275,530,30,9,4,114,255,36,47,25,20,82,6,110,25,1091,44,4,561,5,527,1984,17,12,3961,120,"315",57,182,1975,9
2714,952,22,27,16,1755,7,0,24,0,13,0,12,15,36,25,42,19,217,17,12152,876,76,0,22,0,130,59,0,4408,574,3151,7747,266,5748,50,2596,838,72,19,83,303,198,13,90,256,136,1825,791,2361,0,3127,2803,980,7,2059,37,13219,11,14086,27302,23,2265,750,0,0,0,1511,29,8,5187,118,728,1574,0,"Sunshine Coast",2169,701,2382,9,1065,3449,676,5,4780,3,45,2916,7,1862,380,300,20,581,3,720,3,14749,3021,28644,0,1506,8589,1469,8396,13889,61,515,6,33,842,13,395,59,62,22,6,481,1061,1929,336,4946,316,716,21186,19,398,32,76,13,19,22,8,612,20,10484,16,1108,27,10706,0,130,502,74,13,14,2222,17,10,2320,10930,47,12509,5,5,4515,10,3,7991,110,0,32,28,70,338,3362,11191,22123,535,1046,596,1925,3646,128,13,4,41,1723,16,208,86,91,28,37,872,109,3805,275,9,2014,15,1794,531,329,26,1087,3235,"316",2111,5340,559,7
1347,657,4,7,3,689,0,4,11,4,9,0,5,4,33,17,15,19,126,9,6486,665,80,0,5,3,118,36,0,2678,302,1468,3801,119,2691,44,1224,422,64,23,64,190,222,13,101,123,54,723,451,1206,0,1491,1390,670,3,1057,20,6105,13,6169,12274,8,1129,431,0,0,0,701,20,3,2550,68,746,750,0,"Toowoomba",1028,374,1264,4,733,1994,385,7,2419,3,21,1481,0,940,230,148,14,286,0,382,0,6711,1574,13421,0,686,4056,658,4149,6707,59,404,3,24,649,3,363,26,40,16,3,282,570,986,386,2554,161,423,9795,15,258,18,43,9,12,17,4,307,26,4869,9,610,20,4925,0,116,305,54,7,18,1070,7,9,1217,5307,41,6711,0,11,2756,8,3,3949,120,0,40,19,67,247,1921,5329,10628,421,707,316,820,1610,64,10,0,36,793,7,88,37,39,29,27,438,49,1745,123,11,887,12,857,487,241,21,1024,1533,"317",1097,2635,531,10
1941,770,28,9,10,1166,12,5,52,9,45,4,4,5,47,25,35,30,315,12,10487,675,157,0,21,0,257,100,0,3966,421,1827,6521,157,3729,62,1906,581,104,43,150,464,1345,36,847,222,100,1262,553,1543,0,3232,2065,803,9,2032,30,8370,11,8558,16921,16,1343,470,0,0,3,879,26,3,5266,122,2015,986,0,"Townsville",1421,442,1773,7,957,2735,506,4,3257,0,39,1994,0,1259,242,258,11,383,0,464,0,10086,2175,19918,0,1041,7727,980,6564,9834,141,393,4,26,633,7,1050,83,49,23,8,343,731,1366,963,3536,299,574,13185,14,272,33,115,21,33,39,10,410,30,6413,11,787,24,6777,3,300,375,158,14,29,1505,13,16,1712,7429,109,11004,0,3,4135,12,5,6869,499,0,65,77,183,251,2623,7902,15328,419,911,469,1169,2243,208,10,3,75,1068,21,129,141,72,56,73,637,57,2563,170,5,1342,6,1221,1426,243,22,2768,3385,"318",2116,5496,1345,15
1083,313,12,18,7,765,6,0,38,3,33,3,10,11,54,21,15,31,156,0,4740,435,138,0,12,0,200,60,0,1403,413,3631,3337,177,7271,58,3641,590,69,14,45,204,781,18,499,300,158,820,689,1775,0,835,1150,330,3,448,24,9829,8,10562,20388,20,1615,603,0,0,0,1007,47,3,1281,146,1580,1091,0,"Wide Bay",1594,429,1522,7,514,2037,438,0,3510,0,15,2330,3,1183,260,175,0,384,3,441,3,11865,2491,22915,0,1222,9022,1166,8470,11050,121,269,0,18,407,9,822,48,26,8,8,462,843,1246,758,3738,196,486,15689,28,289,57,64,24,18,17,3,404,24,7643,3,902,4,8047,10,251,504,129,3,15,1659,26,24,1456,8497,72,4967,6,3,1453,11,6,3513,277,0,46,70,139,147,1960,8988,17491,289,501,447,1274,2419,45,4,3,64,1144,11,227,31,122,48,15,634,104,2701,185,6,1425,19,1278,1150,141,36,2224,870,"319",460,1333,1081,16
5010,2464,35,13,3,2548,7,0,12,0,3,0,9,3,14,5,73,6,81,40,24191,1116,32,0,37,0,54,25,0,11198,716,2227,12997,426,4358,22,2128,1139,43,18,61,146,122,3,76,206,111,2578,761,1925,0,7587,5070,2489,6,6648,17,11455,9,12000,23450,12,1892,748,0,3,0,1151,30,6,14235,88,197,1163,0,"Adelaide - Central and Hills",1991,748,2266,0,1558,3826,926,3,4879,0,79,2740,3,2136,445,480,44,471,0,758,3,12229,2782,23907,0,1254,5797,1241,5565,11678,23,590,13,56,1104,17,101,18,106,54,8,325,793,2170,98,4945,484,939,16593,21,457,31,38,12,16,5,3,483,6,8111,28,815,59,8478,3,43,334,24,28,4,2009,19,10,2235,8286,8,24439,6,3,11312,3,5,13129,47,0,12,6,12,520,3763,8639,16926,598,1531,720,1774,3459,54,22,11,17,1690,5,139,35,63,13,20,1154,79,3540,434,12,1816,18,1728,117,516,32,248,7647,"401",6696,14348,132,18
3551,1621,44,25,21,1928,10,3,41,3,26,0,10,13,58,30,57,31,141,15,16800,1104,133,0,45,0,209,75,0,7398,1389,4549,9400,833,9161,34,4613,2218,49,11,64,205,579,12,316,334,187,1974,1416,3715,10,4702,3623,1650,17,4078,64,18047,34,19018,37062,26,3597,1377,3,3,8,2224,71,3,8783,147,845,2292,3,"Adelaide - North",3771,1413,2146,9,1249,3399,1759,13,9468,7,63,5470,10,3999,897,862,16,854,7,1442,4,19951,5633,38848,0,2415,8214,2361,8030,18894,142,627,7,42,1079,16,416,36,78,43,10,790,1647,4105,427,9738,883,1811,23224,44,925,80,53,37,20,19,0,889,22,11336,14,1715,32,11888,4,303,824,162,21,17,3858,39,37,2098,11886,59,17084,0,9,7498,9,6,9586,270,6,39,28,91,456,3330,12436,24315,642,1233,1422,2648,5237,82,18,4,69,2593,22,245,54,125,46,32,2269,119,5588,848,8,2839,28,2749,747,446,46,1454,4768,"402",4122,8895,706,22
4129,1836,44,14,8,2293,3,0,15,0,10,0,5,13,25,10,65,19,139,26,18524,1068,66,0,45,0,116,50,0,7769,737,2904,10757,413,5280,29,2378,1150,45,13,74,216,196,17,100,219,108,2332,895,2325,0,5383,4195,1859,3,4064,25,14491,10,15150,29641,11,2252,873,0,0,0,1383,33,3,9441,115,460,1431,0,"Adelaide - South",2724,1077,2481,5,1411,3900,1012,5,6234,3,68,3449,3,2784,519,487,26,791,0,1095,0,15614,3527,30580,0,1678,6597,1654,6746,14967,63,588,5,45,1042,13,240,31,83,38,6,520,1310,2846,218,6377,516,1051,19601,19,541,38,49,19,22,15,6,805,17,9678,17,1342,44,9923,3,116,539,57,21,3,2770,15,21,2442,9988,39,18824,5,3,7883,9,9,10943,96,5,37,17,58,464,3841,10260,20251,601,1397,756,2152,4164,110,19,7,39,2010,18,195,69,98,23,39,1176,94,4314,420,12,2222,16,2091,361,450,32,714,5474,"403",4122,9597,358,23
2839,1302,36,23,11,1535,9,0,29,0,14,0,6,16,23,11,47,12,88,16,13245,743,53,0,32,0,109,49,0,5906,647,2375,7341,487,4343,32,1965,1133,37,8,54,140,168,12,76,155,81,1570,756,1792,3,3884,2893,1326,9,3317,32,7912,15,8305,16215,14,1732,729,3,0,4,997,40,4,7196,74,361,1035,3,"Adelaide - West",1811,701,1531,7,950,2478,882,7,4527,6,56,2477,3,2047,424,455,16,383,0,719,6,8693,2547,16967,0,1131,4357,1108,4390,8271,49,393,3,31,735,16,172,27,61,28,9,284,663,2114,197,4668,474,913,10767,19,440,42,39,20,16,8,6,398,14,5373,17,694,33,5396,0,81,294,33,15,8,1853,22,17,1496,5618,16,13441,0,0,5984,4,0,7456,94,0,29,19,38,343,2430,5619,11233,397,937,665,1228,2411,45,5,3,25,1178,11,103,26,52,13,23,1169,52,2510,503,3,1278,15,1238,299,340,25,591,3920,"404",3353,7276,288,12
254,74,7,3,9,177,0,0,5,0,8,0,0,4,12,8,8,6,22,0,1413,80,40,0,7,0,52,14,0,424,166,1373,986,44,2652,8,1279,212,7,0,3,22,135,4,84,140,72,185,145,479,0,384,262,76,0,189,13,4357,6,4699,9056,3,457,136,0,0,3,323,12,0,567,71,233,336,0,"Barossa - Yorke - Mid North",690,243,374,3,150,518,173,0,1505,0,8,897,0,606,99,73,0,239,3,249,3,4985,938,9635,0,457,2717,444,2592,4652,35,62,0,8,78,0,104,8,13,4,0,181,425,630,127,1568,81,189,5889,10,109,14,8,5,0,0,0,248,8,2868,0,438,5,3021,0,79,194,38,7,0,711,4,4,362,3031,13,1449,0,0,431,0,0,1019,57,0,10,5,17,27,505,3166,6197,62,142,170,648,1175,9,4,0,12,529,0,77,4,44,13,0,219,35,1262,45,0,689,3,575,210,25,18,432,397,"405",187,580,221,10
219,56,4,4,9,165,11,0,32,0,21,0,3,3,46,18,4,27,52,4,989,96,106,0,3,0,171,66,0,276,110,949,712,52,2342,21,1391,166,31,8,16,63,1182,14,680,103,43,176,114,361,0,150,229,56,3,49,11,3010,5,3253,6262,9,309,100,0,0,0,212,16,3,197,64,623,247,0,"South Australia - Outback",586,197,356,4,156,511,119,0,1149,0,8,716,0,432,78,41,4,128,0,222,0,3887,826,7523,0,427,2795,382,2456,3638,136,64,0,5,90,0,317,11,5,3,0,134,266,510,304,1337,59,149,3608,6,95,19,11,12,0,7,3,148,16,1805,0,312,0,1798,3,241,167,109,0,7,649,9,6,333,2155,34,1062,0,0,293,3,0,767,502,0,30,15,45,22,483,2142,4294,71,149,135,452,848,16,3,0,55,402,20,69,9,29,35,3,199,41,1107,66,3,563,5,540,593,23,10,1159,162,"406",54,215,565,9
436,133,11,11,10,303,7,0,20,0,16,0,5,5,22,9,12,16,46,3,2321,160,64,0,11,0,89,23,0,707,289,2478,1613,100,5583,20,3102,389,25,3,10,55,355,7,241,257,142,312,328,872,0,547,452,140,5,285,29,7065,14,7660,14727,16,827,303,0,0,3,526,28,5,832,111,440,550,0,"South Australia - South East",1139,372,686,5,226,914,329,0,2607,0,15,1587,0,1016,181,147,6,379,0,386,0,8234,1668,15779,0,797,4643,763,4455,7552,71,102,0,14,159,4,225,7,16,0,4,346,726,1051,214,2723,158,344,9362,15,191,27,12,19,9,7,0,391,11,4717,0,758,8,4645,6,152,363,80,6,4,1186,15,14,657,4990,17,2394,0,9,722,11,0,1676,117,0,14,20,38,58,882,4959,9952,106,223,302,904,1774,17,6,0,37,867,5,146,16,89,29,3,406,60,1958,106,9,1010,16,953,428,54,35,801,567,"407",292,852,373,15
573,147,9,6,6,426,0,0,8,0,3,0,3,5,25,22,10,5,47,0,2557,198,38,0,10,0,87,45,0,677,291,1921,1878,114,3825,18,1902,406,31,7,20,62,269,16,169,178,88,442,305,885,0,458,594,153,0,194,23,7288,10,7656,14946,10,846,285,0,0,0,562,28,3,649,93,488,581,0,"Bunbury",1149,330,870,3,290,1168,499,3,2852,3,9,1681,0,1170,280,219,0,496,0,340,0,8089,1729,15822,0,841,5636,817,5335,7731,51,145,3,5,198,3,238,15,13,3,4,281,774,1228,250,2956,232,523,11654,15,293,34,22,20,8,0,0,516,10,5754,0,807,0,5897,0,107,290,63,0,0,1178,12,19,847,6077,15,2634,0,6,699,4,0,1932,105,0,25,12,34,57,1129,6198,12267,145,285,293,1069,2026,7,5,0,26,952,7,124,7,63,16,3,409,65,2161,115,3,1145,13,1014,348,57,28,691,461,"501",193,657,346,14
420,104,0,3,0,314,0,0,11,0,6,0,0,3,13,7,4,5,30,3,2187,188,30,0,0,0,46,18,0,717,187,1052,1466,64,1945,6,892,250,5,0,14,43,92,10,50,62,36,323,190,647,0,605,434,105,4,386,9,3735,9,3835,7566,5,624,182,0,0,0,436,5,3,989,25,215,454,0,"Mandurah",475,165,439,0,156,600,369,0,1526,4,6,865,0,665,203,168,0,263,0,168,0,4045,899,7984,0,320,2777,308,2444,3933,19,117,3,14,180,7,110,5,16,5,3,165,426,689,113,1588,173,381,5604,6,207,10,9,3,0,3,0,274,10,2798,3,445,5,2805,0,54,167,32,3,3,487,4,4,431,2935,15,2244,0,3,736,7,0,1511,42,0,12,8,21,63,583,2932,5861,123,155,197,511,991,23,7,0,13,480,0,43,15,14,12,11,264,27,1052,67,7,547,4,503,177,63,7,354,617,"502",397,1017,176,7
3395,1762,29,8,5,1631,0,0,3,0,5,0,6,8,6,5,56,3,77,22,15166,759,10,0,29,0,23,16,0,7366,585,1151,7798,432,2202,12,1051,1014,16,7,59,143,51,9,30,66,30,1657,645,1680,5,4161,3429,1775,4,4019,15,5683,15,6016,11698,5,1665,640,0,0,3,1026,12,0,8182,36,149,1033,0,"Perth - Inner",995,388,1587,0,1227,2819,571,4,2897,3,56,1612,0,1282,276,289,22,168,0,397,0,6071,1620,11828,0,607,6091,604,5672,5753,8,404,6,35,748,8,53,15,59,29,4,138,305,1313,92,2935,302,585,9802,4,280,12,26,3,10,7,3,171,3,4932,20,311,39,4868,0,7,140,3,22,3,1007,4,3,1573,5061,8,15367,0,0,7457,0,3,7911,16,0,8,4,4,351,2792,4944,10007,403,1217,585,960,1812,93,6,4,7,855,4,51,46,23,0,46,1029,33,1838,441,3,969,3,864,28,347,13,64,4235,"503",4080,8312,36,7
1761,737,27,6,8,1026,9,0,20,3,11,0,3,3,27,20,51,11,78,27,9757,818,55,0,26,0,104,49,0,4103,575,2888,5653,416,6521,23,3636,995,23,8,39,118,1015,20,687,186,101,1041,796,2036,0,2596,1790,743,3,2078,31,9603,17,10446,20057,11,1975,771,3,3,3,1206,48,0,4674,87,659,1238,0,"Perth - North East",1747,636,1575,4,923,2496,1089,8,4883,3,58,2572,4,2307,486,599,30,622,0,645,3,11003,2642,21114,0,1129,6239,1112,5757,10114,65,455,0,25,801,3,336,12,39,14,3,370,999,2368,320,5012,623,1134,15425,27,514,57,19,27,9,14,3,645,16,7482,10,1028,19,7944,4,106,382,44,14,11,1776,22,26,1547,7871,28,9916,3,3,4157,5,8,5757,330,3,39,26,54,355,2470,8357,16219,463,919,588,1484,2894,61,3,0,21,1405,5,135,38,75,12,19,1019,63,3029,426,4,1546,14,1483,448,345,34,878,2652,"504",2105,4753,425,18
4593,1981,79,20,10,2610,8,0,19,3,6,0,8,6,29,12,113,8,114,41,25469,2005,49,0,79,0,106,52,0,11154,1324,5197,14315,857,9428,29,4227,2181,44,17,71,185,316,14,158,365,185,2661,1661,4307,8,7125,4672,2015,15,6208,60,22560,32,23649,46213,30,4236,1636,0,0,4,2599,98,8,13330,178,632,2643,0,"Perth - North West",3563,1432,3414,5,2103,5518,2360,24,10276,14,119,5292,8,4980,1137,1225,43,1411,3,1449,4,24304,5377,47467,0,2158,11928,2134,11102,23162,57,1132,11,59,1978,19,312,41,107,53,13,661,2065,5062,317,10442,1246,2416,35435,41,1163,102,56,62,18,13,7,1435,13,17377,28,2105,52,18054,3,116,675,58,28,10,3610,34,61,3370,17824,44,25770,10,11,11280,9,17,14490,155,7,26,15,55,857,5455,18479,36306,1147,2079,1336,3434,6612,67,22,9,32,3175,14,241,40,114,15,33,2215,124,6781,870,11,3520,32,3260,470,842,59,892,7193,"505",6265,13453,421,26
5989,2947,66,14,12,3042,9,3,39,4,31,3,5,6,50,31,109,21,156,43,27215,1684,117,0,67,0,201,76,0,12722,1572,4782,14490,1141,10034,30,5251,2714,50,15,86,243,841,25,564,255,131,3085,1916,4473,0,7631,6064,2977,3,7108,46,18663,16,19868,38529,28,4391,1876,0,0,6,2512,71,0,14738,122,1016,2563,0,"Perth - South East",3450,1357,2868,9,1914,4782,2690,9,10814,3,115,5637,8,5182,1231,1464,48,1182,4,1374,3,20667,5781,40146,0,2121,12619,2088,11244,19477,111,928,7,42,1655,12,495,39,86,44,8,717,1894,5275,519,11059,1491,2766,29395,35,1280,78,64,45,27,28,8,1214,46,14314,30,1956,56,15078,6,203,745,93,27,19,3496,32,37,2825,14929,35,27542,3,3,12848,9,6,14694,276,4,71,31,72,738,4717,15688,30619,947,1897,1604,2960,5760,101,13,3,31,2800,13,211,68,114,25,32,2758,98,6001,1155,9,3074,21,2925,669,725,36,1364,7731,"506",7173,14904,694,15
3593,1428,41,22,16,2165,6,3,27,3,24,0,9,13,35,22,66,12,127,22,18473,1330,86,0,45,0,152,65,0,7657,792,3880,10820,492,7742,30,3866,1278,52,18,85,212,673,19,513,262,137,2207,1045,2862,3,5218,3671,1457,8,4106,47,16713,28,17623,34342,18,2769,1004,0,0,6,1762,58,6,9327,124,690,1820,0,"Perth - South West",2379,902,2676,11,1565,4243,1666,12,6916,12,70,3619,4,3296,753,915,22,958,0,923,3,18281,3722,35610,3,1515,11133,1471,10053,17336,83,756,5,40,1310,14,353,40,66,26,4,579,1537,3389,333,7112,948,1718,25557,28,773,60,61,33,27,14,6,986,22,12757,16,1576,32,12796,3,157,591,75,14,9,2437,23,33,2638,13195,38,18753,8,5,7774,10,12,10982,164,4,43,31,70,562,4180,13267,26464,770,1547,818,2456,4887,88,10,0,43,2428,13,223,47,115,30,40,1313,109,5082,504,12,2550,12,2530,514,552,39,1008,5283,"507",4160,9443,493,26
235,65,3,11,6,170,4,0,14,3,11,0,4,8,12,5,4,8,30,3,1401,119,49,0,0,0,71,20,0,427,139,1427,973,59,3617,5,2189,202,8,0,12,43,578,4,394,161,86,186,264,653,0,245,258,69,0,143,15,4985,6,5091,10075,8,620,248,0,0,0,372,19,0,394,71,554,397,0,"Western Australia - Wheat Belt",900,261,489,3,177,662,336,0,1995,0,5,1183,0,807,148,189,3,289,0,267,0,5593,1236,11067,0,665,5204,640,4689,5473,65,78,0,10,116,8,289,13,13,3,8,241,530,841,263,2076,197,356,7007,11,161,17,14,5,0,4,3,305,9,3401,0,556,0,3606,0,136,252,68,0,3,932,12,6,475,3736,16,1452,0,6,444,10,0,1016,185,0,14,13,24,42,648,3958,7687,82,176,155,766,1401,14,3,0,25,639,5,124,6,57,19,7,220,62,1561,63,3,849,13,715,413,36,28,830,255,"509",149,409,415,11
193,60,4,6,3,126,8,4,27,11,12,3,0,5,67,37,11,32,92,3,1228,69,118,0,4,0,249,128,0,451,54,603,777,41,1388,39,782,93,44,5,33,122,2332,27,1325,90,57,151,161,451,0,71,226,76,0,28,11,2545,8,2664,5213,0,339,116,3,3,0,221,15,0,94,35,1812,282,0,"Western Australia - Outback (North)",860,353,567,0,360,927,69,0,1297,0,12,732,0,563,35,35,9,126,0,405,0,4202,855,8248,0,567,7088,506,4000,4043,209,49,0,7,65,0,917,22,15,6,0,131,249,700,895,1552,65,110,2470,18,48,25,34,8,8,4,0,167,11,1140,0,321,0,1328,0,436,162,229,0,7,975,11,7,524,2063,61,1365,0,3,490,5,4,873,1007,0,34,40,103,17,876,2276,4339,61,350,65,447,837,38,3,4,114,388,59,58,20,33,61,14,123,23,1286,57,0,688,8,598,1489,12,15,2946,94,"510",37,129,1461,6
305,128,3,3,4,177,3,0,13,0,15,0,3,3,41,13,5,26,49,3,1556,139,72,0,3,0,114,40,0,552,135,1177,1005,46,2384,20,1203,185,28,4,23,73,1407,17,764,130,64,189,179,501,0,188,325,137,0,149,12,4261,5,4367,8628,10,455,154,0,0,3,296,18,0,339,66,1092,322,0,"Western Australia - Outback (South)",914,268,560,5,250,812,284,0,1898,0,5,1208,0,689,169,116,3,244,0,283,0,5326,1292,10466,0,674,5738,647,4562,5145,117,96,0,4,131,0,537,11,5,3,0,256,502,740,557,2029,130,312,5986,7,176,20,20,10,9,5,3,262,10,2947,0,543,0,3035,0,270,276,156,0,4,952,12,8,537,3566,20,1641,0,3,580,6,0,1054,644,0,28,21,44,41,776,3618,7183,100,239,150,584,1156,18,4,4,37,571,7,107,14,45,24,9,198,54,1441,49,4,742,8,700,894,33,18,1712,202,"511",157,359,817,9
2525,1223,19,15,7,1298,4,3,25,4,18,0,9,7,56,35,31,20,139,16,10749,561,114,0,18,0,221,107,0,4688,441,2219,6058,279,4447,54,2230,718,67,14,88,225,416,45,233,255,124,1331,513,1344,0,2532,2580,1253,8,2245,67,8669,34,9192,17861,34,1269,481,0,0,5,787,37,3,4781,122,812,835,0,"Hobart",1534,605,1946,3,1000,2948,1130,32,4279,12,34,2282,21,2001,559,570,16,532,0,634,3,10039,2428,19542,0,952,4996,928,5100,9503,49,320,4,26,545,16,442,24,51,28,9,334,863,2136,372,4569,620,1254,12337,23,628,36,44,15,21,15,9,577,55,6058,10,935,18,6275,8,105,354,54,10,10,1589,18,14,1887,6499,40,11028,3,16,4801,21,3,6223,182,0,95,30,66,233,2867,6801,13303,333,980,467,794,1589,103,15,7,48,793,26,153,59,81,23,43,749,69,1705,279,5,858,5,848,723,227,18,1431,2596,"601",2306,4905,707,13
1018,497,10,12,6,528,10,0,20,0,15,0,4,0,33,16,20,15,80,9,4660,231,80,0,12,0,138,56,0,2003,301,1710,2661,196,3278,27,1571,499,35,12,57,135,224,26,117,155,83,543,297,735,0,1116,1054,507,3,1046,23,5303,11,5564,10873,15,687,271,0,0,3,418,25,0,2162,68,425,442,0,"Launceston and North East",955,329,892,3,380,1271,835,11,2884,5,20,1615,3,1275,412,423,9,313,0,340,0,6043,1705,11798,0,650,3877,622,3920,5755,26,143,0,10,221,0,206,17,16,6,0,264,577,1345,225,3048,459,900,7562,14,448,26,29,17,10,9,5,330,25,3721,3,610,10,3844,0,61,279,30,5,3,987,14,15,868,3991,21,4813,0,0,2064,4,0,2749,108,0,52,19,41,91,1237,4088,8082,144,371,323,535,1008,60,3,0,33,472,6,93,33,46,21,26,522,52,1088,203,5,579,9,505,396,81,20,773,1155,"602",1082,2235,384,6
115,38,3,3,3,78,3,0,4,0,3,0,3,0,11,7,3,3,26,3,555,23,29,0,3,0,73,42,0,185,39,477,375,18,970,8,493,56,8,4,9,36,125,23,65,57,31,88,81,208,0,89,129,38,0,66,6,1196,0,1297,2495,3,195,73,0,0,0,124,6,0,152,30,253,131,0,"South East",218,76,199,3,78,273,182,0,568,0,3,308,0,254,91,89,3,67,0,83,0,1520,347,2948,0,146,1138,142,1094,1421,15,10,0,4,18,4,132,6,7,0,4,42,107,298,119,640,116,228,1622,3,108,5,6,3,0,3,0,74,21,754,0,120,3,870,0,30,47,16,3,3,229,3,3,187,899,12,598,0,0,196,0,0,401,62,0,45,3,14,10,260,1014,1911,14,72,41,86,190,15,0,0,12,99,3,31,8,11,5,4,63,19,225,19,0,110,3,118,197,6,3,393,98,"603",68,168,200,3
317,101,8,7,3,214,14,0,40,0,24,0,5,3,59,37,7,25,93,0,1641,124,147,0,8,0,252,103,0,534,172,1608,1111,67,2973,37,1364,247,47,9,25,120,301,39,153,144,74,240,166,506,0,313,346,104,3,161,22,3887,3,4102,7989,14,440,137,0,0,0,301,16,3,475,73,761,342,0,"West and North West",671,263,544,3,242,783,709,4,2082,0,7,1139,5,948,378,328,0,274,0,283,0,4863,1298,9458,0,445,2657,405,2628,4600,44,77,0,8,115,0,396,24,8,3,0,178,451,1051,358,2354,370,810,5287,3,440,12,29,7,3,11,4,312,54,2623,0,513,3,2668,3,88,207,50,3,5,730,3,7,500,3032,37,1775,0,3,562,4,0,1216,151,0,99,25,60,37,734,3106,6137,86,232,204,333,614,40,4,0,54,281,16,87,32,37,34,11,286,49,719,82,7,386,8,326,693,33,9,1322,340,"604",171,514,635,8
1439,575,21,14,9,859,0,3,6,5,5,3,10,7,42,22,32,16,208,14,5964,552,69,0,21,0,144,69,0,2302,133,988,3663,97,2240,83,1260,232,105,24,91,300,1451,12,1027,132,75,912,409,1171,0,759,1514,601,0,663,16,4517,5,4834,9351,13,1061,366,0,0,0,698,26,0,1427,54,1277,764,0,"Darwin",1082,408,1804,8,889,2691,170,3,1906,0,32,1079,3,828,77,91,14,216,3,436,3,5769,1160,11171,0,724,7543,678,5628,5399,119,314,0,37,498,4,667,44,41,10,3,175,391,908,608,2067,104,193,6510,14,90,31,70,19,25,47,23,244,9,3240,4,435,18,3267,0,259,196,139,15,31,1161,14,15,1707,3912,67,6309,6,3,2404,4,7,3907,421,0,23,33,95,209,2573,3995,7912,347,864,138,873,1728,77,13,4,69,855,27,117,54,62,44,24,242,58,2009,103,12,1021,6,991,858,182,20,1683,824,"701",697,1521,820,14
223,78,5,6,10,146,23,3,72,6,53,0,0,0,32,16,9,15,139,3,1504,124,198,4,4,7,297,93,3,466,21,406,1040,19,962,83,560,33,108,22,63,195,5547,23,3016,75,34,179,197,460,0,91,276,97,0,26,8,1447,9,1530,2982,3,276,102,0,0,3,178,5,0,113,38,3467,262,0,"Northern Territory - Outback",412,141,807,3,361,1165,44,0,628,0,15,358,0,275,12,33,8,76,3,182,3,4710,562,9124,0,377,3776,264,3346,4416,542,80,0,4,108,0,1784,32,17,8,0,57,136,376,1687,941,52,86,1774,9,32,16,50,12,26,16,4,94,21,847,0,170,0,925,0,1079,77,535,0,7,559,0,4,717,2555,85,1715,0,3,533,3,3,1185,2535,3,43,95,174,36,1052,2736,5285,86,330,67,306,606,21,15,7,147,292,38,44,16,27,107,6,106,24,1691,39,4,851,7,845,3146,26,8,6073,102,"702",30,138,2923,4
6403,3334,51,22,19,3068,4,0,25,0,17,0,12,9,82,38,84,41,241,40,33698,1737,126,0,52,3,221,93,3,15769,756,2639,17930,581,5185,96,2544,1341,154,55,173,411,280,19,188,200,96,3121,1214,3163,0,8872,6496,3376,4,8045,35,15357,17,16349,31703,16,3086,1185,3,0,4,1897,42,3,16918,102,642,1948,0,"Australian Capital Territory",3507,1400,5091,13,3683,8774,1156,3,7897,4,93,4176,0,3723,580,575,43,1133,0,1438,6,16936,4319,32804,0,2157,8987,2102,8565,15869,85,952,11,65,1698,18,321,42,120,53,12,718,1853,3831,321,8156,597,1205,23412,24,606,51,73,29,32,41,20,1182,25,11522,30,1943,64,11888,0,181,760,104,29,21,3589,22,25,4979,11915,42,34230,4,7,15997,7,5,18230,90,3,42,19,56,765,8595,12269,24183,973,3609,777,2983,5682,143,31,12,72,2695,28,128,84,62,43,60,1370,65,5901,590,18,3113,24,2791,487,744,35,899,8992,"801",8132,17126,412,10
6,3,0,0,0,3,0,0,0,0,0,0,0,0,3,3,0,0,3,0,35,0,0,0,0,0,4,3,0,12,4,52,18,3,348,0,302,6,3,0,0,3,49,0,22,8,7,7,11,25,0,3,4,3,0,0,3,158,0,163,320,0,22,6,0,0,0,10,0,0,5,0,20,10,0,"Other Territories",15,9,11,0,8,25,0,0,29,0,0,13,0,14,0,0,0,6,0,9,0,177,14,344,0,8,218,11,176,163,3,0,0,0,0,0,7,0,0,0,0,0,4,19,8,36,0,0,222,0,0,0,0,0,0,0,0,8,0,113,0,10,0,105,0,5,0,3,0,0,17,0,0,16,130,0,33,0,0,13,0,0,22,27,0,0,0,0,0,21,118,247,0,9,4,36,66,0,0,0,0,30,0,9,0,3,0,0,6,7,79,3,0,44,0,31,12,0,0,21,4,"901",0,5,8,0
