_2012_estimated_resident_population, _2012_births, _2017_estimated_resident_population, _2015_total_fertility_rate, sa2_name16, _2015_births, _2013_estimated_resident_population, _2018_estimated_resident_population, _2017_total_fertility_rate, _2014_estimated_resident_population, _2017_births, _2019_estimated_resident_population, _2016_estimated_resident_population, _2019_total_fertility_rate, _2013_births, _2018_total_fertility_rate, _2015_estimated_resident_population, _2012_total_fertility_rate, _2013_total_fertility_rate, _2019_births, _2014_total_fertility_rate, _2014_births, _2018_births, sa2_code16, _2016_births, _2016_total_fertility_rate
19401,219,21742,1.02,"Prahran - Windsor",231,19977,22040,1.02,20481,251,22234,21275,0.93,256,0.97,20834,1.0,1.03,241,1.02,223,215,"206061136",243,0.99
7209,115,9826,1.18,"Collingwood",109,7427,10377,1.11,8022,124,10984,9235,1.05,110,1.07,8582,1.33,1.27,123,1.27,114,119,"206071141",111,1.13
5592,74,5982,2.35,"Hadfield",98,5648,6036,2.23,5726,90,6165,5911,2.34,91,2.29,5803,2.11,2.18,104,2.19,88,114,"210031440",89,2.27
13077,170,13306,1.69,"Sunbury",140,13088,13397,1.74,13129,122,13558,13238,1.68,130,1.74,13170,1.96,1.9,146,1.81,138,144,"210041240",151,1.79
25350,381,28452,1.86,"Sunbury - South",333,25685,29373,1.8,26191,355,30635,27686,1.79,353,1.78,26779,1.99,1.99,461,1.99,353,365,"210041241",388,1.86
10507,161,11479,1.25,"Fitzroy",138,10705,11726,1.19,10880,140,11903,11259,1.12,167,1.25,11056,1.35,1.34,113,1.35,141,161,"206071142",161,1.23
7528,119,8184,1.51,"Hughesdale",90,7648,8286,1.45,7748,102,8418,8038,1.4,95,1.45,7882,1.81,1.7,90,1.68,106,92,"208021180",99,1.5
8260,278,16847,2.4,"Point Cook - South",357,9987,18380,2.22,11679,390,19473,15147,1.92,309,2.1,13366,2.45,2.38,324,2.48,335,342,"213051466",378,2.29
10982,118,11318,1.79,"Blackburn South",107,11010,11399,1.71,11046,130,11498,11229,1.65,129,1.75,11101,1.88,1.9,100,1.83,131,120,"207031162",118,1.73
10164,109,10532,1.65,"Surrey Hills (East) - Mont Albert",100,10228,10607,1.46,10288,91,10674,10456,1.47,108,1.47,10356,1.65,1.7,103,1.75,114,96,"207031167",103,1.59
16216,141,16774,1.75,"Brighton East",110,16372,16883,1.61,16473,137,16955,16718,1.74,167,1.74,16585,1.7,1.8,125,1.88,170,129,"208011170",140,1.67
10696,154,11750,1.9,"Cheltenham - Highett (West)",145,10817,12142,1.9,11050,159,12353,11463,1.81,140,1.92,11226,2.11,2.02,149,1.96,155,171,"208011171",160,1.93
17838,208,18868,1.77,"Hampton",196,17999,19103,1.87,18165,219,19344,18611,1.67,191,1.74,18345,1.81,1.74,180,1.8,195,155,"208011172",200,1.79
24656,326,28220,1.13,"Brunswick",331,25384,29186,1.11,26155,361,29993,27435,1.02,332,1.08,26799,1.26,1.22,315,1.16,335,309,"206011105",331,1.11
9208,116,12560,0.89,"Brunswick East",122,9870,13301,0.98,10439,141,13765,11716,0.82,105,0.92,11062,1.03,0.96,130,0.94,112,126,"206011106",151,0.96
9954,135,10763,1.75,"Pascoe Vale South",119,10038,10969,1.78,10122,138,11081,10465,1.56,121,1.67,10251,1.98,1.93,126,1.84,122,109,"206011109",139,1.78
6802,67,13694,0.93,"Docklands",130,7988,14985,0.99,9170,154,15701,11832,0.94,97,0.97,10444,0.83,0.86,198,0.88,107,170,"206041118",145,0.97
5280,46,5661,0.69,"East Melbourne",33,5333,5743,0.74,5374,34,5918,5475,0.6,44,0.81,5411,0.88,0.86,33,0.84,42,44,"206041119",61,0.81
87,0,91,null,"Flemington Racecourse",0,88,91,null,89,0,91,91,null,0,null,90,null,null,0,null,0,0,"206041120",0,null
6400,59,6814,0.89,"South Yarra - West",64,6393,6924,1.0,6397,72,7010,6453,0.84,51,0.94,6405,0.89,0.89,44,0.88,58,65,"206041125",55,0.92
12890,180,14023,1.97,"Bentleigh East (South)",169,13003,14191,1.93,13228,185,14422,13767,1.61,161,1.77,13467,2.15,2.14,152,2.09,173,139,"208021427",188,1.96
22388,258,24092,1.68,"Bentleigh - McKinnon",249,22759,24509,1.64,23067,230,25048,23586,1.48,265,1.56,23295,1.8,1.8,221,1.72,222,224,"208021174",242,1.63
9216,102,9451,1.73,"Aspendale Gardens - Waterways",105,9281,9489,1.7,9358,61,9496,9427,1.42,96,1.59,9366,1.76,1.72,79,1.68,92,82,"208031183",106,1.87
9143,138,9915,1.49,"Murrumbeena",115,9283,9992,1.43,9458,119,10100,9809,1.3,122,1.39,9640,1.66,1.63,94,1.6,114,112,"208021181",114,1.43
28,0,60,null,"Braeside",0,36,60,null,44,0,60,60,null,0,null,52,null,null,0,null,0,0,"208031184",0,null
13746,137,22210,0.79,"Southbank",201,15964,24424,0.78,17355,190,26324,20288,0.67,147,0.73,18626,0.83,0.83,221,0.75,171,219,"206041126",202,0.81
5358,79,5586,1.83,"Chelsea Heights",61,5391,5596,1.91,5443,75,5621,5538,1.91,64,1.87,5485,1.96,1.93,82,1.99,79,58,"208031187",72,1.92
17367,256,19570,1.35,"Carnegie",238,17775,20137,1.43,18192,256,20562,19091,1.18,224,1.36,18645,1.59,1.5,223,1.44,237,228,"208021176",298,1.44
26540,434,28240,1.55,"Coburg",383,26843,28660,1.56,27127,412,29202,27802,1.39,359,1.48,27420,1.73,1.67,357,1.64,387,357,"206011108",391,1.57
13963,199,14763,1.24,"Brunswick West",196,14057,15169,1.28,14192,186,15543,14523,1.08,184,1.15,14344,1.36,1.3,172,1.25,157,156,"206011107",193,1.25
8706,118,9650,1.22,"Alphington - Fairfield",79,8827,9774,1.28,8944,111,10008,9434,1.22,105,1.27,9134,1.49,1.42,111,1.41,97,84,"206021110",119,1.25
13205,171,14283,1.27,"Ormond - Glen Huntly",159,13403,14525,1.26,13597,171,14727,14057,1.18,148,1.23,13742,1.38,1.33,156,1.35,158,162,"208021182",170,1.28
24419,353,26989,1.21,"Northcote",299,24982,27523,1.14,25551,291,27913,26424,1.05,315,1.11,25992,1.43,1.34,279,1.3,315,285,"206021111",300,1.19
0,0,3,null,"West Melbourne",0,0,3,null,0,0,3,3,null,0,null,0,null,null,0,null,0,0,"206041127",0,null
18484,316,19880,1.36,"Thornbury",237,18773,20144,1.33,18985,287,20381,19578,1.27,279,1.33,19254,1.62,1.52,251,1.5,272,254,"206021112",275,1.32
15964,235,17682,1.35,"Port Melbourne",252,16498,17842,1.45,16915,267,18049,17469,1.24,262,1.38,17254,1.36,1.39,197,1.34,222,200,"206051130",272,1.36
14309,238,15906,1.75,"Ascot Vale",229,14491,16256,1.76,14870,267,16508,15497,1.64,236,1.76,15219,1.84,1.83,243,1.79,252,254,"206031113",267,1.79
26169,256,29749,1.22,"Essendon - Aberfeldie",237,26631,30375,1.19,27304,289,30927,28946,1.09,254,1.16,28065,1.3,1.31,272,1.3,260,245,"206031114",287,1.21
9791,187,10858,1.46,"Flemington",161,10068,11194,1.43,10311,155,11345,10734,1.28,169,1.44,10531,1.57,1.58,131,1.57,148,168,"206031115",177,1.42
14436,213,15441,1.3,"Moonee Ponds",170,14666,15728,1.43,14820,198,16051,15158,1.33,172,1.32,14949,1.56,1.53,204,1.42,146,142,"206031116",186,1.33
15605,113,21835,0.77,"Carlton",113,16719,23261,0.9,17843,138,24692,20242,0.79,111,0.89,18983,1.0,0.96,105,0.84,100,108,"206041117",149,0.83
10487,185,11673,1.37,"Kensington (Vic.)",194,10762,11866,1.41,11030,184,12173,11530,1.15,182,1.31,11291,1.48,1.45,163,1.4,191,151,"206041121",214,1.45
24882,151,45327,0.52,"Melbourne",227,29650,49247,0.57,33626,236,51894,40181,0.51,152,0.6,37162,0.64,0.59,211,0.52,202,339,"206041122",264,0.58
9308,124,9783,1.4,"Armadale",124,9338,10306,1.35,9387,134,10501,9619,1.19,126,1.24,9485,1.27,1.31,101,1.39,116,104,"206061135",110,1.3
17412,221,23673,0.97,"North Melbourne",193,18636,25367,0.9,19644,191,26459,22106,0.82,179,0.88,20779,1.15,1.11,195,1.09,194,224,"206041123",201,0.96
6872,37,8283,0.94,"Parkville",53,7174,8447,1.0,7447,52,8756,7898,0.8,40,0.97,7682,0.87,0.84,39,0.84,47,61,"206041124",60,1.02
15142,205,16738,1.31,"Albert Park",191,15282,17208,1.39,15592,198,17806,16490,1.24,193,1.38,16053,1.46,1.42,164,1.36,181,192,"206051128",219,1.35
15807,232,16566,1.08,"Elwood",202,15910,16631,1.07,16063,194,16754,16382,1.08,248,1.12,16145,1.14,1.15,225,1.14,207,237,"206051129",240,1.07
17,0,25,null,"Port Melbourne Industrial",0,19,259,null,21,0,438,25,null,0,null,23,null,null,9,null,0,5,"206051131",0,null
10989,146,12761,1.3,"South Melbourne",183,11521,13169,1.39,11972,165,13509,12492,1.11,155,1.3,12253,1.24,1.25,127,1.24,150,161,"206051132",190,1.36
25233,265,28934,0.74,"St Kilda",219,26027,29886,0.82,26760,270,30447,28166,0.82,214,0.87,27349,0.84,0.8,276,0.82,240,285,"206051133",303,0.81
16755,250,17916,1.24,"St Kilda East",227,16912,18262,1.24,17139,254,18583,17613,1.12,231,1.22,17315,1.33,1.29,219,1.28,272,229,"206051134",254,1.28
17116,206,23657,0.83,"South Yarra - East",179,18062,24654,0.87,19382,252,25051,22350,0.82,173,0.87,20587,1.02,0.98,213,0.93,186,216,"206061137",231,0.85
13795,93,14126,0.94,"Toorak",89,13841,14187,0.98,13878,92,14271,14036,1.03,89,1.05,13939,1.03,1.01,97,0.99,92,106,"206061138",104,0.99
5544,70,9453,0.95,"Abbotsford",89,6539,9855,1.02,7411,112,10088,8770,0.93,61,0.99,8078,1.15,1.05,108,0.99,86,100,"206071139",112,1.02
8800,111,9127,1.13,"Carlton North - Princes Hill",103,8835,9180,1.11,8893,89,9207,9058,1.01,96,1.1,8964,1.22,1.14,76,1.17,97,100,"206071140",89,1.13
12312,172,13354,1.02,"Fitzroy North",134,12446,13615,0.95,12658,144,13929,13129,1.05,135,1.01,12901,1.23,1.16,143,1.14,141,160,"206071143",112,0.95
28874,393,33697,1.12,"Richmond (Vic.)",390,29816,34659,1.14,30936,413,35852,32686,1.02,383,1.1,31722,1.2,1.19,397,1.15,391,375,"206071144",463,1.16
8814,134,9733,1.18,"Yarra - North",96,9001,9882,1.33,9237,141,10290,9606,1.22,105,1.37,9449,1.41,1.32,102,1.35,112,118,"206071145",128,1.26
7912,112,8181,1.96,"Ashburton (Vic.)",78,7948,8250,1.78,7970,78,8298,8104,1.6,93,1.79,8018,2.17,2.13,73,2.17,97,85,"207011146",98,1.97
16319,118,16915,1.26,"Balwyn",122,16382,17071,1.28,16477,100,17144,16679,1.07,104,1.15,16573,1.32,1.28,107,1.25,103,101,"207011147",126,1.31
21144,175,22902,1.36,"Camberwell",177,21381,23021,1.46,21739,178,23164,22646,1.25,165,1.39,22179,1.45,1.41,163,1.39,160,155,"207011149",208,1.45
21005,171,21578,1.39,"Balwyn North",146,21155,21701,1.32,21245,126,21823,21440,1.23,130,1.25,21332,1.64,1.53,131,1.51,149,123,"207011148",135,1.41
25123,232,26774,1.35,"Kew",230,25460,26915,1.33,25957,229,27190,26504,1.25,237,1.3,26223,1.4,1.38,221,1.37,217,220,"207011153",236,1.33
16817,168,17423,1.6,"Glen Iris - East",153,16962,17552,1.58,17034,173,17713,17182,1.66,171,1.62,17075,1.76,1.77,155,1.65,158,164,"207011150",148,1.53
22356,238,25048,1.06,"Hawthorn",237,23046,25532,1.07,23629,254,26161,24548,0.97,243,1.02,24047,1.2,1.17,242,1.11,238,215,"207011151",267,1.06
14531,173,16625,1.25,"Hawthorn East",187,14732,16994,1.31,15066,183,17244,16192,1.12,166,1.21,15601,1.35,1.31,161,1.24,156,156,"207011152",199,1.29
6581,55,6909,1.54,"Kew East",65,6627,6916,1.53,6679,61,6977,6855,1.47,75,1.46,6742,1.65,1.66,61,1.43,50,59,"207011154",58,1.43
16695,131,17295,1.43,"Surrey Hills (West) - Canterbury",123,16792,17397,1.6,16864,132,17458,17126,1.36,124,1.56,16963,1.53,1.49,95,1.45,123,108,"207011155",155,1.55
11397,122,11652,1.54,"Bulleen",107,11434,11765,1.58,11468,122,11832,11565,1.56,115,1.59,11504,1.57,1.59,92,1.6,100,111,"207021156",97,1.47
19659,190,22718,1.44,"Doncaster",210,20097,23405,1.39,20505,201,24465,21885,1.24,192,1.32,21076,1.56,1.52,238,1.47,183,214,"207021157",229,1.45
17381,121,17738,1.37,"Templestowe",134,17427,17734,1.42,17469,142,17765,17682,1.34,138,1.43,17550,1.38,1.39,121,1.36,125,136,"207021159",149,1.37
13844,151,14402,1.6,"Templestowe Lower",137,13914,14451,1.76,14006,145,14484,14305,1.52,126,1.64,14155,1.79,1.71,136,1.67,142,104,"207021160",163,1.75
15020,120,15438,1.19,"Doncaster East (North)",98,15055,15571,1.36,15146,131,15749,15328,1.34,100,1.4,15242,1.59,1.39,115,1.31,105,110,"207021424",128,1.27
13558,161,14933,1.57,"Doncaster East (South)",160,13733,15139,1.53,14019,170,15798,14596,1.47,165,1.47,14302,1.6,1.69,175,1.61,158,152,"207021425",163,1.52
20920,232,22738,1.67,"Blackburn",237,21247,23055,1.49,21503,201,23394,22291,1.26,240,1.35,21850,1.79,1.77,208,1.69,236,187,"207031161",235,1.62
18697,228,21703,1.36,"Box Hill",191,19169,22627,1.27,19618,242,23320,20839,1.12,223,1.18,20170,1.51,1.5,217,1.48,223,174,"207031163",218,1.28
20930,310,22949,1.66,"Caulfield - North",249,21277,23273,1.71,21614,349,23523,22288,1.62,282,1.76,21956,1.85,1.8,287,1.81,295,308,"208021177",325,1.69
17239,239,18702,1.68,"Box Hill North",193,17543,18970,1.65,17940,225,19219,18466,1.51,197,1.63,18205,1.87,1.83,199,1.85,236,197,"207031164",231,1.72
11564,111,13646,1.35,"Burwood",101,11846,14198,1.3,12174,104,14652,12900,1.09,83,1.21,12493,1.34,1.33,101,1.42,113,98,"207031165",117,1.41
10636,103,10871,1.41,"Burwood East",104,10667,10976,1.37,10685,86,11086,10772,1.1,89,1.28,10713,1.44,1.41,66,1.42,102,85,"207031166",99,1.46
14411,166,15732,1.59,"Bentleigh East (North)",155,14648,16029,1.69,14930,169,16532,15482,1.5,159,1.63,15198,1.65,1.6,176,1.63,168,147,"208021426",201,1.7
13472,91,14458,1.57,"Beaumaris",88,13631,14606,1.54,13831,84,14772,14250,1.64,93,1.61,13995,1.81,1.69,81,1.6,90,96,"208011168",90,1.58
17430,209,18589,1.62,"Caulfield - South",205,17636,18765,1.65,17921,211,18926,18393,1.5,196,1.56,18156,1.71,1.68,197,1.64,195,181,"208021178",206,1.63
22651,201,24699,1.76,"Brighton (Vic.)",223,22989,24979,1.59,23467,205,25125,24353,1.44,212,1.51,23933,1.67,1.7,173,1.75,230,189,"208011169",201,1.69
11352,144,12304,1.55,"Elsternwick",161,11476,12499,1.74,11687,178,12671,12110,1.53,153,1.66,11825,1.57,1.56,152,1.5,130,156,"208021179",183,1.63
16098,130,17733,1.57,"Sandringham - Black Rock",142,16444,18032,1.66,16811,148,18313,17517,1.51,130,1.65,17184,1.73,1.63,134,1.58,136,148,"208011173",168,1.66
11676,136,12319,1.84,"Carrum - Patterson Lakes",125,11743,12550,1.8,11844,138,12660,12111,1.72,146,1.82,11953,1.91,1.94,137,1.9,141,140,"208031185",157,1.86
13680,208,15136,1.82,"Chelsea - Bonbeach",214,13914,15389,1.87,14091,212,15600,14833,1.68,221,1.83,14396,1.83,1.87,208,1.83,194,219,"208031186",257,1.88
21556,302,23921,1.69,"Cheltenham - Highett (East)",283,22048,24586,1.71,22533,319,25050,23449,1.59,265,1.64,22962,1.89,1.8,314,1.76,294,278,"208031188",306,1.72
12573,119,13872,1.47,"Mentone",127,12768,14006,1.57,13031,161,14185,13695,1.49,157,1.63,13332,1.48,1.52,147,1.47,124,157,"208031190",175,1.48
12645,165,13518,1.87,"Edithvale - Aspendale",164,12784,13756,1.78,12907,168,14025,13376,1.7,183,1.75,13152,1.92,1.96,169,1.9,164,165,"208031189",172,1.8
9948,103,10385,1.68,"Bundoora - East",130,9997,10461,1.92,10057,127,10553,10292,1.8,105,1.91,10136,1.62,1.64,116,1.58,110,129,"209011196",140,1.84
8487,125,9398,1.72,"Moorabbin - Heatherton",92,8607,9566,1.58,8763,96,9747,9253,1.57,127,1.62,8952,2.02,1.97,119,1.9,102,110,"208031191",121,1.66
0,0,0,null,"Moorabbin Airport",0,0,0,null,0,0,0,0,null,0,null,0,null,null,0,null,0,0,"208031192",0,null
21008,245,21484,1.67,"Greensborough",228,21072,21563,1.78,21140,239,21667,21348,1.58,253,1.79,21224,1.9,1.88,229,1.73,231,247,"209011197",309,1.79
9333,136,9613,1.77,"Watsonia",109,9371,9678,1.9,9412,137,9697,9542,1.94,130,2.1,9459,1.83,1.83,118,1.89,136,150,"209011204",152,1.88
19832,218,21287,1.74,"Mordialloc - Parkdale",253,20077,21579,1.75,20316,246,21957,20969,1.57,250,1.62,20560,1.68,1.69,218,1.63,226,205,"208031193",235,1.7
11106,126,12583,1.17,"Kingsbury",94,11349,13048,1.15,11516,111,13254,11965,0.93,86,1.03,11730,1.32,1.26,93,1.27,111,81,"209021205",99,1.21
26379,391,29034,1.85,"Reservoir - East",419,26842,29560,1.77,27285,459,30027,28420,1.66,441,1.75,27735,1.84,1.84,412,1.85,425,442,"209021207",448,1.79
24190,382,25599,1.81,"Reservoir - West",352,24453,25837,1.85,24676,397,26086,25246,1.82,319,1.9,24910,1.95,1.87,356,1.91,389,397,"209021208",391,1.89
0,0,0,null,"Essendon Airport",0,0,0,null,0,0,0,0,null,0,null,0,null,null,0,null,0,0,"210011227",0,null
20519,199,21443,1.21,"Malvern - Glen Iris",192,20729,21617,1.3,20898,228,21866,21148,1.24,191,1.28,21009,1.3,1.25,206,1.24,207,179,"208041194",223,1.27
12151,200,13152,1.61,"Preston - West",170,12269,13366,1.64,12427,183,13608,12867,1.43,163,1.57,12616,1.85,1.76,164,1.74,175,161,"209021429",196,1.67
21271,240,23021,1.47,"Malvern East",200,21540,23477,1.46,21868,225,23845,22575,1.31,210,1.46,22174,1.56,1.53,170,1.58,221,210,"208041195",222,1.48
23671,215,24111,1.61,"Eltham",194,23738,24206,1.76,23785,233,24282,24008,1.69,214,1.8,23849,1.82,1.73,199,1.65,209,210,"209031209",255,1.7
3645,55,3624,1.68,"Hurstbridge",40,3629,3625,1.94,3611,37,3624,3605,2.08,31,2.01,3603,2.24,2.01,41,1.89,37,38,"209031210",40,1.84
3752,49,4048,1.9,"Kinglake",34,3810,4122,2.06,3856,53,4156,3984,2.01,45,2.08,3922,1.97,2.03,43,2.11,44,38,"209031211",47,1.94
5242,32,5441,1.65,"Panton Hill - St Andrews",32,5269,5496,1.65,5300,35,5490,5409,1.49,35,1.72,5342,1.67,1.63,31,1.61,37,40,"209031212",46,1.76
9512,100,9882,1.4,"Plenty - Yarrambat",82,9580,9930,1.61,9666,94,9985,9794,1.65,79,1.69,9706,1.71,1.66,85,1.52,69,92,"209031213",91,1.47
6878,60,7044,1.82,"Research - North Warrandyte",51,6900,7054,1.77,6921,62,7055,7007,1.99,59,2.07,6954,2.23,2.05,46,1.94,71,71,"209031214",61,1.81
14498,196,15877,1.81,"Heidelberg - Rosanna",207,14804,16130,1.81,15047,207,16477,15532,1.64,213,1.76,15245,1.8,1.85,202,1.81,201,194,"209011198",225,1.82
6485,61,6532,1.62,"Bundoora - West",70,6473,6625,1.64,6450,87,6708,6456,1.59,75,1.66,6440,1.38,1.49,67,1.58,76,72,"209041217",72,1.59
21313,309,24421,2.06,"Lalor",353,22013,24761,2.13,22612,412,25073,23874,2.02,331,2.13,23290,1.95,1.98,358,2.05,357,385,"209041219",398,2.1
14121,292,15118,2.17,"Heidelberg West",243,14267,15349,2.12,14457,278,15764,14806,2.01,279,2.14,14634,2.41,2.42,254,2.34,251,268,"209011199",272,2.13
11655,134,12437,1.46,"Ivanhoe",127,11693,12679,1.46,11734,128,12927,11998,1.32,132,1.4,11851,1.48,1.55,129,1.52,120,122,"209011200",139,1.46
8057,81,8231,1.54,"Ivanhoe East - Eaglemont",64,8068,8253,1.47,8079,56,8295,8119,1.36,63,1.44,8088,1.73,1.69,47,1.66,57,67,"209011201",56,1.49
16182,192,16922,1.82,"Montmorency - Briar Hill",197,16222,16991,1.9,16299,228,17078,16792,1.84,202,1.88,16508,1.83,1.83,197,1.81,221,187,"209011202",223,1.87
18782,263,19117,1.92,"Viewbank - Yallambie",222,18820,19215,1.79,18882,222,19242,19018,1.68,254,1.75,18943,2.11,2.12,214,2.03,263,201,"209011203",237,1.88
19551,304,21864,1.54,"Preston - East",281,19777,22401,1.44,20127,279,22907,21192,1.19,313,1.34,20603,1.8,1.77,257,1.64,265,252,"209021428",309,1.48
13987,145,14447,1.76,"Wattle Glen - Diamond Creek",136,14058,14561,1.79,14150,181,14589,14351,1.82,167,1.86,14221,1.84,1.92,139,1.81,138,159,"209031215",144,1.65
12857,202,13909,1.85,"Epping - East",172,13087,14008,1.87,13272,216,14051,13738,1.76,211,1.86,13480,2.12,2.06,181,1.99,185,173,"209041431",203,1.8
8499,140,8763,1.91,"Epping - South",142,8533,8780,1.97,8557,132,8767,8690,1.69,133,1.84,8627,1.85,1.84,99,1.93,122,110,"209041432",142,1.93
6072,67,8229,1.65,"Bundoora - North",86,6564,8494,1.38,7065,88,8610,7959,1.21,87,1.36,7511,1.6,1.67,71,1.68,102,87,"209041216",96,1.56
7253,237,12278,2.27,"Epping - West",226,8359,12770,2.09,9351,273,13105,11484,1.95,225,2.11,10437,2.53,2.52,222,2.57,264,250,"209041433",277,2.23
8412,270,19617,2.37,"Mernda",337,10628,21488,2.31,12565,468,23359,17171,2.16,298,2.31,14699,2.38,2.52,480,2.61,329,476,"209041434",446,2.35
10880,235,13002,2.07,"South Morang (North)",206,11465,13232,1.99,11838,214,13438,12675,1.66,253,1.88,12240,2.06,2.18,154,2.18,203,171,"209041435",229,2.0
18841,203,18710,1.55,"Mill Park - North",191,18656,18747,1.62,18710,209,18708,18712,1.51,199,1.59,18653,1.51,1.55,193,1.58,199,188,"209041220",210,1.6
12723,183,12530,1.59,"Mill Park - South",147,12625,12485,1.55,12540,136,12404,12526,1.42,136,1.5,12510,1.7,1.65,140,1.72,164,142,"209041221",161,1.67
7301,103,8032,1.69,"Airport West",113,7390,8280,1.77,7521,127,8559,7903,1.72,91,1.73,7694,1.87,1.84,112,1.72,94,121,"210011226",99,1.66
21420,328,21533,1.68,"Thomastown",242,21430,21596,1.92,21432,320,21603,21485,1.86,274,1.98,21442,1.92,1.9,283,1.89,267,276,"209041223",345,1.81
13090,235,17466,2.07,"Wallan",221,14058,18445,2.11,14859,273,19654,16747,2.11,207,2.21,15686,2.39,2.32,332,2.3,247,317,"209041224",303,2.18
7762,86,8607,1.77,"Whittlesea",79,7920,8768,1.77,8049,89,8911,8436,1.76,87,1.84,8221,1.86,1.87,80,1.84,74,96,"209041225",84,1.72
13588,354,23390,2.53,"Doreen",415,15902,25171,2.41,17955,488,26712,21801,2.04,399,2.31,19641,2.41,2.53,439,2.62,464,467,"209041430",515,2.55
12061,185,12662,1.85,"South Morang (South)",177,12230,12698,1.87,12354,164,12716,12558,1.65,179,1.82,12452,2.05,1.91,132,1.85,168,162,"209041436",175,1.87
1827,50,11503,2.52,"Wollert",223,3387,13724,2.69,5149,342,16073,9493,2.4,98,2.6,7204,2.15,2.11,406,2.46,175,358,"209041437",319,2.71
8662,80,9052,1.62,"Keilor",85,8724,9065,1.72,8806,73,9113,8993,1.45,77,1.65,8886,1.66,1.65,60,1.61,72,77,"210011228",90,1.72
25636,286,27758,1.63,"Keilor East",249,25964,28106,1.68,26449,294,28673,27399,1.61,303,1.73,26960,1.71,1.78,294,1.73,260,293,"210011229",336,1.65
6594,64,7414,1.69,"Niddrie - Essendon West",82,6742,7604,1.79,6896,98,7748,7250,1.56,88,1.66,7069,1.61,1.72,76,1.59,71,68,"210011230",92,1.66
9424,72,10206,1.44,"Strathmore",66,9499,10372,1.41,9578,73,10474,9968,1.38,77,1.54,9729,1.49,1.51,67,1.49,79,92,"210011231",97,1.49
11783,142,13635,2.0,"Gisborne",156,12087,13963,2.21,12404,165,14211,13312,2.07,122,2.15,12850,2.08,2.06,160,2.01,151,155,"210021232",187,2.21
19510,325,21130,1.97,"Cranbourne",291,19926,21271,2.14,20250,349,21309,20888,2.05,284,2.16,20568,2.09,2.07,313,2.07,322,319,"212031300",354,2.1
10356,240,34130,2.35,"Cranbourne East",497,12532,41381,2.36,16034,821,49199,26754,2.23,311,2.32,21199,2.4,2.37,1155,2.37,372,935,"212031301",662,2.34
3354,24,3565,2.29,"Macedon",29,3394,3606,1.97,3443,35,3611,3525,2.24,37,2.15,3476,2.02,2.16,31,2.24,40,35,"210021233",34,2.16
3929,40,4240,1.53,"Riddells Creek",27,4008,4281,1.61,4066,34,4319,4174,1.64,43,1.87,4113,2.05,1.97,34,1.82,30,49,"210021234",47,1.55
8994,94,9866,2.0,"Romsey",89,9091,10042,2.2,9248,112,10288,9663,2.26,92,2.24,9389,1.9,1.85,130,1.98,102,102,"210021235",116,2.14
6969,115,8410,1.92,"Coburg North",123,7171,8668,2.03,7474,142,8866,8112,1.75,109,1.96,7789,1.97,1.93,134,1.98,128,130,"210031236",157,2.06
13316,221,14756,2.46,"Fawkner",249,13527,14968,2.47,13876,267,15280,14460,2.41,229,2.45,14185,2.31,2.39,247,2.46,235,255,"210031237",251,2.45
20983,379,23834,1.93,"Glenroy",329,21404,24515,2.09,21969,488,24986,23153,2.16,370,2.23,22479,2.16,2.2,455,2.13,357,485,"210031438",445,1.95
22091,321,25638,1.79,"Pascoe Vale",355,22609,26419,1.79,23257,432,26957,24829,1.7,331,1.8,23913,1.8,1.78,392,1.8,386,424,"210031239",411,1.83
2907,63,3091,1.76,"Gowanbrae",40,2928,3120,1.99,2956,47,3129,3042,2.17,45,2.03,2999,2.06,2.07,54,2.05,42,39,"210031439",52,1.84
12486,270,14225,2.59,"Broadmeadows",251,12759,14429,2.58,13136,288,14574,13916,2.38,234,2.62,13529,2.54,2.53,225,2.75,300,281,"210051242",289,2.7
15739,317,15829,2.18,"Meadow Heights",238,15752,15837,2.26,15764,305,15770,15779,2.24,288,2.31,15755,2.35,2.4,231,2.39,254,254,"210051247",257,2.09
165,0,194,null,"Melbourne Airport",0,173,194,null,179,0,194,194,null,0,null,187,null,null,0,null,0,3,"210051248",0,null
16760,292,17183,2.31,"Campbellfield - Coolaroo",294,16836,17221,2.52,16921,322,17205,17122,2.39,269,2.47,17013,2.34,2.35,243,2.31,258,270,"210051243",286,2.35
17829,212,18476,1.65,"Gladstone Park - Westmeadows",168,17894,18656,1.71,17997,221,18732,18353,1.79,195,1.82,18135,1.67,1.71,224,1.78,210,215,"210051245",221,1.71
13732,134,18210,1.54,"Greenvale - Bulla",164,13991,19380,1.78,14584,253,20176,17123,1.81,130,1.81,15629,1.52,1.55,298,1.57,139,251,"210051246",224,1.66
4692,57,4899,2.08,"Croydon South",86,4728,4916,2.08,4785,69,4950,4856,1.87,70,1.99,4824,1.89,1.95,60,1.83,75,79,"211031452",77,2.13
20576,364,23753,2.11,"Roxburgh Park - Somerton",339,21154,24433,2.07,21727,347,25060,23041,1.88,333,2.04,22332,2.07,2.12,308,2.17,364,362,"210051249",357,2.14
6550,99,6758,1.86,"Tullamarine",99,6576,6825,1.78,6636,115,6842,6698,1.67,99,1.64,6674,1.71,1.77,94,1.85,99,84,"210051250",85,1.72
8417,142,8833,2.07,"Craigieburn - Central",130,8524,8866,1.96,8610,130,8840,8749,1.93,155,2.0,8654,2.09,2.08,128,2.13,138,141,"210051441",145,2.02
9223,293,12716,2.33,"Craigieburn - North",228,10095,13154,2.16,10899,222,13337,12124,2.02,240,2.16,11518,2.85,2.94,196,2.68,244,239,"210051442",232,2.27
6073,180,16797,2.6,"Craigieburn - West",357,8135,18561,2.44,10244,442,20202,14882,2.15,267,2.35,12328,2.27,2.46,417,2.56,324,463,"210051444",428,2.54
1723,14,4836,1.22,"Mickleham - Yuroke",30,1863,7361,2.16,2209,154,11227,3580,3.01,15,2.66,2762,2.6,1.64,415,1.25,14,244,"210051445",77,1.49
11807,185,12732,1.75,"Bayswater",163,11995,12896,1.81,12219,178,13071,12584,1.54,177,1.75,12415,1.98,1.95,151,1.88,158,159,"211011251",209,1.79
13858,194,16298,1.68,"Knoxfield - Scoresby",178,14236,16765,1.69,14645,190,17194,15752,1.49,159,1.57,15140,1.86,1.82,191,1.81,170,171,"211011254",196,1.72
13477,212,18269,1.88,"Craigieburn - South",249,14422,19514,2.13,15261,380,20617,16999,2.01,229,2.17,16009,2.07,1.94,356,1.92,254,352,"210051443",344,2.02
6837,61,6950,1.58,"Lysterfield",54,6869,7013,1.43,6884,55,7023,6917,1.38,65,1.36,6898,1.88,1.8,47,1.65,57,46,"211011255",43,1.43
8352,117,8392,1.79,"Rowville - North",92,8351,8383,1.86,8347,94,8372,8352,1.69,85,1.81,8342,2.12,2.01,74,1.96,95,79,"211011257",92,1.87
11191,109,10988,1.67,"Rowville - South",124,11153,10963,1.75,11099,109,10966,11000,1.59,102,1.61,11044,1.65,1.58,103,1.57,101,96,"211011258",108,1.7
14326,141,14489,1.5,"Wantirna",129,14338,14592,1.54,14355,175,14643,14425,1.61,145,1.58,14376,1.54,1.55,152,1.56,156,138,"211011259",137,1.47
18175,145,18673,1.34,"Wantirna South",114,18243,18853,1.34,18326,167,18995,18580,1.28,149,1.35,18437,1.46,1.46,141,1.47,161,123,"211011260",160,1.34
15832,184,15913,1.56,"Rowville - Central",149,15837,15940,1.61,15839,183,15920,15864,1.55,188,1.67,15835,1.83,1.79,153,1.69,157,173,"211011256",190,1.54
21567,324,23248,1.79,"Boronia",288,21740,23449,1.84,22047,317,23734,22918,1.65,301,1.85,22430,1.88,1.86,292,1.91,307,307,"211011446",373,1.88
13939,205,14399,1.71,"Ferntree Gully (North)",169,14041,14517,1.85,14120,190,14642,14337,1.69,176,1.85,14214,1.89,1.87,172,1.85,174,174,"211011447",215,1.82
18619,194,18788,1.65,"Croydon Hills - Warranwood",162,18664,18839,1.69,18692,180,18847,18752,1.58,215,1.76,18697,1.82,1.86,153,1.77,155,184,"211031265",210,1.63
16882,287,18289,1.79,"Ringwood",250,17152,18488,1.78,17410,264,18861,17931,1.62,249,1.74,17654,2.04,1.97,260,1.93,267,253,"211031266",288,1.83
15148,192,15253,1.74,"Ferntree Gully (South) - Upper Ferntree Gully",189,15170,15336,1.86,15179,191,15478,15230,1.81,185,1.84,15192,1.86,1.83,202,1.77,164,192,"211011448",203,1.79
19818,280,21341,1.98,"Ringwood East",308,19976,21544,2.02,20300,283,21744,21031,1.8,289,1.91,20657,1.93,1.95,271,1.93,252,281,"211031267",311,1.99
9711,102,10062,1.73,"Ringwood North",84,9775,10099,1.67,9857,94,10076,9991,1.52,120,1.71,9910,1.84,1.88,87,1.86,96,94,"211031268",116,1.71
4417,55,4463,2.03,"The Basin",63,4418,4478,2.0,4419,62,4472,4441,1.83,61,1.78,4423,1.91,1.94,57,1.91,56,44,"211011449",54,1.96
16190,155,16806,1.46,"Donvale - Park Orchards",146,16282,16877,1.65,16399,143,16895,16715,1.51,121,1.56,16520,1.58,1.52,114,1.5,106,120,"211021261",128,1.5
10508,65,10645,1.46,"Warrandyte - Wonga Park",68,10524,10658,1.42,10538,68,10657,10613,1.47,71,1.45,10560,1.55,1.52,62,1.46,71,62,"211021262",63,1.44
14349,238,16059,1.98,"Croydon - East",259,14632,16367,1.95,15012,261,16543,15724,1.8,240,1.83,15363,1.83,1.94,257,1.98,237,239,"211031450",254,1.95
12062,133,14163,1.97,"Croydon - West",177,12475,14418,1.92,12891,191,14666,13805,1.8,148,1.85,13343,1.91,1.78,171,1.88,173,177,"211031451",175,1.95
11866,150,12351,1.78,"Bayswater North",173,11952,12470,1.84,12033,156,12517,12257,1.67,145,1.83,12126,1.68,1.67,142,1.72,160,180,"211031263",178,1.88
10483,141,11283,1.72,"Forest Hill",116,10636,11387,1.63,10772,127,11476,11074,1.5,124,1.68,10874,1.93,1.9,94,1.89,133,135,"211041269",132,1.71
15804,243,17162,1.73,"Mitcham (Vic.)",230,16205,17392,1.66,16482,251,17527,16859,1.52,224,1.57,16686,1.88,1.87,204,1.79,247,200,"211041270",223,1.69
10392,125,11041,1.69,"Vermont",125,10517,11176,1.81,10619,134,11310,10896,1.65,102,1.76,10750,1.79,1.75,91,1.71,121,119,"211041272",116,1.73
11946,83,12347,1.22,"Vermont South",68,12004,12388,1.36,12070,98,12388,12251,1.24,70,1.36,12143,1.35,1.34,72,1.34,76,73,"211041273",91,1.29
11576,190,12651,1.82,"Nunawading",169,11742,12839,1.76,11867,173,12925,12363,1.64,167,1.71,12089,1.95,1.93,150,1.9,169,169,"211041271",165,1.78
10416,130,10463,1.82,"Belgrave - Selby",103,10423,10452,1.76,10424,118,10414,10453,1.8,109,1.85,10429,1.91,1.8,111,1.95,148,113,"211051274",119,1.89
9497,115,10645,1.92,"Chirnside Park",126,9590,10987,1.99,9711,148,11383,10266,2.07,113,2.02,9941,1.71,1.82,159,1.93,101,155,"211051275",120,1.87
13370,167,14304,1.75,"Healesville - Yarra Glen",136,13597,14512,1.9,13754,154,14638,14106,1.83,138,1.96,13900,2.0,1.87,137,1.89,137,160,"211051276",158,1.84
8918,118,9580,1.83,"Kilsyth",123,9047,9656,1.9,9139,133,9833,9470,1.7,133,1.88,9280,1.97,2.05,120,1.86,103,132,"211051277",145,1.81
18668,237,19630,1.71,"Lilydale - Coldstream",218,18778,19780,1.73,18925,246,19860,19448,1.82,239,1.75,19212,1.89,1.94,245,1.77,181,243,"211051278",209,1.61
5774,58,5855,1.87,"Monbulk - Silvan",53,5788,5859,2.12,5791,60,5849,5827,2.02,67,2.23,5791,1.86,1.9,52,1.91,55,57,"211051279",75,2.03
6987,85,7131,1.83,"Montrose",71,7004,7154,1.76,7011,79,7138,7078,1.77,85,1.79,7031,2.01,2.08,83,1.99,74,82,"211051280",84,1.78
21525,286,23466,1.88,"Mooroolbark",324,21824,23724,1.95,22208,342,24057,23027,1.86,285,1.88,22604,1.89,1.92,347,1.86,291,317,"211051281",337,1.92
10062,118,10127,1.76,"Mount Dandenong - Olinda",79,10064,10137,1.65,10065,96,10197,10109,1.79,94,1.73,10066,1.98,1.84,91,1.98,112,86,"211051282",93,1.74
14397,354,20564,2.29,"Pakenham - North",387,15782,21640,2.29,16974,449,22657,19370,2.14,347,2.23,18074,2.4,2.38,450,2.4,374,428,"212011291",418,2.29
9695,109,10170,1.98,"Mount Evelyn",139,9768,10208,2.06,9839,126,10298,10081,1.93,132,2.02,9941,2.04,2.1,125,1.85,112,133,"211051283",144,2.01
14184,187,14140,1.7,"Endeavour Hills - South",166,14177,14092,1.92,14156,197,14044,14160,1.75,163,1.89,14139,1.8,1.77,148,1.78,164,155,"212021454",193,1.8
12994,318,16614,2.21,"Lynbrook - Lyndhurst",280,14042,17132,2.13,14794,294,17486,16067,1.92,326,2.11,15459,2.44,2.42,279,2.39,317,276,"212031306",356,2.24
7718,105,8092,1.92,"Pearcedale - Tooradin",96,7752,8155,1.96,7811,99,8176,8035,1.88,80,1.77,7896,2.05,1.94,109,2.0,95,75,"212031308",92,1.98
10045,131,10041,1.73,"Upwey - Tecoma",118,10026,10048,1.73,10017,96,10023,10040,1.7,105,1.69,10019,1.88,1.75,117,1.77,110,107,"211051284",114,1.8
7658,110,7959,1.92,"Wandin - Seville",87,7700,8055,1.96,7748,98,8067,7884,2.04,85,2.08,7798,2.17,2.13,102,2.13,92,112,"211051285",101,1.99
16409,206,16665,2.03,"Yarra Valley",161,16460,16751,2.1,16496,198,16836,16622,2.0,199,2.21,16537,2.13,2.17,173,2.19,197,198,"211051286",227,2.11
8931,109,15446,1.8,"Beaconsfield - Officer",151,9610,17576,2.04,10331,292,19859,13612,2.17,116,2.15,11784,1.82,1.78,394,1.85,147,316,"212011287",227,1.92
8514,88,9026,1.8,"Bunyip - Garfield",66,8610,9154,1.83,8700,89,9346,8928,2.07,82,1.98,8796,2.26,2.21,106,2.05,79,92,"212011288",88,1.79
18072,217,18722,1.93,"Emerald - Cockatoo",199,18144,18776,2.01,18241,194,18905,18580,1.92,199,1.95,18375,2.06,2.04,194,1.99,177,187,"212011289",209,1.97
6887,85,7965,1.8,"Koo Wee Rup",92,7042,8152,2.06,7204,107,8566,7666,2.04,78,2.07,7397,2.04,1.93,121,1.84,71,111,"212011290",104,1.9
23781,566,30959,2.35,"Pakenham - South",519,25571,32087,2.31,26800,563,33108,29580,2.09,530,2.27,28050,2.59,2.59,497,2.53,527,560,"212011292",590,2.34
23183,257,23999,1.59,"Berwick - North",208,23336,24040,1.69,23455,229,24176,23824,1.55,217,1.7,23614,1.7,1.65,209,1.71,234,217,"212021293",262,1.71
24316,443,27742,1.91,"Berwick - South",358,24806,28500,1.99,25336,399,29079,26874,1.72,386,1.92,25990,2.18,2.1,329,2.04,378,343,"212021294",414,1.98
10919,212,12067,2.25,"Doveton",191,11207,12210,2.4,11484,219,12274,11867,2.3,176,2.4,11665,2.37,2.33,177,2.37,188,202,"212021295",202,2.31
10757,169,11525,1.83,"Hallam",156,10885,11630,2.04,11017,179,11768,11335,1.99,140,2.1,11125,1.88,1.85,156,1.89,155,177,"212021297",179,1.97
7377,48,8357,1.5,"Narre Warren North",47,7524,8549,1.45,7712,65,8646,8183,1.5,56,1.56,7909,1.53,1.58,65,1.58,60,69,"212021299",64,1.51
12468,178,12483,1.75,"Endeavour Hills - North",146,12477,12515,1.82,12475,169,12500,12499,1.79,150,1.87,12477,1.83,1.82,135,1.88,158,160,"212021453",157,1.78
13705,191,14048,1.79,"Narre Warren - North East",152,13771,14169,1.88,13838,196,14195,13967,2.03,202,2.03,13890,1.93,1.93,180,1.91,159,195,"212021455",184,1.74
13495,227,14736,1.88,"Narre Warren - South West",222,13744,14889,2.1,14016,281,15009,14544,2.03,182,2.06,14230,2.16,2.04,217,1.96,213,220,"212021456",224,1.95
15944,360,22497,2.22,"Cranbourne North",381,16945,23885,2.24,18101,446,24904,20985,2.09,316,2.18,19505,2.33,2.29,435,2.34,363,432,"212031302",410,2.25
7357,109,9392,2.08,"Cranbourne South",123,7950,10255,2.06,8355,134,11972,9116,2.18,110,2.16,8703,2.29,2.18,228,2.17,124,181,"212031303",135,2.11
9933,248,17145,2.16,"Cranbourne West",289,11210,18604,2.4,12651,451,19755,15685,2.35,234,2.52,13995,2.47,2.4,408,2.37,269,456,"212031304",402,2.28
24973,439,27142,2.08,"Hampton Park - Lynbrook",393,25295,27470,2.15,25765,450,27656,26780,2.08,418,2.2,26239,2.18,2.19,407,2.19,402,447,"212031305",466,2.12
13296,175,13814,1.62,"Narre Warren South (East)",123,13476,13871,1.74,13561,152,13864,13713,1.62,146,1.78,13604,2.11,1.89,113,1.83,136,133,"212031457",154,1.68
16755,323,17718,1.92,"Narre Warren South (West)",270,16968,17825,2.14,17126,269,17860,17513,1.96,237,2.07,17321,2.2,2.16,238,2.03,245,237,"212031458",292,2.07
12218,134,12354,1.47,"Clarinda - Oakleigh South",102,12248,12361,1.56,12272,135,12340,12323,1.54,121,1.58,12290,1.58,1.55,120,1.61,124,107,"212041309",130,1.51
12569,212,13507,1.69,"Clayton South",213,12823,13827,1.76,13000,206,14288,13296,1.64,203,1.69,13141,2.07,1.89,210,1.73,179,192,"212041310",217,1.66
28577,604,33396,2.23,"Dandenong",559,29850,33934,2.28,30987,604,34295,32700,2.12,547,2.29,31909,2.49,2.45,539,2.36,551,603,"212041311",651,2.3
23056,308,23820,1.92,"Dandenong North",322,23178,23915,2.04,23302,314,23960,23684,1.89,294,2.02,23449,1.83,1.84,298,1.9,314,317,"212041312",364,2.05
10597,103,10642,1.53,"Dingley Village",90,10616,10687,1.59,10608,84,10753,10611,1.53,102,1.5,10603,1.76,1.71,94,1.61,70,68,"212041313",100,1.51
12116,230,13301,2.02,"Noble Park - East",233,12331,13501,2.11,12581,262,13620,13073,1.98,219,2.14,12801,2.01,2.03,221,2.06,248,260,"212041459",269,2.12
21808,316,28749,1.67,"Keysborough",295,23054,29856,1.72,24327,414,30889,27471,1.69,318,1.75,25758,1.83,1.84,428,1.84,310,383,"212041314",396,1.67
7754,111,7906,1.79,"Noble Park North",102,7763,7928,1.93,7783,102,7936,7871,1.86,76,1.86,7826,1.89,1.8,96,1.86,107,90,"212041316",101,1.94
20940,330,23256,1.84,"Springvale",323,21132,23642,1.88,21505,342,23915,22761,1.69,319,1.8,22188,1.9,1.91,315,1.89,313,295,"212041317",364,1.88
12764,218,13321,1.88,"Springvale South",174,12844,13372,1.81,12964,161,13408,13227,1.56,193,1.76,13065,1.98,2.01,148,2.03,195,159,"212041318",216,1.93
18101,308,19769,1.95,"Noble Park - West",283,18350,19992,1.97,18686,345,20178,19435,1.82,292,1.94,19065,2.08,2.09,271,2.07,294,286,"212041460",313,1.93
17522,255,19872,1.57,"Ashwood - Chadstone",232,18002,20204,1.58,18437,298,20606,19308,1.49,221,1.56,18835,1.82,1.72,246,1.68,267,241,"212051319",255,1.58
19686,241,25484,1.37,"Clayton",260,20645,26785,1.24,21471,230,27555,23672,1.0,237,1.1,22510,1.45,1.33,188,1.37,277,196,"212051320",244,1.35
21689,162,22293,1.13,"Glen Waverley - East",144,21813,22404,1.32,21922,173,22472,22153,1.2,131,1.28,22020,1.31,1.26,144,1.2,138,124,"212051321",171,1.23
19453,167,20442,1.21,"Glen Waverley - West",158,19644,20687,1.25,19799,171,20964,20151,1.13,163,1.19,19951,1.34,1.32,138,1.25,141,140,"212051322",162,1.19
15699,114,16219,1.24,"Mount Waverley - North",125,15759,16334,1.34,15822,117,16452,16053,1.17,107,1.26,15903,1.32,1.31,116,1.22,98,113,"212051323",132,1.31
18145,191,19637,1.53,"Mount Waverley - South",170,18407,20009,1.48,18698,182,20239,19291,1.28,185,1.44,18940,1.61,1.61,159,1.65,194,162,"212051324",206,1.55
18977,279,20663,1.69,"Mulgrave",245,19466,20900,1.62,19874,245,21035,20462,1.48,264,1.56,20181,1.92,1.9,206,1.8,226,229,"212051325",244,1.6
21448,296,23152,1.63,"Oakleigh - Huntingdale",271,21662,23589,1.6,21929,268,24068,22617,1.36,284,1.57,22225,1.68,1.66,243,1.7,301,275,"212051326",331,1.7
20165,170,20976,1.4,"Wheelers Hill",146,20209,21014,1.27,20450,144,21038,20880,1.17,138,1.18,20727,1.51,1.5,121,1.53,154,114,"212051327",126,1.32
7520,141,8342,2.08,"Ardeer - Albion",148,7668,8458,2.01,7773,137,8530,8202,1.87,136,1.94,7937,2.04,2.03,129,2.1,139,143,"213011328",137,2.06
9550,172,10421,1.8,"Cairnlea",134,9698,10569,1.8,9857,145,10643,10206,1.64,132,1.78,10040,1.9,1.89,101,1.93,154,132,"213011329",136,1.83
14130,169,13937,1.63,"Keilor Downs",147,14070,13910,1.76,14014,179,13834,13943,1.72,158,1.84,13960,1.7,1.69,120,1.7,149,168,"213011332",159,1.65
24271,601,28218,2.27,"Deer Park - Derrimut",535,25344,28711,2.18,26157,514,28920,27536,1.92,559,2.1,26746,2.43,2.42,419,2.39,550,485,"213011330",559,2.25
8777,110,8843,1.63,"Delahey",90,8792,8831,1.61,8807,105,8816,8841,1.62,109,1.64,8815,1.63,1.67,114,1.74,115,94,"213011331",114,1.66
14306,188,14586,1.84,"Kings Park (Vic.)",210,14316,14645,1.92,14336,185,14691,14447,1.91,194,1.93,14373,1.82,1.82,192,1.77,174,208,"213011333",208,1.89
19887,312,21437,1.96,"St Albans - North",322,20037,21686,2.12,20220,385,21795,21064,2.01,308,2.11,20490,2.06,2.03,321,1.98,298,335,"213011334",363,2.02
13786,254,15024,2.41,"Altona North",250,14003,15196,2.4,14271,274,15425,14787,2.23,259,2.39,14519,2.56,2.57,250,2.52,228,273,"213021343",272,2.35
17179,272,18336,1.89,"St Albans - South",247,17310,18487,1.96,17503,291,18554,18025,1.89,248,1.96,17725,2.01,2.01,234,1.96,265,249,"213011335",268,1.92
11302,194,12331,1.94,"Sunshine North",171,11489,12487,2.0,11693,184,12533,12123,1.89,179,1.98,11890,2.05,2.09,172,2.08,156,170,"213011337",189,1.93
9392,184,10411,1.95,"Sunshine",172,9618,10539,2.07,9843,173,10641,10241,1.74,151,1.92,10083,2.18,2.11,154,2.03,155,146,"213011336",197,2.05
12158,182,12702,1.65,"Sydenham",146,12254,12768,1.63,12335,167,12799,12585,1.63,188,1.71,12432,1.81,1.84,148,1.75,163,172,"213011339",174,1.61
17880,284,19896,1.96,"Sunshine West",284,18196,20123,1.97,18596,279,20267,19533,1.79,258,1.88,19013,1.98,2.0,282,2.03,264,271,"213011338",311,2.0
18764,144,18421,1.3,"Taylors Lakes",119,18657,18401,1.38,18532,136,18323,18455,1.38,119,1.47,18474,1.31,1.3,127,1.37,146,149,"213011340",151,1.4
12361,150,13443,1.79,"Altona",161,12544,13713,1.76,12757,151,14002,13206,1.67,147,1.73,12979,1.85,1.8,189,1.81,176,164,"213021341",194,1.9
19573,269,20313,1.75,"Altona Meadows",266,19617,20409,1.8,19690,260,20454,20106,1.62,231,1.75,19818,1.88,1.79,256,1.76,274,260,"213021342",300,1.87
17106,341,18836,1.81,"Newport",292,17399,19180,2.04,17756,357,19563,18523,1.94,291,2.04,18134,2.13,2.04,306,1.94,274,306,"213021344",338,1.89
5232,59,5464,1.74,"Seabrook",67,5265,5517,1.64,5305,54,5542,5408,1.57,76,1.6,5352,1.73,1.77,79,1.7,63,66,"213021345",81,1.75
15470,179,16636,1.59,"Williamstown",138,15578,16932,1.7,15781,141,17270,16389,1.38,168,1.66,16006,1.86,1.85,113,1.71,132,133,"213021346",192,1.66
10966,220,12322,1.86,"West Footscray - Tottenham",186,11220,12613,1.76,11527,223,12929,12058,1.73,193,1.79,11849,2.21,2.09,201,2.05,220,216,"213031351",204,1.82
17177,328,19795,1.75,"Braybrook",267,17708,20138,1.64,18296,310,20514,19224,1.56,288,1.63,18759,2.03,1.93,293,1.96,304,295,"213031347",303,1.71
14397,238,18031,1.45,"Footscray",246,15280,18631,1.31,16127,261,19148,17343,1.15,248,1.2,16762,1.6,1.56,240,1.54,227,216,"213031348",245,1.34
11186,165,13448,1.41,"Maribyrnong",167,11692,13785,1.35,12118,172,14115,12950,1.19,173,1.26,12562,1.49,1.49,167,1.45,152,154,"213031349",174,1.35
8897,205,9875,1.92,"Seddon - Kingsville",183,9091,10013,1.87,9321,195,10121,9711,1.64,202,1.75,9521,2.17,2.09,173,2.02,185,160,"213031350",204,1.88
14556,275,15891,1.65,"Yarraville",239,14791,16233,1.7,15074,271,16621,15656,1.61,262,1.69,15330,1.79,1.71,268,1.74,254,251,"213031352",292,1.7
18119,247,21636,2.0,"Bacchus Marsh",235,19048,22222,1.9,19632,281,22964,20989,1.87,260,1.93,20207,2.0,2.04,282,2.13,263,281,"213041353",273,1.95
16522,241,22913,1.77,"Hillside",275,17143,24151,1.9,18220,396,25220,21305,1.85,258,1.92,19597,1.99,1.92,383,1.83,232,383,"213041355",362,1.77
18586,328,19832,1.95,"Melton",288,18767,20189,2.06,18962,308,20596,19560,1.97,267,2.04,19242,2.15,2.13,290,2.05,272,291,"213041356",300,2.0
17717,366,26473,2.22,"Melton South",419,19368,28613,2.4,20841,530,30689,24243,2.46,351,2.44,22403,2.24,2.25,639,2.32,365,587,"213041357",477,2.29
15335,301,19004,2.12,"Melton West",289,16051,19964,2.27,16713,347,20892,18157,2.18,300,2.33,17387,2.18,2.23,371,2.22,296,364,"213041358",386,2.23
2791,28,4050,1.17,"Rockbank - Mount Cottrell",24,2842,6455,0.95,2957,46,8815,3148,1.89,25,1.28,3044,1.17,1.17,181,1.28,30,104,"213041359",11,0.93
16991,402,20670,1.98,"Taylors Hill",323,17930,20918,1.87,18685,280,21219,20218,1.54,347,1.71,19486,2.47,2.28,247,2.13,333,234,"213041360",339,1.98
4564,65,5125,1.76,"Burnside",50,4618,5296,1.89,4705,74,5396,4943,1.82,50,1.85,4812,2.24,1.82,64,1.93,62,53,"213041461",59,1.83
19461,279,20459,1.88,"Hoppers Crossing - South",240,19708,20609,1.92,19860,314,20664,20220,1.91,270,1.94,20001,1.95,1.95,288,2.02,295,256,"213051362",302,1.91
5545,154,6559,2.11,"Burnside Heights",130,5849,6688,2.06,6088,111,6785,6431,1.79,125,1.97,6265,2.23,2.22,86,2.18,134,111,"213041462",134,2.15
18299,333,21457,1.96,"Caroline Springs",306,19290,21730,1.99,19925,326,21849,20968,1.75,325,1.93,20377,2.02,1.94,245,1.99,354,272,"213041463",338,2.02
19697,258,20266,1.81,"Hoppers Crossing - North",259,19829,20294,1.9,19931,301,20279,20172,1.77,251,1.88,20034,1.75,1.77,224,1.8,263,254,"213051361",269,1.84
6224,129,10279,2.33,"Laverton",182,6794,10953,2.16,7504,234,11577,9385,2.04,161,2.08,8334,2.36,2.21,244,2.36,192,211,"213051363",222,2.27
25743,687,39743,2.38,"Tarneit",813,28120,43410,2.45,30659,972,46707,36404,2.38,737,2.45,33599,2.38,2.46,1071,2.42,742,997,"213051365",945,2.39
13769,465,27633,2.69,"Truganina",607,15743,30256,2.72,18321,781,33144,24628,2.46,464,2.73,21470,2.78,2.81,787,2.88,542,836,"213051366",791,2.77
11008,122,12286,1.65,"Werribee - South",128,11141,13115,1.67,11305,142,14162,11776,1.83,126,1.76,11491,1.57,1.63,219,1.68,125,183,"213051368",147,1.68
19496,466,25545,2.3,"Wyndham Vale",445,21095,27220,2.16,22203,514,29215,24270,2.07,501,2.21,23113,2.31,2.35,524,2.45,479,590,"213051369",523,2.22
7998,185,14491,2.25,"Point Cook - East",241,9139,16030,2.25,10392,296,17886,12818,2.2,186,2.19,11567,2.28,2.24,342,2.34,214,299,"213051464",247,2.24
21217,592,24905,2.22,"Point Cook - North",473,22113,25333,2.02,22885,386,25541,24288,1.78,494,1.89,23593,2.47,2.47,352,2.37,471,385,"213051465",439,2.14
19810,301,20844,1.97,"Werribee - East",275,19997,20986,2.01,20178,335,21064,20643,2.12,329,2.1,20378,1.99,2.1,338,2.05,285,323,"213051467",332,1.94
11259,132,13128,1.64,"Werribee - West",125,11327,14315,1.82,11452,230,16270,12283,2.13,150,2.03,11735,1.9,1.84,318,1.71,135,259,"213051468",174,1.64
20036,368,21837,2.11,"Carrum Downs",339,20584,22082,2.12,20975,359,22264,21549,1.97,380,2.08,21291,2.12,2.17,340,2.2,318,336,"214011370",370,2.07
22417,318,23719,1.78,"Frankston",297,22620,23965,1.84,22850,310,24104,23510,1.69,299,1.84,23135,1.85,1.83,278,1.85,303,316,"214011371",349,1.85
19682,303,19966,1.87,"Frankston North",237,19725,19966,2.0,19777,318,19940,19939,2.11,275,2.12,19827,2.07,2.05,299,2.04,274,286,"214011372",298,1.92
18369,189,19113,1.72,"Frankston South",169,18518,19217,1.91,18652,187,19305,18995,1.75,171,1.85,18793,2.0,1.95,184,1.84,152,157,"214011373",216,1.82
23385,297,24926,1.84,"Langwarrin",320,23649,25155,1.99,24015,380,25293,24694,1.78,307,1.9,24357,1.88,1.88,266,1.82,275,290,"214011374",318,1.82
16719,247,17263,1.88,"Seaford (Vic.)",229,16866,17377,2.08,16980,301,17490,17151,2.06,223,2.15,17046,2.02,1.96,236,1.93,242,269,"214011375",265,1.96
11586,234,13894,2.17,"Skye - Sandhurst",214,12389,14085,2.12,12932,214,14247,13664,1.92,224,2.06,13341,2.19,2.2,179,2.29,231,194,"214011376",224,2.17
9584,93,11939,2.04,"Dromana",107,9938,12325,2.13,10275,123,12566,11454,1.92,109,1.97,10785,2.22,2.29,114,2.06,71,98,"214021377",115,1.92
5576,34,5645,2.26,"Flinders",48,5580,5653,2.05,5586,32,5646,5642,1.57,43,1.88,5604,1.78,1.87,19,2.0,38,37,"214021378",39,2.19
21292,290,23096,1.95,"Hastings - Somers",270,21675,23344,2.03,22130,288,23654,22851,1.85,268,2.02,22524,2.09,2.04,234,2.03,260,276,"214021379",293,1.99
23541,280,25496,1.77,"Mornington",214,23942,25914,1.75,24269,252,26211,25030,1.66,254,1.71,24633,1.88,1.88,208,1.93,230,206,"214021380",222,1.7
18087,151,18843,1.55,"Mount Eliza",132,18210,19024,1.82,18342,132,19140,18696,1.9,122,1.88,18471,1.83,1.69,119,1.65,122,126,"214021381",152,1.7
18133,226,19601,1.99,"Mount Martha",185,18465,19773,2.11,18881,200,20022,19365,2.06,172,2.13,19071,2.24,2.15,148,2.09,186,176,"214021382",185,2.02
16964,176,18204,2.0,"Point Nepean",142,17233,18433,1.95,17503,177,18709,17999,2.09,167,2.06,17731,2.18,2.14,161,2.15,165,174,"214021383",155,1.94
20461,237,21893,1.97,"Rosebud - McCrae",191,20749,22087,2.06,21029,228,22286,21613,1.97,185,2.05,21327,2.17,2.12,204,2.17,211,196,"214021384",218,2.05
18062,223,19117,1.74,"Somerville",189,18209,19270,1.74,18485,240,19402,18878,1.74,191,1.74,18685,1.92,1.88,208,1.87,209,205,"214021385",191,1.7
