hysc_y11_e_ind_p, apaei_5_14_no_in_f, apaei_25ov_no_ind_f, vfdif_sa2_ot_indig_m, hysc_y11_e_ind_f, hysc_y11_e_ind_m, vfdif_sa2_ot_indig_p, apaei_5_14_no_in_p, apaei_25ov_no_ind_p, apaei_5_14_no_in_m, vfdif_sa2_ot_indig_f, apaei_25ov_no_ind_m, vfdif_sa2_t_indst_nsp, apaei_15_19_ind_f, apaei_20_24_no_ind_f, vfdif_sa2_t_indst_nsm, apaei_15_19_ind_p, vfdif_sa2_ot_totf, apaei_15_19_ind_m, apaei_20_24_no_ind_p, vfdif_sa2_t_indst_nsf, saindl_se_vw_wel_in_p, apaei_20_24_no_ind_m, vis_tot_vis_nonind_f, saindl_se_vw_wel_in_m, saindl_se_vw_wel_in_f, vfdif_sa2_nt_totf, apaei_0_4_totp, apaei_0_4_in_st_nsf, apaei_0_4_totf, lsah_aus_ind_lang_ind_p, apaei_0_4_totm, vfdif_sa2_ot_totm, lsah_aus_ind_lang_ind_m, lsah_aus_ind_lang_ind_f, vfdif_sa2_ot_totp, vfdif_sa2_t_totp, vfdif_sa2_t_totm, vfdif_sa2_t_totf, apaei_0_4_in_st_nsm, apaei_0_4_in_st_nsp, vis_tot_vis_indigstat_nsp, vfdif_sa2_t_nonind_m, vfdif_sa2_t_nonind_p, saindl_se_vw_we_totf, vis_tot_vis_indigstat_nsm, auabrigtrrl_indig_f, auabrigtrrl_indig_m, apaei_25ov_totf, vfdif_sa2_t_indig_m, saindl_se_vw_we_totm, saindl_se_vw_we_totp, vis_tot_vis_indigstat_nsf, lsh_aus_ind_lan_indst_nsf, vfdif_sa2_t_indig_f, vfdif_sa2_t_indig_p, vfdif_sa2_t_nonind_f, hysc_y12_e_ind_f, saindl_se_nw_na_in_f, hysc_y10_e_ind_p, hysc_y10_e_ind_m, apaei_25ov_totp, apaei_25ov_totm, hysc_y12_e_ind_m, saindl_se_nw_na_in_m, hysc_y12_e_ind_p, hysc_y10_e_ind_f, hysc_y11_e_in_s_nsf, saindl_se_nw_na_in_p, vfdif_sa2_act_indig_m, hysc_y11_e_totp, apaei_15_19_totm, hysc_y11_e_totm, apaei_15_19_totp, sa4_name16, apaei_15_19_totf, apaei_20_24_in_st_nsf, vfdif_sa2_act_indig_p, hysc_y10_e_no_in_m, apaei_20_24_in_st_nsm, saindl_se_nw_na_in_st_nsp, saindl_se_nw_na_in_st_nsm, vfdif_sa2_act_indig_f, hysc_y11_e_totf, apaei_5_14_totm, lsah_eng_on_ind_sta_nsm, lsah_eng_on_ind_sta_nsp, apaei_5_14_totf, lsah_eng_on_ind_sta_nsf, apaei_20_24_in_st_nsp, vis_tot_visitors_totm, vis_tot_visitors_totp, vis_tot_visitors_totf, apaei_5_14_in_st_nsf, apaei_5_14_in_st_nsp, vfdif_sa2_act_nonind_f, apaei_5_14_in_st_nsm, saindl_se_nw_na_totf, vfdif_sa2_act_nonind_m, saindl_se_nw_na_totm, saindl_se_nw_na_totp, lsah_eng_onl_nonind_p, lsah_eng_onl_nonind_m, auabrigtrrl_indst_nsp, vfdif_sa2_act_nonind_p, lsah_eng_onl_nonind_f, hysc_y12_e_no_in_m, vfdif_sa2_act_totm, hysc_y12_e_no_in_p, apaei_5_14_totp, auabrigtrrl_indst_nsm, apaei_15_19_no_in_m, apaei_15_19_no_in_p, vfdif_sa2_act_totp, vfdif_sa2_act_totf, apaei_15_19_no_in_f, auabrigtrrl_indst_nsf, hysc_y12_e_no_in_f, saindl_se_nw_na_in_st_nsf, vfdif_sa2_nt_indst_nsp, vis_tot_vis_indig_p, lsah_aus_ind_lan_no_ind_f, vis_tot_vis_indig_m, lsh_austn_indig_lang_totm, lsh_austn_indig_lang_totf, vis_tot_vis_indig_f, lsh_aus_ind_lan_indst_nsm, hysc_y11_e_in_s_nsp, lsh_aus_ind_lan_indst_nsp, hysc_y11_e_in_s_nsm, auabrigtrrl_no_ind_f, saindl_se_vw_we_no_in_p, auabrigtrrl_no_ind_p, auabrigtrrl_indig_p, auabrigtrrl_no_ind_m, saindl_se_vw_we_no_in_m, lsh_austn_indig_lang_totp, saindl_se_vw_we_no_in_f, vfdif_sa2_act_indst_nsm, apaei_20_24_totf, vfdif_sa2_act_indst_nsp, apaei_20_24_totp, apaei_20_24_totm, apaei_15_19_i_st_nsf, vfdif_sa2_act_indst_nsf, lsah_eng_onl_indig_p, saindl_se_vw_we_i_st_nsf, lsah_eng_onl_indig_f, saindl_se_nw_na_no_in_p, saindl_se_nw_na_no_in_m, apaei_0_4_no_ind_f, saindl_se_vw_we_i_st_nsp, saindl_se_vw_we_i_st_nsm, hysc_y11_e_no_in_f, lsah_eng_onl_indig_m, hysc_y11_e_no_in_m, apaei_0_4_no_ind_p, lsah_aus_ind_lan_no_ind_p, hysc_y11_e_no_in_p, saindl_se_nw_na_no_in_f, apaei_0_4_no_ind_m, apaei_20_24_ind_p, vfdif_sa2_nt_totp, apaei_20_24_ind_m, vfdif_sa2_nt_totm, lsah_aus_ind_lan_no_ind_m, apaei_20_24_ind_f, lsah_eng_only_totm, hysc_y12_e_in_st_nsm, apaei_25ov_in_st_nsp, vfdif_sa2_ot_indst_nsf, hysc_y12_e_in_st_nsf, auabrigtrrl_totf, apaei_25ov_in_st_nsm, apaei_5_14_ind_f, hysc_y12_e_in_st_nsp, vfdif_sa2_ot_indst_nsm, lsah_eng_only_totp, apaei_25ov_in_st_nsf, vfdif_sa2_ot_indst_nsp, apaei_25ov_ind_m, lsah_eng_only_totf, apaei_25ov_ind_p, apaei_25ov_ind_f, vfdif_sa2_ot_nonind_p, hysc_y12_e_totp, hysc_y12_e_totm, vfdif_sa2_ot_nonind_m, apaei_5_14_ind_p, sa4_code16, apaei_5_14_ind_m, apaei_15_19_i_st_nsm, apaei_0_4_ind_p, apaei_0_4_ind_m, vis_tot_vis_nonind_p, vis_tot_vis_nonind_m, auabrigtrrl_totm, apaei_0_4_ind_f, apaei_15_19_i_st_nsp, hysc_y12_e_totf, auabrigtrrl_totp, vfdif_sa2_ot_nonind_f
503,10735,3927,0,237,260,0,22175,5931,11436,0,2001,4988,233,1311,3028,498,0,259,2418,1961,53,1109,8914,25,27,31,2755,20,1296,53,1455,0,28,30,0,24812,13845,10966,6,28,5005,10496,19249,33,3042,32,24,4109,324,26,60,1970,0,254,576,8753,739,0,1555,724,6195,2087,636,0,1372,830,68,0,29,12956,4416,6405,8710,"Capital Region",4297,9,53,23601,6,0,0,26,6554,12511,1103,2178,11757,1071,19,14028,25182,11149,163,355,926,190,3,938,0,4,179781,89349,0,1872,90432,34908,1143,74351,24262,0,4086,8084,2235,1092,3997,0,39438,0,11,605,4,336,33,35,274,0,142,0,73,0,3,6,58,3,0,60,3,175,1370,313,2519,1154,67,138,7402,0,3755,0,0,1194,0,0,6251,3644,6074,2522,6,12319,0,1327,79,69,35,37,3,41,94095,284,43,0,312,33,18,852,590,0,189352,22,0,69,95256,225,152,0,76311,35823,0,1736,"101",881,64,207,119,19563,10655,28,87,136,40490,62,0
854,16970,6208,0,415,437,0,34978,9293,18000,0,3086,1064,474,2706,564,953,8,478,5145,504,61,2440,4755,33,26,15,5184,23,2518,63,2658,0,31,29,8,10948,5612,5337,21,45,1091,4741,9309,26,575,33,39,6538,310,33,61,513,0,260,567,4568,1367,5,2729,1345,9766,3229,1104,0,2468,1383,93,3,0,18744,7140,9614,14300,"Central Coast",7156,26,3,37473,23,0,0,3,9137,19640,1381,2809,18468,1425,43,5818,11351,5535,199,421,72,226,5,57,0,3,274923,133599,0,131,141328,49423,58,104392,38111,0,6590,13196,141,83,6606,0,54967,0,4,597,0,322,31,29,274,0,193,0,97,0,0,7,76,6,0,63,0,0,2896,9,5477,2587,72,9,12045,0,6074,0,0,2307,0,0,8625,5969,9080,4758,0,17704,0,2452,294,34,126,13,0,167,140949,356,58,0,386,33,22,1301,747,0,289774,39,0,126,148827,415,292,3,107606,50879,0,2716,"102",1410,78,373,189,9664,4912,50,188,153,56725,78,3
900,10375,3534,0,483,417,0,21478,5309,11100,0,1774,1577,455,1545,981,880,0,429,2675,594,129,1126,3748,69,65,10,3056,22,1555,135,1504,0,69,71,0,10275,5777,4500,20,41,1611,4369,7948,67,1003,27,33,3834,426,70,139,609,0,319,746,3583,1207,3,2729,1357,5748,1911,861,0,2065,1374,53,6,3,11277,4353,5559,8833,"Central West",4478,9,3,24603,12,0,0,0,5716,12770,1120,2241,11958,1116,24,6009,10707,4699,200,409,72,208,3,64,3,5,165852,82007,0,142,83851,25049,92,56185,24730,0,3863,7825,171,87,3964,0,31135,0,3,797,3,455,75,70,343,0,107,0,56,0,4,0,61,0,4,144,3,20,1685,33,2895,1207,60,11,12505,0,6308,0,0,1353,0,0,5187,6200,5085,2634,5,10273,0,1286,198,38,69,26,3,126,89329,209,37,0,238,27,8,1383,453,0,180602,26,0,132,91275,411,282,0,58704,26122,0,2845,"103",1464,68,378,202,8297,4551,33,177,126,32579,61,0
492,6519,2523,0,270,221,0,13329,3634,6807,0,1113,1342,255,764,693,485,3,234,1314,651,110,547,4406,61,47,17,1842,12,890,115,954,3,62,54,10,10622,5466,5164,6,23,1361,4508,8796,53,700,34,29,2726,262,67,127,657,0,226,487,4291,696,0,1589,747,3929,1200,552,0,1242,843,44,0,0,8178,2734,4013,5459,"Coffs Harbour - Grafton",2719,3,0,16131,10,0,0,0,4169,7745,659,1396,7389,739,11,5586,10883,5298,111,236,77,123,0,75,0,0,111129,54369,0,150,56758,17837,101,38511,15138,0,2470,4905,190,96,2435,0,20679,0,0,509,8,271,72,56,232,3,90,3,46,0,10,3,64,3,9,127,8,24,844,41,1445,597,34,16,6929,0,3590,0,0,788,3,3,3858,3340,3740,1613,10,7602,0,829,114,31,42,18,9,71,58373,145,41,0,181,34,16,758,325,0,119455,25,3,72,61086,249,176,4,40076,18525,3,1575,"104",811,29,203,117,9015,4606,31,90,63,21549,63,4
1350,4430,1636,0,758,595,0,9177,2375,4742,0,745,1954,522,501,1116,1025,0,504,846,839,141,345,3148,62,71,6,1821,13,899,165,921,0,76,87,0,9750,5388,4360,10,27,1969,3660,6700,77,1128,43,54,1981,614,68,144,847,0,483,1101,3034,1552,8,4015,1907,2853,875,1070,8,2623,2113,29,11,3,6548,1984,3167,4046,"Far West and Orana",2065,5,7,12071,3,0,0,3,3379,6731,657,1334,6388,676,10,5579,10088,4514,110,196,30,89,8,41,4,10,79251,39272,3,71,39975,11611,52,26181,13118,0,1440,2953,104,46,1507,3,14565,0,0,1196,3,680,85,88,518,0,77,0,46,0,3,7,98,0,4,172,3,9,635,21,1049,411,34,12,17874,0,9235,0,0,637,0,0,2593,8641,2534,1263,3,5127,0,627,194,20,66,9,4,129,48570,135,32,0,169,55,14,1849,299,0,98454,22,0,118,49888,443,326,0,29105,12823,0,3752,"105",1897,39,530,275,6922,3774,63,257,70,16279,110,0
1029,14041,4240,0,525,503,0,28861,6257,14814,0,2014,1415,504,1785,829,971,0,465,3130,581,82,1347,4560,47,38,20,4191,19,2079,83,2112,0,46,41,0,11586,6349,5236,16,42,1434,5159,9542,40,842,23,26,4538,359,48,83,592,0,274,637,4387,1278,3,3311,1664,6673,2134,1021,0,2298,1643,82,4,0,16235,5602,8462,11140,"Hunter Valley exc Newcastle",5537,9,3,34397,6,0,0,3,7775,16859,1185,2410,15905,1221,20,6539,11976,5440,197,406,50,204,3,60,0,3,220102,108692,0,110,111410,30662,76,67226,32760,0,5066,10030,139,63,4965,0,36563,0,3,665,0,384,48,44,287,0,143,0,63,0,3,0,50,0,0,89,0,14,1910,25,3348,1436,72,13,14387,0,7240,0,0,1853,0,0,7164,7149,7896,3710,3,15061,0,1860,206,48,84,29,3,119,117025,241,42,0,241,25,19,1662,477,0,236895,28,0,105,119871,370,271,0,70001,31924,0,3496,"106",1832,73,443,232,9878,5313,26,207,145,38078,52,0
586,15464,5958,0,295,292,0,31697,10268,16231,0,4306,990,342,4280,520,648,0,309,8807,464,31,4523,4171,16,17,8,4902,24,2382,34,2524,0,21,18,0,9832,5187,4646,28,51,998,4456,8454,15,524,28,36,6190,209,16,39,473,0,184,394,4001,985,0,1724,854,10628,4439,801,0,1786,873,71,0,0,15634,7227,8221,14497,"Illawarra",7276,21,0,32309,31,0,0,0,7414,17357,1048,2161,16519,1115,53,5349,10186,4839,149,341,62,199,0,68,0,0,226187,111647,0,136,114538,49735,93,102656,33872,0,6861,13720,166,73,6866,0,52921,0,0,417,3,224,21,22,194,0,135,0,68,3,5,7,65,4,3,43,3,16,4403,29,9050,4643,73,8,8060,0,4145,0,0,2235,0,0,7050,3921,7869,4606,5,14919,0,2368,191,20,88,12,3,105,116613,257,60,0,333,37,18,908,587,0,236409,40,0,116,119797,302,184,0,105026,50789,0,1832,"107",929,57,246,127,8764,4595,35,122,130,54233,72,0
883,9199,3272,0,483,398,0,18758,4625,9566,0,1357,1444,427,931,774,852,0,430,1556,672,128,625,5212,59,70,18,2856,25,1393,151,1466,0,70,85,3,12581,6547,6035,18,40,1463,5394,10452,79,780,45,39,3618,371,64,138,682,0,309,685,5061,1086,3,2682,1249,5113,1499,899,4,1985,1430,70,7,0,12487,4056,6215,8091,"Mid North Coast",4039,8,0,26611,3,0,0,0,6268,11310,1168,2420,10825,1252,15,6757,12996,6242,191,399,99,212,4,89,4,14,176143,85648,3,185,90493,24764,98,53482,22142,0,3553,7090,217,118,3537,3,28722,0,7,761,8,416,75,90,344,0,146,0,79,3,6,6,82,10,3,164,5,10,1035,35,1731,695,75,22,12571,0,6470,0,0,1132,0,0,5721,6103,5739,2385,10,11456,0,1252,157,37,62,22,3,98,92920,206,56,0,246,50,22,1442,456,0,191140,36,0,124,98220,432,314,3,55926,25871,0,2979,"108",1539,69,435,193,10774,5558,50,246,145,30053,100,0
268,5960,1895,0,148,118,0,12021,2811,6058,0,923,1232,123,914,743,263,0,133,1498,486,76,588,2812,36,42,10,1531,8,747,90,777,0,41,48,0,7499,4204,3291,6,15,1243,3344,6052,45,748,67,60,1985,118,40,89,493,0,99,220,2708,316,4,732,365,2939,953,227,0,546,366,54,3,3,11233,2320,5575,4730,"Murray",2414,0,3,12135,0,0,0,0,5659,6601,581,1154,6504,579,3,4319,7734,3417,75,189,23,111,3,30,0,3,96562,47595,3,56,48967,14407,46,32711,13098,3,2158,4418,78,35,2257,0,18306,0,3,236,3,128,45,52,113,3,127,3,69,0,3,5,128,5,3,95,0,14,935,21,1541,607,29,5,3612,0,1873,0,0,703,3,3,5458,1745,5383,1415,8,10846,0,713,41,14,18,7,3,26,49918,96,21,0,135,66,8,465,235,0,101332,14,0,26,51413,105,79,0,33491,14734,0,891,"109",429,25,100,59,6258,3445,70,45,50,18759,135,0
1223,8499,2973,0,666,561,0,17204,4502,8707,0,1532,1908,559,1507,1123,1105,0,550,2631,783,89,1121,4006,51,40,9,2853,19,1405,100,1452,0,54,45,0,11507,6412,5094,13,38,1936,4670,8520,40,1138,38,46,3293,613,55,96,796,0,463,1071,3846,1548,3,3793,1810,4968,1671,1074,8,2624,1983,37,9,0,9768,3780,4736,7637,"New England and North West",3853,4,3,19660,6,0,0,7,5037,10832,978,1930,10540,950,15,6638,11963,5319,145,289,34,145,3,37,8,9,139634,68442,0,63,71191,22294,50,49672,21373,0,3186,6447,88,44,3262,0,27378,0,0,1195,0,678,58,47,518,0,88,0,46,3,3,3,80,0,0,107,0,12,1639,21,2872,1231,35,8,17658,0,9037,0,0,1121,0,0,4332,8620,4130,2267,3,8455,0,1146,227,32,99,21,0,131,78038,183,45,0,228,39,13,1902,416,0,159220,26,0,124,81184,422,299,0,52707,23556,0,3879,"110",1976,47,552,290,8828,4826,48,257,83,29157,85,0
942,17684,7879,0,464,476,0,36279,13214,18596,0,5339,1249,486,5197,732,937,0,450,9992,512,79,4796,5607,40,42,19,5491,23,2629,83,2860,0,41,43,0,13454,7195,6257,15,43,1269,6058,11484,45,738,46,51,8227,397,37,83,522,0,328,721,5418,1639,0,3025,1485,13759,5533,1309,0,2952,1542,55,0,4,19187,8106,10207,15999,"Newcastle and Lake Macquarie",7892,17,0,40727,22,0,0,0,8982,20313,1066,2215,19246,1147,35,7426,13899,6472,146,340,40,194,0,47,0,0,301966,148402,0,88,153564,59637,56,125063,39557,0,7601,14951,95,43,7354,0,65417,0,0,758,3,414,40,47,346,0,109,0,53,0,3,3,96,0,0,85,3,5,5438,12,10420,4981,55,3,13445,0,6803,0,0,2423,0,0,8465,6639,9672,5053,3,18134,0,2625,388,33,170,16,3,224,156106,257,53,0,296,48,18,1420,550,0,317626,31,0,176,161519,494,312,0,128568,61206,0,2938,"111",1517,55,395,218,11876,6272,51,183,115,67359,100,0
658,11347,4843,0,341,313,0,23181,7136,11840,0,2295,2159,357,1484,1116,684,0,330,2626,1043,129,1142,6899,63,64,25,2996,15,1468,143,1521,0,65,75,0,16051,8058,7993,29,48,2179,6614,13305,72,1129,54,38,5157,327,69,147,1056,0,260,589,6687,1058,3,2096,1025,7615,2453,873,3,1931,1079,61,7,0,14634,4787,7241,9698,"Richmond - Tweed",4914,12,0,26472,9,0,0,0,7390,13169,1183,2393,12530,1217,25,8275,16508,8231,180,394,80,214,3,66,3,7,198417,96358,3,143,102058,35293,77,75755,25705,3,4409,8884,167,89,4471,0,40460,0,10,628,9,348,76,81,273,0,140,0,74,7,13,13,93,8,9,156,9,10,1592,19,2813,1225,78,7,9282,0,4685,0,0,1337,0,0,6985,4593,6854,2697,13,13835,0,1367,170,48,72,22,9,100,102133,278,64,0,359,64,26,1006,636,0,210091,40,0,135,107960,408,278,0,78326,36439,0,2122,"112",1116,53,251,133,13697,6797,46,115,131,41881,112,0
559,8268,2626,0,284,269,0,16874,4106,8609,0,1482,1227,262,1507,782,494,0,228,2455,441,60,943,3159,28,38,22,2267,13,1069,66,1195,0,25,45,0,8777,5076,3704,14,18,1244,4000,7028,48,793,22,19,2825,292,31,72,448,0,225,519,3033,745,0,1680,836,4373,1543,546,0,1287,849,43,0,3,9215,3358,4697,6733,"Riverina",3375,9,9,18239,7,0,0,3,4523,9678,736,1501,9311,767,18,5219,9069,3857,124,277,95,149,0,110,0,0,122086,60229,0,204,61860,19278,131,43017,18988,0,3083,6161,251,118,3079,0,23734,0,5,550,10,302,29,47,247,0,89,0,45,0,10,0,32,0,4,82,10,25,1593,42,2583,991,39,18,7912,0,4055,0,0,957,0,0,4193,3859,4381,2004,10,8573,0,1050,110,53,42,28,4,70,64816,136,30,0,165,22,14,917,302,0,131503,17,0,54,66680,236,181,0,44599,19958,0,1842,"113",923,43,239,130,7280,4122,16,110,77,24649,37,0
424,6842,2314,0,216,206,0,14075,3381,7236,0,1062,851,214,733,482,409,0,189,1344,369,37,612,2801,17,26,6,2113,10,1020,47,1088,0,20,28,0,6842,3614,3228,19,26,863,2950,5653,26,488,16,28,2460,184,18,40,374,0,159,341,2699,573,0,1341,685,3588,1127,503,0,1072,654,43,0,9,8444,2786,4226,5747,"Southern Highlands and Shoalhaven",2957,7,7,17387,5,0,0,0,4219,7994,569,1284,7672,710,7,3738,7081,3343,119,227,101,105,0,109,0,0,122896,59905,0,204,62999,20969,133,45017,15670,0,2572,5278,254,116,2700,0,24042,0,0,369,0,204,25,28,171,0,75,0,31,0,3,0,37,0,3,48,0,19,787,41,1435,651,39,16,6071,0,3100,0,0,896,0,0,3958,2972,3993,1849,3,7952,0,955,82,21,36,8,3,48,63440,137,25,0,168,16,3,720,308,0,130255,21,0,60,66812,177,123,0,46399,21614,0,1369,"114",653,23,228,108,5849,3049,28,120,67,24783,39,0
117,15201,4072,0,59,52,0,31379,6701,16171,0,2632,418,98,3311,240,187,0,89,6790,182,12,3477,2217,3,6,0,3796,4,1846,13,1948,0,8,12,0,4650,2288,2364,10,11,422,2024,4169,6,240,7,9,4124,31,3,12,186,0,33,68,2147,248,0,413,213,6775,2652,218,0,465,204,35,0,0,9818,7328,5113,14263,"Sydney - Baulkham Hills and Hawkesbury",6936,3,0,17045,14,0,0,0,4703,16489,404,877,15460,477,19,2343,4779,2436,74,172,16,89,0,11,0,0,153500,76743,0,32,76755,53914,19,111392,31951,0,7206,14009,39,19,6805,0,57481,0,0,67,0,28,8,12,40,0,62,0,28,0,0,0,12,0,0,13,0,3,3342,10,6848,3508,29,6,1763,0,856,0,0,1819,0,0,4607,908,5033,3727,0,9635,0,1913,38,7,15,7,0,26,78055,190,21,0,218,6,3,183,405,0,156141,14,0,16,78085,54,30,0,112260,54321,0,404,"115",221,35,56,34,4287,2075,9,21,66,57940,13,0
632,20980,7174,3,354,276,3,43482,11835,22503,0,4662,626,304,4187,378,634,0,333,8443,245,28,4258,3011,8,19,3,5567,17,2730,31,2844,3,12,21,3,6989,3757,3229,18,32,646,3158,5965,19,386,16,11,7370,229,12,35,261,0,173,401,2812,891,0,1917,931,12121,4748,702,0,1592,985,41,3,0,15205,9124,7891,17922,"Sydney - Blacktown",8800,30,3,25296,27,0,0,3,7319,23753,668,1332,22187,661,53,3989,7446,3451,181,359,22,178,3,20,0,5,171593,86054,0,40,85539,69848,23,143093,45942,0,8714,17159,51,30,8440,0,73243,0,0,428,0,247,18,22,182,0,97,0,58,0,0,0,25,0,0,40,0,8,4289,7,8623,4336,50,0,8904,0,4555,0,0,2577,0,0,6924,4355,7553,5243,3,14478,0,2666,136,9,59,3,0,76,91078,317,46,0,314,16,13,1030,628,0,181836,34,0,75,90754,238,159,0,145314,70866,0,2096,"116",1074,73,287,152,6369,3360,11,139,125,74445,25,0
272,7179,14459,0,137,137,0,14714,26517,7538,0,12051,12373,113,11584,7625,214,3,102,20864,4752,73,9284,7891,40,34,58,2487,10,1230,78,1249,4,41,40,9,30443,17761,12682,12,15,12427,9881,17589,42,7643,48,35,14656,263,40,77,4780,0,222,483,7712,748,0,728,367,26861,12204,746,3,1493,362,15,5,3,9718,4817,5390,10438,"Sydney - City and Inner South",5615,37,3,11158,25,0,0,0,4330,7862,453,848,7513,393,63,17979,30883,12905,56,117,217,62,0,282,3,5,164057,86746,0,499,77306,101063,558,200512,15382,0,4687,10166,958,398,5474,0,99447,0,100,494,3,266,41,43,228,0,47,0,32,0,3,3,86,0,0,85,3,270,11695,454,21072,9377,32,182,3845,0,1953,0,0,1189,0,0,4180,1890,5219,2390,3,9401,0,1200,140,175,63,118,0,76,89087,416,101,0,395,48,46,281,811,3,168746,51,3,102,79660,247,141,5,202821,102225,0,548,"117",266,27,75,41,17961,10068,38,37,57,100587,84,3
133,11410,7963,0,83,49,0,23166,14155,11751,0,6195,2054,84,6606,1073,157,0,75,13103,976,47,6500,3771,22,22,12,3805,11,1860,54,1942,0,23,30,0,9409,4700,4708,12,21,2068,3533,7181,22,1083,14,20,8064,96,22,48,977,0,83,180,3648,422,0,407,192,14317,6256,396,0,816,211,34,0,0,8387,5704,4218,11444,"Sydney - Eastern Suburbs",5745,25,0,9094,17,0,0,0,4168,12062,460,968,11684,506,42,4814,9661,4847,84,171,77,88,0,70,0,0,171526,83488,0,146,88032,76977,111,160829,23744,0,5594,11227,222,110,5634,0,83854,0,6,201,0,100,27,30,100,0,68,0,33,4,0,9,38,3,0,56,0,44,6674,77,13247,6574,30,32,2187,0,1118,0,0,1833,0,0,4050,1069,4138,3729,0,8185,0,1894,102,36,59,24,0,52,85025,284,40,0,336,18,25,196,622,0,174685,16,0,44,89659,122,77,0,162269,77657,0,409,"118",212,33,51,34,7402,3630,28,19,63,84615,45,0
197,29891,14728,0,105,93,0,61597,26458,31702,0,11731,1315,131,9621,701,236,0,105,20023,616,42,10405,6288,19,30,15,8003,26,3834,42,4168,0,19,30,0,13617,6978,6638,27,53,1373,6177,12125,29,732,26,19,14888,97,18,44,636,0,77,181,5941,610,0,773,344,26729,11840,502,0,1113,427,51,0,0,21604,14166,11372,28203,"Sydney - Inner South West",14037,34,0,35018,55,0,0,0,10229,32293,766,1538,30459,773,90,7353,14369,7014,223,479,51,253,0,60,0,0,203697,102627,0,110,101069,135668,87,273847,62751,0,13981,27792,148,58,13812,0,138179,0,6,189,3,106,18,29,88,0,120,0,65,0,3,0,42,0,0,44,3,29,9724,35,20249,10522,95,7,3512,0,1870,0,0,3765,0,0,10071,1646,11220,7863,3,21291,0,4104,129,27,59,19,0,72,105035,582,119,0,573,22,61,341,1159,0,208749,59,0,53,103711,157,99,0,276110,136753,0,674,"119",333,86,84,37,12805,6515,19,50,182,139362,48,0
101,12920,9215,0,53,47,0,26264,16335,13348,0,7111,569,63,6349,319,102,0,37,12642,247,29,6292,3596,12,20,10,3824,19,1889,33,1941,0,8,17,0,7431,3622,3815,12,28,578,3249,6746,20,327,12,5,9314,58,14,29,251,0,59,119,3502,373,0,345,151,16497,7186,344,0,716,192,29,0,0,8961,5831,4628,11743,"Sydney - Inner West",5914,13,0,12275,20,0,0,0,4329,13594,419,869,13153,452,32,3717,7630,3914,74,169,61,87,0,47,0,0,149299,73612,0,104,75685,82841,50,171116,26747,0,5753,11571,117,67,5817,0,88270,0,0,119,0,58,10,17,61,0,52,0,25,0,3,0,22,0,3,30,0,9,6392,15,12746,6357,32,10,1789,0,955,0,0,1853,0,0,4249,827,4555,3764,3,8805,0,1908,70,16,43,3,3,32,74858,282,57,0,308,10,26,166,595,0,151957,34,0,47,77102,110,61,3,172425,83465,0,314,"120",156,41,32,18,6935,3338,7,15,70,88955,18,0
68,23327,10535,0,28,37,0,47902,17327,24574,0,6785,1235,52,6297,636,121,0,62,12279,597,15,5979,5791,6,7,20,6541,14,3183,18,3359,0,5,12,0,12136,5830,6306,10,26,1248,5143,10797,7,647,11,3,10607,47,5,12,601,0,60,110,5654,260,0,182,98,17439,6829,236,0,503,77,36,0,0,13780,10695,6525,21015,"Sydney - North Sydney and Hornsby",10321,13,0,13294,25,0,0,0,7259,24791,576,1185,23515,610,39,5943,12405,6460,79,189,88,108,0,69,0,3,267228,131178,0,160,136054,119072,88,248244,48307,0,10596,20821,186,104,10227,0,129178,0,4,107,0,47,7,13,62,0,57,0,20,0,0,3,9,0,0,16,0,11,6332,25,12353,6021,39,10,1077,0,544,0,0,3151,0,0,7189,538,6463,6482,0,13657,0,3331,40,42,23,20,0,22,132286,392,48,0,442,10,23,100,834,0,269493,32,0,21,137209,62,38,0,249584,119703,0,214,"121",110,41,31,15,11042,5247,3,15,82,129884,16,0
83,15427,5110,0,42,39,0,31793,8375,16360,0,3267,669,57,2775,361,105,0,45,5619,309,5,2846,2869,8,0,9,4355,6,2118,5,2233,4,8,0,4,6119,3008,3105,12,20,677,2599,5360,0,360,6,7,5164,52,9,7,317,0,38,89,2762,258,0,233,126,8472,3306,239,0,506,104,31,0,0,10904,6181,5532,12058,"Sydney - Northern Beaches",5877,16,0,15484,10,0,0,0,5370,16604,536,1176,15652,633,24,3083,6305,3222,97,184,32,82,0,31,0,0,199269,98416,0,62,100849,63517,32,130678,32252,0,6097,11888,69,31,5790,0,67166,0,3,88,0,52,9,0,43,0,64,0,31,0,0,3,11,3,0,7,0,3,2821,5,5684,2861,29,0,1333,0,642,0,0,2087,0,0,5295,689,5462,4295,0,10758,0,2200,41,19,14,9,0,24,99645,270,29,0,321,6,17,123,591,0,201772,17,0,28,102131,65,35,4,131771,64028,4,276,"122",156,39,43,21,5543,2670,5,25,67,67740,11,0
590,16064,4744,0,302,294,0,32973,7424,16913,0,2677,684,346,2786,375,661,0,319,5308,309,41,2516,2877,17,18,13,4434,21,2193,44,2246,0,20,23,0,6885,3634,3256,16,32,703,3050,5812,20,389,24,19,4958,203,23,44,315,0,188,392,2755,1097,0,1802,860,7727,2767,712,0,1807,946,47,0,0,13933,6638,7171,13186,"Sydney - Outer South West",6554,24,0,27698,12,0,0,0,6765,18208,754,1493,17219,739,31,3796,7181,3386,161,317,17,161,0,14,0,0,181161,89605,5,32,91551,42910,18,91320,35433,5,6278,12434,36,19,6159,0,48405,0,0,399,0,210,27,23,186,0,84,0,35,0,3,0,51,0,0,47,0,5,2900,10,5498,2593,49,3,8616,0,4517,0,0,2039,0,0,6417,4104,6838,4136,3,13256,0,2096,155,22,65,7,0,94,94465,248,38,0,271,24,16,1003,517,0,191267,20,0,74,96808,260,190,0,93644,43873,0,2136,"123",1137,44,263,133,6072,3195,27,136,93,49770,53,0
769,17453,6147,0,397,366,0,35570,9521,18116,0,3376,795,413,3047,470,840,0,430,5770,328,55,2720,4117,21,32,11,5128,22,2507,61,2620,3,21,41,3,9523,5028,4496,14,38,807,4308,8290,39,480,33,26,6454,252,25,58,325,0,192,443,3977,1313,0,2342,1184,9949,3503,975,0,2290,1158,45,0,0,16791,7428,8619,14703,"Sydney - Outer West and Blue Mountains",7276,18,0,33651,26,0,0,0,8172,19539,845,1743,18731,896,39,5197,9839,4646,146,293,38,143,0,36,0,0,238117,116948,3,80,121167,50504,44,108566,38276,3,6935,13743,93,44,6809,0,58059,0,5,468,0,264,25,38,202,0,88,0,42,3,4,3,57,0,3,64,0,6,3200,11,6029,2832,51,3,10625,0,5361,0,0,2326,0,0,7728,5262,8206,4756,4,15936,0,2426,226,27,86,19,3,137,123059,278,56,0,280,38,26,1131,561,0,250484,32,0,100,127425,374,273,3,111413,51757,3,2412,"124",1282,57,340,179,8564,4447,23,160,112,59656,63,0
195,23482,12018,0,117,78,0,48409,21618,24928,0,9599,2741,86,6779,1527,172,0,85,14601,1216,12,7827,4889,5,6,19,6500,17,3208,12,3294,0,5,6,0,13045,7099,5949,13,36,2774,5490,10145,6,1543,9,7,12149,85,5,12,1230,0,76,159,4655,387,0,659,317,21823,9680,353,0,739,343,51,0,0,15976,10135,8573,19933,"Sydney - Parramatta",9802,34,0,25395,30,0,0,0,7405,25357,605,1226,23869,626,68,7402,13595,6196,158,345,63,191,0,61,0,0,151958,76866,0,123,75095,110004,108,217625,49227,0,9990,19647,221,108,9660,0,107619,0,8,168,0,93,5,6,74,0,94,0,44,0,0,0,14,0,0,12,0,42,6856,92,14744,7891,55,49,2779,0,1430,0,0,3161,0,0,7236,1345,8445,6408,0,15688,0,3249,76,39,33,23,0,44,78811,441,90,0,444,5,37,234,888,0,155954,50,0,51,77145,122,71,0,219245,110798,0,471,"125",234,59,56,30,10655,5763,4,25,111,108450,14,0
36,9195,5435,0,12,27,0,18976,9526,9787,0,4086,631,24,4492,386,64,0,42,8943,250,8,4451,2193,3,0,6,2630,0,1325,8,1306,0,3,0,0,4874,2492,2379,3,4,644,2075,4191,0,391,0,3,5473,31,3,8,254,0,24,52,2115,139,0,89,47,9598,4130,123,0,255,44,13,0,0,5896,5193,3057,9707,"Sydney - Ryde",4517,16,0,7586,15,0,0,0,2842,9903,255,534,9300,281,35,2558,5028,2468,47,99,42,54,0,48,0,0,91566,45743,0,92,45827,53255,66,108818,19204,0,5135,9603,122,58,4470,0,55556,0,0,55,0,32,3,4,24,0,29,0,18,0,0,0,3,0,0,8,0,14,4540,33,9013,4472,18,19,596,0,290,0,0,1313,0,0,2816,309,3015,2610,0,5831,0,1299,43,13,14,4,0,27,46304,204,35,0,198,0,18,58,410,0,92694,17,0,19,46392,31,17,0,109482,53585,0,124,"126",68,22,9,4,4333,2136,3,5,44,55899,3,0
284,24175,8640,0,152,129,0,49577,14001,25399,0,5365,969,157,6107,544,320,0,159,11696,428,22,5587,4327,5,16,10,5418,25,2635,27,2785,3,9,17,3,9891,5291,4597,19,45,1009,4626,8696,16,560,5,7,8775,115,5,22,447,0,98,220,4075,516,0,943,439,14211,5439,386,0,904,508,62,0,0,18124,11537,9670,22965,"Sydney - South West",11430,31,3,29759,32,0,0,3,8454,26155,619,1231,24871,608,68,5533,10418,4885,219,441,24,217,0,35,0,0,136502,69924,0,59,66581,77701,46,159295,51022,0,11293,22496,72,27,11200,0,81594,0,9,230,0,124,12,17,110,0,155,0,93,0,0,0,15,0,0,26,0,10,6199,14,11850,5657,69,3,4399,0,2238,0,0,2559,0,0,8238,2165,9447,5253,0,17681,0,2692,94,51,32,38,0,58,72704,380,84,0,412,5,35,472,797,0,142130,51,0,35,69429,124,87,3,160992,78467,3,1003,"127",534,76,123,68,9182,4851,7,54,145,82526,15,0
145,12608,3809,0,84,64,0,25869,6183,13261,0,2374,384,84,2564,197,167,0,82,5001,183,10,2439,2280,3,5,3,3794,6,1779,8,2011,0,8,5,0,4893,2488,2404,6,15,399,2232,4419,6,206,7,11,3882,57,7,12,189,0,27,86,2190,390,0,488,255,6295,2409,367,0,761,228,26,0,0,9979,5482,5401,10863,"Sydney - Sutherland",5381,12,0,20699,16,0,0,0,4578,13612,530,1062,12914,535,28,2581,5083,2500,70,171,18,102,0,18,0,0,177749,87382,0,31,90368,46533,22,97057,26527,0,5363,10627,38,21,5263,0,50529,0,0,92,0,60,6,6,33,0,74,0,49,0,0,0,15,0,0,13,0,3,2608,7,5086,2477,38,0,2316,0,1146,0,0,1740,0,0,4465,1167,5295,3711,0,9759,0,1967,54,11,18,4,0,37,89076,196,30,0,219,7,10,235,420,0,181129,20,0,34,92052,79,53,0,98232,47094,0,483,"128",251,36,64,32,4591,2309,11,30,74,51141,15,0
244,8427,2795,0,130,116,0,17251,4412,8826,0,1613,716,88,1786,369,150,0,65,3263,341,22,1478,2807,12,13,25,1873,9,952,32,916,0,11,20,0,6350,3257,3095,9,21,729,2826,5530,13,376,16,16,2865,62,8,23,353,0,47,106,2706,251,0,323,149,4506,1647,168,3,423,175,74,5,0,19499,3495,9581,7013,"Ballarat",3519,9,0,12088,9,0,0,0,9919,9182,741,1541,8771,800,16,3356,6560,3203,92,206,11,109,0,16,3,5,135830,66150,0,20,69676,23797,16,53283,17953,0,3391,6797,20,11,3406,0,29486,0,0,113,0,67,15,20,49,0,171,0,93,0,0,0,29,0,0,30,0,0,1819,0,3328,1508,30,0,2051,0,1104,0,0,924,0,0,9713,947,9367,1804,0,19087,0,878,41,51,20,29,0,23,67839,187,34,0,234,14,11,250,422,0,139419,27,0,22,71583,65,38,0,54132,24155,0,499,"201",250,40,48,26,5714,2909,19,19,64,29976,29,0
190,8001,2539,0,118,74,0,16476,3856,8475,0,1314,676,81,1638,391,154,0,67,2817,288,12,1173,2585,11,4,12,1656,10,808,12,852,0,11,4,0,5963,3116,2848,13,25,687,2656,5154,4,394,12,7,2589,74,8,12,299,0,57,137,2498,239,0,355,184,3930,1345,193,0,434,173,74,0,0,18325,3339,9086,6769,"Bendigo",3435,5,0,11676,9,0,0,0,9233,8827,754,1539,8345,785,16,3206,6147,2945,124,246,8,127,0,11,0,0,130948,63634,0,21,67309,22666,15,51229,17170,0,3225,6541,27,8,3310,0,28564,0,3,145,0,85,8,4,61,0,154,0,82,3,0,3,17,3,0,12,0,0,1671,3,2877,1204,39,0,2129,0,1080,0,0,779,0,0,9045,1045,8929,1590,0,17979,0,809,42,33,18,12,0,23,65439,187,23,0,221,16,3,222,402,0,134612,20,0,22,69179,56,34,0,52067,23045,0,448,"202",229,38,43,24,5314,2731,11,17,80,29025,26,0
287,15030,5331,0,140,146,0,30815,8618,15782,0,3286,1002,120,3583,531,219,0,103,6821,476,23,3235,4285,9,13,11,3417,18,1628,23,1796,0,9,13,0,9512,4836,4678,18,33,1018,4230,8376,15,534,9,10,5451,75,13,24,483,0,62,135,4149,352,0,375,191,8786,3334,245,0,600,180,146,0,0,34692,6740,17688,13369,"Geelong",6627,18,0,18073,17,0,0,0,17006,16264,1026,2173,15473,1142,38,4956,9777,4829,153,334,13,184,0,21,0,0,230718,111886,0,38,118832,48366,26,105860,31733,0,6582,13029,40,17,6448,0,57496,0,0,135,0,80,13,15,62,0,295,0,147,0,3,0,20,0,0,24,0,3,3642,4,6925,3283,62,3,2508,0,1309,0,0,1570,0,0,16714,1199,17404,3326,3,34118,0,1754,68,24,25,14,0,43,114106,304,66,0,375,9,22,291,673,0,235394,42,0,29,121288,101,70,0,107139,48917,0,583,"203",289,64,66,26,8626,4338,10,38,125,58222,20,0
258,8825,2800,0,128,130,0,18060,4066,9231,0,1270,3312,96,1021,1764,199,0,104,1930,1548,17,909,6348,20,3,61,1893,19,957,24,935,0,18,0,0,16990,9110,7881,12,29,3327,7225,13461,3,1779,3,3,2871,121,18,24,1555,0,99,218,6236,285,0,454,229,4170,1299,221,0,506,226,107,0,0,22223,3766,11165,7351,"Hume",3583,10,6,15275,8,0,0,3,11061,9661,881,1771,9279,894,15,9253,17261,8001,133,273,41,137,0,57,0,0,145233,71650,0,100,73583,22774,64,51730,18945,0,3600,7035,117,59,3440,0,28953,0,24,222,4,124,21,6,105,0,204,0,97,0,3,0,10,0,0,23,4,7,1058,20,1995,941,50,14,2579,0,1361,0,0,909,0,0,10824,1222,10933,1805,3,21757,0,891,53,140,22,75,0,32,73744,184,30,0,245,3,16,319,426,0,149577,21,0,18,75833,69,52,0,52661,23178,0,610,"204",288,63,60,29,13703,7355,8,32,117,29485,9,0
402,13769,4156,0,217,181,0,27934,5898,14168,0,1738,1526,147,1648,800,300,0,155,2836,724,26,1188,4918,9,12,13,2690,17,1346,24,1344,0,9,17,0,11465,5883,5582,25,43,1552,4958,9704,19,811,12,8,4263,124,9,27,739,0,112,239,4744,354,0,649,312,6048,1790,306,0,663,340,155,0,0,37521,5552,18760,10999,"Latrobe - Gippsland",5443,5,0,23908,3,0,0,0,18760,14813,1370,2785,14421,1417,12,6083,11858,5771,206,433,27,222,0,19,0,0,230615,112931,0,49,117680,33765,19,77740,29236,0,5318,10549,57,34,5232,0,43972,0,0,250,0,129,9,16,115,0,334,0,175,0,0,0,18,0,0,28,0,3,1688,5,2900,1215,69,4,3944,0,2009,0,0,1275,0,0,18380,1932,18407,2550,0,36786,0,1277,55,28,23,23,0,34,116236,278,41,0,336,12,11,451,616,0,237339,31,0,30,121103,107,74,0,79020,34352,0,864,"205",418,83,102,47,10064,5142,8,57,151,44669,17,0
186,17851,24024,0,95,95,0,35860,42339,18003,0,18313,14381,93,21067,7270,148,3,62,38249,7112,46,17179,15001,24,24,120,5382,25,2654,44,2733,3,25,24,11,43941,21867,22068,24,56,14425,14382,29124,26,7291,18,16,24233,219,29,57,7134,0,215,432,14740,658,0,275,166,42714,18476,597,0,1256,111,126,0,3,30244,10665,15625,23160,"Melbourne - Inner",12495,77,3,13796,58,0,0,3,14615,18291,1022,2060,18133,1032,137,22102,44462,22361,142,321,194,177,0,195,0,0,357534,175298,0,388,182235,179989,338,378041,36418,0,10540,22888,663,323,12341,0,198055,0,80,438,4,217,33,26,218,0,245,0,115,0,8,6,29,6,8,53,4,141,21224,269,38536,17310,60,131,2230,0,1113,0,0,2615,0,0,14394,1119,15422,5299,8,29814,0,2687,155,258,70,141,8,81,177437,745,180,0,815,18,69,132,1557,0,361824,104,0,94,184383,195,101,5,380852,181321,3,239,"206",107,64,26,19,29597,14594,22,14,125,199525,35,3
67,19221,9144,0,38,32,0,39335,16277,20115,0,7138,765,25,8692,370,56,3,32,18107,399,6,9412,4480,3,4,20,4512,10,2191,6,2318,0,3,4,8,9084,4295,4785,13,17,778,3902,8264,3,366,7,3,9202,29,5,12,409,0,29,55,4362,133,0,73,36,16387,7181,142,0,284,35,93,0,0,23697,10986,11150,22011,"Melbourne - Inner East",11022,27,0,10148,35,0,0,0,12546,20269,606,1320,19354,714,62,4394,9310,4920,95,198,31,102,0,31,0,0,213244,103918,0,58,109327,101199,27,210269,39628,0,10888,21811,60,34,10924,0,109069,0,3,63,0,33,5,3,32,0,162,0,65,0,3,0,13,0,0,12,0,0,8748,3,18212,9463,73,0,606,0,292,0,0,2183,0,0,12417,318,11051,4477,3,23467,0,2299,40,39,17,17,0,19,104833,428,60,0,460,7,26,38,889,0,215176,33,0,24,110336,42,25,8,211445,101775,0,88,"207",51,63,11,9,8471,3992,3,6,136,109667,13,3
104,23019,8765,0,40,64,0,47080,14715,24064,0,5949,977,30,7406,491,63,0,36,14454,487,8,7051,4621,9,0,12,5974,13,2900,15,3070,0,9,3,0,9599,4640,4962,21,31,995,4119,8570,0,505,3,0,8843,30,15,16,494,0,21,52,4452,226,0,108,54,14822,5981,213,0,435,58,144,0,0,30631,10215,14879,20263,"Melbourne - Inner South",10045,26,0,14178,29,0,0,0,15746,24266,811,1800,23247,988,50,4759,9898,5135,143,266,27,125,0,17,0,0,286906,139089,0,44,147812,104638,18,220430,47515,0,10111,20086,48,26,9971,0,115794,0,3,53,0,32,15,3,21,0,237,0,94,0,3,0,3,0,3,12,0,0,7445,4,14547,7098,47,0,969,0,492,0,0,2880,0,0,15560,474,14728,5913,3,30286,0,3038,38,38,17,18,3,24,140373,440,54,0,511,3,16,80,946,0,289673,44,0,16,149298,48,38,0,221811,105283,0,168,"208",83,66,23,9,8850,4222,0,14,119,116530,6,0
380,26668,11092,0,182,198,0,55061,19099,28395,0,8004,1262,132,7889,619,243,0,115,15656,641,44,7770,5746,15,30,28,6731,30,3349,46,3374,0,15,30,0,12427,6178,6243,28,61,1297,5487,11011,33,643,26,17,11239,70,15,43,654,0,87,153,5523,577,0,541,273,19336,8100,400,0,977,271,170,0,0,43569,11986,22517,23835,"Melbourne - North East",11847,46,0,24321,55,0,0,0,21054,29059,1221,2477,27289,1252,98,6370,12863,6493,285,586,24,306,0,19,0,0,301364,148652,0,47,152712,107589,19,225248,56350,0,11778,23396,44,27,11622,0,117662,0,0,163,3,74,15,33,89,0,337,0,168,4,3,3,40,0,0,46,3,0,7992,0,15863,7870,103,0,3483,0,1799,0,0,3278,0,0,20694,1687,22154,6573,3,42853,0,3302,104,50,45,25,0,60,151561,601,104,0,642,26,47,336,1241,0,307322,57,0,48,155766,139,91,0,227471,108593,0,699,"209",365,100,91,50,11405,5655,14,43,200,118879,44,0
236,20647,7351,0,122,113,0,42493,12580,21850,0,5225,1081,82,4720,607,159,0,74,9627,470,27,4909,4030,15,11,15,4559,15,2217,27,2340,0,15,11,0,9124,4748,4382,24,38,1106,4084,7940,10,618,11,13,7452,53,15,26,485,0,52,106,3855,312,0,333,157,12747,5298,272,0,583,176,130,0,0,32797,9139,16880,18346,"Melbourne - North West",9214,29,0,19781,42,0,0,0,15914,22313,905,1754,21036,851,67,4937,9512,4576,188,436,22,250,0,16,0,0,195580,97093,0,38,98485,71293,25,148070,43354,0,8977,18015,52,23,9039,0,76779,0,8,112,0,53,15,10,59,0,275,0,146,0,0,0,27,0,0,26,0,9,4787,14,9760,4980,93,3,2084,0,1082,0,0,2181,0,0,15660,1008,16628,4473,0,32282,0,2294,64,38,33,23,0,35,99010,438,89,0,471,16,39,206,901,0,199430,48,0,32,100419,84,52,0,149563,72006,0,423,"210",214,84,42,23,8294,4266,13,21,176,77557,29,0
310,27422,9663,0,159,144,0,56581,15556,29166,0,5891,920,141,6210,491,235,0,95,12462,428,42,6255,5626,10,32,9,6576,15,3232,42,3345,0,12,34,0,11726,5771,5953,8,23,929,5223,10681,37,500,8,11,9765,55,11,51,434,0,69,122,5459,398,0,507,274,15707,5945,305,0,706,234,233,0,0,56522,13385,28775,26353,"Melbourne - Outer East",12968,32,0,31329,28,0,0,0,27739,29703,1416,2902,27941,1487,56,5949,12081,6133,196,440,16,243,0,27,0,0,379395,186709,0,41,192694,101880,28,219086,57644,0,13178,25917,51,22,12738,0,117205,0,3,133,8,59,13,42,70,0,427,0,196,3,10,3,24,0,3,56,8,3,6279,6,12580,6299,95,0,2742,0,1415,0,0,3183,0,0,27344,1330,28441,6490,10,55782,0,3312,66,27,24,18,3,44,189451,504,66,0,597,14,27,320,1096,0,385044,39,0,30,195595,83,58,0,220884,102692,0,623,"211",302,102,63,24,11014,5389,12,42,195,118193,30,0
326,42544,16977,0,159,165,0,87486,29153,44945,0,12176,1487,118,13732,803,257,0,136,27933,682,16,14206,8033,6,10,17,9453,39,4614,16,4837,0,6,10,0,17447,8985,8466,20,58,1522,8089,15775,11,826,12,7,17131,88,9,18,697,0,92,188,7683,474,0,499,277,29412,12274,350,0,827,225,212,0,0,63959,20852,33346,41142,"Melbourne - South East",20286,64,0,41327,77,0,0,0,30613,45615,1542,3183,43228,1637,140,9379,18207,8830,307,633,44,327,0,36,0,0,389915,195325,0,82,194590,162175,44,333533,88845,0,20574,40617,87,46,20042,0,171356,0,3,190,3,95,9,11,98,0,447,0,234,0,3,4,20,3,0,18,3,5,13831,7,28139,14310,128,3,3148,0,1613,0,0,4533,0,0,30240,1532,32948,9307,3,63185,0,4777,66,52,26,34,0,42,198399,834,158,0,899,18,63,379,1734,0,396245,92,0,35,197843,97,64,0,336093,163366,0,730,"212",347,142,85,38,16496,8460,8,47,267,172728,23,0
507,41730,17365,0,251,256,0,84995,29211,43270,0,11839,1465,186,9988,773,346,0,158,20419,691,36,10432,7914,20,18,21,9894,29,4837,39,5055,0,20,19,0,17131,8799,8335,44,74,1518,7922,15478,18,795,17,24,17578,109,20,41,717,0,82,193,7555,638,0,730,341,29562,11988,507,0,1146,389,201,0,0,58072,16964,30665,34029,"Melbourne - West",17063,67,0,37067,65,0,0,0,27403,44227,1550,3119,42629,1572,133,9190,17911,8716,435,873,37,440,0,30,0,0,370558,185435,0,63,185119,153406,39,315814,86856,0,16649,33389,74,38,16742,0,162411,0,3,199,0,109,23,19,86,0,443,0,237,0,0,0,40,3,0,39,0,9,10102,7,20640,10536,137,4,4391,0,2240,0,0,4756,0,0,26948,2151,30173,9718,0,57119,0,4963,89,51,34,30,0,55,189136,869,167,0,918,18,84,463,1790,0,378070,81,0,61,188934,187,123,0,318746,154786,0,982,"213",519,159,98,49,16198,8285,26,53,298,163963,40,0
282,15241,4974,0,127,157,0,31258,7458,16015,0,2485,827,85,2488,426,184,3,99,4694,399,16,2203,4417,6,8,10,3709,22,1790,18,1925,0,7,8,3,9554,4831,4723,19,34,849,4327,8591,14,443,3,0,5066,80,11,25,410,0,54,132,4267,383,0,420,224,7586,2521,296,0,672,200,145,0,0,35267,6362,17724,12755,"Mornington Peninsula",6393,20,0,21821,25,0,0,0,17543,16472,1073,2332,15659,1257,45,4983,9866,4883,169,350,18,178,0,18,0,0,243572,118583,0,44,124985,49331,26,108564,32134,0,6199,12445,53,23,6247,0,59240,0,0,141,0,86,12,14,55,0,260,0,119,0,6,4,3,3,3,24,0,5,2543,10,4779,2233,62,3,2510,0,1254,0,0,1747,0,0,17266,1255,17454,3624,6,34724,0,1876,45,30,9,18,3,34,120912,324,40,0,396,3,18,248,722,0,248413,27,0,20,127502,85,63,3,109959,49946,0,531,"214",283,60,57,35,8879,4456,0,22,121,60010,5,3
371,7334,1846,0,221,152,0,15048,2751,7718,0,901,1273,126,824,770,255,0,123,1336,496,18,515,2749,8,10,13,1589,13,766,22,824,0,14,10,0,7256,4048,3211,13,29,1279,3161,5798,10,778,19,23,1926,113,8,18,505,0,77,185,2637,299,0,643,298,2861,935,213,3,518,342,91,3,0,20566,3177,10296,6326,"North West",3152,9,0,12648,10,0,0,0,10271,8328,828,1644,7880,813,17,4175,7506,3336,143,280,10,142,0,7,3,3,121894,60318,0,18,61574,17168,9,39216,16215,0,3006,5983,24,8,2982,0,22047,0,0,204,0,119,14,10,84,0,198,0,103,0,0,0,39,0,0,22,0,4,850,3,1397,545,41,0,3739,0,1930,0,0,710,0,0,9954,1807,10044,1451,0,19998,0,743,36,29,22,17,0,22,62957,166,25,0,194,19,13,412,357,0,127271,14,0,23,64318,90,69,0,40089,17551,0,885,"215",472,43,104,62,6024,3280,21,46,88,22538,40,0
377,6617,1874,0,189,189,0,13807,2656,7191,0,782,879,108,773,473,234,0,122,1321,410,48,546,2140,19,24,14,1323,14,654,48,673,0,19,24,0,5370,2811,2558,7,21,886,2235,4290,27,479,6,6,1964,113,22,51,410,0,91,203,2057,318,0,560,273,2771,804,229,0,549,285,70,0,0,17178,3040,8623,5935,"Shepparton",2895,8,0,11046,4,0,0,0,8555,7661,616,1316,7096,699,15,2945,5591,2649,105,198,16,91,0,5,0,0,103078,51029,0,22,52044,14793,9,34168,14755,0,2893,5649,27,14,2751,0,19370,0,0,213,0,118,22,27,96,0,156,0,84,0,3,0,13,0,3,51,0,0,809,5,1372,560,28,0,3355,0,1690,0,0,594,0,0,8295,1664,8349,1223,3,16646,0,624,40,31,15,18,3,21,53309,116,21,0,172,6,5,378,286,0,107747,14,0,20,54443,90,73,0,35001,15137,0,759,"216",377,28,84,40,4488,2354,8,42,57,19862,18,0
205,6361,1700,0,115,89,0,13167,2459,6805,0,755,663,72,738,376,144,0,74,1247,286,27,508,2132,7,17,18,1238,6,605,28,636,0,11,20,0,5044,2672,2367,11,17,673,2249,4296,17,382,10,10,1755,48,7,29,293,0,39,83,2045,169,0,280,137,2532,784,144,0,312,137,112,0,0,17833,2700,8946,5371,"Warrnambool and South West",2669,14,0,10062,4,0,0,0,8884,7139,706,1399,6664,691,11,2775,5230,2464,107,224,7,118,0,9,0,0,106884,52629,0,14,54253,15355,9,35830,13804,0,2578,5144,14,7,2563,0,20476,0,0,87,0,49,14,20,39,0,192,0,85,4,0,5,23,0,0,34,0,0,760,0,1277,518,31,0,1761,0,872,0,0,569,0,0,8661,890,8776,1170,0,17438,0,603,21,33,7,19,0,6,54220,131,22,0,166,13,11,199,298,0,110036,12,0,14,55814,53,36,0,36440,15634,0,412,"217",214,50,54,31,4474,2343,10,22,83,20809,24,0
356,13121,3934,0,189,169,0,27100,5924,13981,0,1990,480,197,1921,251,359,0,161,3463,231,71,1546,2964,28,39,13,2462,10,1177,78,1288,0,33,39,0,6413,3187,3225,3,10,494,2818,5698,45,252,15,14,4072,116,33,74,239,0,117,228,2873,790,0,989,458,6121,2045,656,4,1442,529,41,4,0,14408,5397,7530,10733,"Brisbane - East",5337,13,0,20842,7,0,0,0,6884,14626,612,1301,13771,690,22,3288,6617,3327,108,208,20,97,0,20,4,4,189284,93210,0,38,96081,43566,25,91456,28394,0,5221,10319,42,20,5101,0,47890,0,0,239,0,120,36,45,122,0,89,0,55,0,3,0,29,0,0,77,0,0,1976,0,3569,1589,36,0,4895,0,2535,0,0,1127,0,0,6654,2357,7307,2368,3,13959,0,1239,83,40,37,20,0,47,96180,205,22,0,243,15,5,539,442,0,195482,10,0,47,99309,171,127,0,93347,44428,0,1082,"301",543,21,81,40,5879,2916,14,38,58,48920,29,0
302,10417,5051,0,150,151,0,21386,8185,10963,0,3138,519,143,2585,275,295,0,152,4716,244,72,2123,2900,31,37,11,2231,9,1064,89,1175,0,47,46,0,6290,3102,3187,5,17,525,2701,5524,44,276,18,25,5159,126,40,80,244,0,124,252,2824,740,9,745,366,8377,3220,701,11,1442,380,32,11,0,10619,4268,5557,8655,"Brisbane - North",4386,18,0,14048,6,0,0,0,5061,11455,502,1009,10913,506,23,3172,6452,3275,71,158,28,88,9,25,11,11,159178,77738,0,53,81443,48363,31,99994,22368,0,4077,8296,59,34,4212,0,51627,0,0,258,0,134,53,45,129,0,65,0,37,0,6,3,41,0,6,100,0,0,2661,3,4835,2174,27,3,4065,0,2074,0,0,1018,0,0,4883,1989,5371,2146,6,10252,0,1133,104,37,41,22,6,57,80233,204,30,0,210,18,16,427,408,0,164256,19,0,68,84021,158,90,0,101844,49265,0,828,"302",403,38,72,30,5664,2761,27,39,67,52574,44,0
253,17470,10177,0,136,114,0,35564,18260,18092,0,8087,1002,138,7703,501,273,0,138,15088,501,50,7381,4535,24,29,22,3576,8,1752,58,1827,0,23,32,0,9989,4997,4993,6,22,1020,4388,8792,36,513,13,4,10342,104,24,52,509,0,89,196,4408,806,0,645,314,18552,8211,747,0,1556,336,41,0,0,14314,8407,7554,16851,"Brisbane - South",8447,35,0,17199,17,0,0,0,6762,18591,591,1208,17960,617,49,5127,10264,5141,109,227,27,119,0,33,0,0,207659,102916,0,63,104739,91914,31,187046,36552,0,8210,16477,64,33,8260,0,95128,0,4,207,0,108,21,37,94,0,95,3,56,0,0,4,19,4,0,60,0,3,7820,6,15291,7473,44,3,3943,0,2023,0,0,1705,0,0,6588,1924,7384,3494,0,13969,0,1782,159,55,74,32,0,85,105425,317,65,0,332,13,33,380,644,0,212811,34,0,90,107387,225,139,0,189243,92977,0,763,"303",384,57,65,29,9042,4503,9,37,101,96273,21,0
123,10539,4862,0,74,54,0,22177,8602,11635,0,3742,151,74,5035,79,155,0,78,9593,75,16,4559,2319,6,10,27,2173,9,1066,15,1109,0,8,7,3,4776,2394,2380,4,19,151,2257,4520,10,79,0,4,4909,56,8,18,75,0,47,102,2258,339,0,216,117,8705,3793,368,0,706,105,18,3,0,7578,5689,3808,11728,"Brisbane - West",6039,19,0,7739,16,0,0,0,3773,11873,334,685,10769,346,30,2455,4892,2436,65,139,27,75,0,29,0,3,139260,68635,0,59,70625,50932,37,104337,22639,0,5573,11512,64,31,5939,0,53407,0,0,107,0,56,7,7,46,0,43,0,23,0,0,0,3,0,0,20,0,8,5103,11,9713,4610,25,3,1608,0,791,0,0,1048,0,0,3678,821,3729,2134,0,7411,0,1086,88,41,39,14,0,48,69790,186,31,0,205,0,13,158,388,0,141560,15,0,30,71762,64,34,3,105434,51485,0,318,"304",160,35,24,13,4640,2323,4,12,65,53947,7,0
177,10229,9552,0,91,87,0,20818,17449,10586,0,7897,4667,105,7432,2460,175,3,73,13713,2205,58,6282,7040,32,33,66,2198,5,1092,67,1107,3,30,31,6,19173,9814,9357,9,18,4679,7156,14113,33,2466,9,4,9681,193,32,61,2214,0,192,385,6958,647,0,376,191,17694,8012,651,4,1298,186,33,4,0,9674,5330,5057,11273,"Brisbane Inner City",5939,31,0,9072,20,0,0,0,4616,10782,449,862,10417,417,47,9921,19370,9449,57,115,63,58,0,92,4,4,181600,90913,0,155,90684,77386,138,156700,21196,0,5227,11025,230,97,5801,0,79315,0,37,384,0,193,37,31,195,0,64,0,29,0,0,0,14,0,0,68,0,39,7554,76,13915,6360,38,31,2391,0,1185,0,0,1071,0,0,4493,1210,4941,2156,0,9437,0,1077,149,131,58,62,0,90,92573,296,61,0,244,9,27,125,540,0,184859,28,0,87,92289,186,100,3,158536,78332,3,260,"305",132,35,25,15,14298,7262,4,9,70,80204,14,3
2137,11186,4716,0,1195,945,0,23138,6949,11955,0,2234,6566,665,1330,3303,1272,3,608,2254,3257,1523,925,11878,700,820,134,2207,13,1054,1773,1155,0,821,950,3,31901,16056,15843,15,30,6598,11891,23619,852,3321,48,56,5164,865,729,1582,3274,8,858,1720,11729,2985,54,4053,1846,7579,2410,2404,60,5392,2206,77,116,3,17374,4372,8961,8865,"Cairns",4496,10,8,20885,12,3,0,0,8408,14820,993,1986,13890,998,18,16300,32381,16079,213,396,182,188,62,177,60,122,168034,84650,0,357,83390,37896,237,81077,28712,0,3718,7492,502,262,3774,0,43182,3,57,1854,23,934,859,977,923,8,155,13,80,3,45,7,101,5,21,1836,18,64,1464,132,2445,982,62,75,20388,7,10617,0,0,874,15,8,7138,9773,7936,1832,46,15073,0,961,168,309,49,178,26,120,95413,280,51,0,322,45,18,2498,595,0,190417,32,0,161,95002,579,421,0,87067,40574,0,5178,"306",2679,45,342,180,23933,12049,57,165,107,46491,105,0
461,6669,1718,0,266,198,0,13807,2389,7139,0,673,2379,186,483,1818,383,0,200,773,564,36,294,3059,11,20,14,1254,3,613,40,641,0,15,20,0,10662,6997,3666,18,24,2399,4911,7851,23,1829,10,7,1842,267,12,35,570,0,168,430,2936,673,0,1332,664,2562,721,490,3,1160,672,31,3,0,7308,2319,3713,4541,"Darling Downs - Maranoa",2220,4,0,14770,3,0,0,0,3594,8110,691,1359,7545,665,13,7153,10964,3810,100,219,18,121,0,23,3,3,103005,51900,0,40,51109,15692,19,35035,15654,0,2094,4108,37,18,2016,0,19345,0,10,468,0,286,16,23,180,0,66,0,33,0,3,0,19,0,0,41,0,4,524,4,825,307,20,0,6629,0,3391,0,0,542,0,0,3297,3240,3488,1102,3,6784,0,559,43,34,12,23,0,37,55834,147,18,0,159,10,10,777,304,0,110994,13,0,43,55157,158,108,0,36502,16327,0,1624,"307",847,27,132,64,8101,5040,7,69,48,20179,19,0
955,12353,3931,0,519,442,0,25577,5705,13223,0,1775,4183,408,1309,3084,753,0,348,2132,1099,220,827,6764,99,122,28,2270,4,1164,246,1103,0,109,131,0,21569,13501,8075,19,26,4198,9902,16534,120,3088,44,38,4164,509,103,224,1109,0,342,858,6628,1478,10,2329,1115,6009,1848,1229,5,2709,1214,78,10,0,14953,4356,7857,8728,"Central Queensland",4371,5,0,23582,8,0,0,0,7095,14843,959,2005,13940,1044,17,13670,21895,8224,184,379,55,197,10,52,5,10,177407,89656,0,101,87755,31690,54,67679,28781,0,3964,7871,119,68,3906,0,35987,0,8,889,0,536,114,133,352,0,132,3,63,0,0,0,77,0,0,245,0,7,1390,17,2264,876,55,7,11876,0,6088,0,0,1032,3,0,6505,5788,7360,2029,0,13860,0,995,113,63,42,33,0,68,96402,199,29,0,244,44,7,1407,449,0,191286,24,0,67,94887,273,209,0,70839,33123,0,2830,"308",1419,46,215,94,16809,10045,35,123,105,37716,77,0
703,29707,12738,0,363,342,0,60939,20177,31234,0,7439,8346,349,6917,4054,685,0,337,12696,4292,62,5782,16810,34,29,85,6837,33,3347,71,3489,3,37,27,4,41104,20007,21098,20,52,8382,15629,32149,29,4067,16,22,13057,323,36,68,4312,0,291,619,16517,1447,0,1901,947,20654,7600,1246,3,2700,954,145,3,0,40410,12100,20172,24717,"Gold Coast",12616,32,0,48443,27,0,0,0,20233,32499,1585,3413,30966,1827,60,20298,41718,21427,275,552,233,276,0,193,3,3,446775,218670,0,431,228110,112927,254,238026,63460,0,11667,23842,553,296,12173,0,125097,0,34,627,0,327,37,30,304,0,274,0,135,0,0,4,39,0,0,75,0,57,7090,119,12988,5902,92,58,9108,0,4687,0,0,3198,0,0,19731,4422,19703,6574,4,39435,0,3375,235,198,93,108,0,143,224678,601,103,0,666,24,30,979,1269,0,459299,72,0,126,234618,368,243,4,241989,114783,3,1971,"309",986,94,212,95,32711,15904,24,115,187,127209,41,0
924,19336,6975,0,488,436,0,39505,10597,20166,0,3624,742,455,3013,408,880,0,428,5273,336,133,2257,4199,66,63,34,3708,8,1789,135,1923,0,69,64,0,9788,5187,4601,29,37,763,4472,8457,71,413,31,25,7249,310,74,143,355,0,272,580,3984,1576,0,2068,1010,10992,3745,1229,3,2810,1061,74,4,0,20027,7266,10319,14553,"Ipswich",7288,20,0,28059,20,0,0,0,9709,22017,1130,2253,20991,1125,33,5416,10253,4839,240,512,15,275,0,17,3,4,233501,115886,0,36,117618,52937,26,112049,43005,0,6777,13555,45,21,6772,0,59115,0,4,608,7,319,77,74,281,0,162,0,86,3,8,7,59,7,4,147,7,8,3160,8,5489,2331,60,4,11808,0,5985,0,0,1663,0,0,9142,5819,9798,3445,9,18941,0,1787,185,72,61,40,4,123,122833,334,57,0,362,38,25,1411,696,0,247560,34,0,91,124726,337,243,0,115558,54498,0,2989,"310",1580,56,223,111,8879,4679,25,113,118,61056,63,0
783,19424,6075,0,407,377,0,39722,9186,20299,0,3105,629,356,2616,329,693,0,337,4632,302,101,2018,3904,49,52,10,3836,10,1880,107,1952,3,48,58,3,8736,4492,4242,25,38,649,3944,7680,56,339,13,25,6328,223,48,104,309,0,204,426,3733,1321,3,1869,897,9525,3193,1078,0,2402,971,83,4,0,21603,7109,10989,14429,"Logan - Beaudesert",7325,11,0,29370,16,0,0,0,10614,21713,1072,2147,20895,1075,33,4684,9122,4437,202,401,20,194,3,21,0,4,236271,117081,0,37,119191,52535,21,110713,42613,0,6706,13617,37,20,6909,0,58179,0,6,456,0,238,49,57,218,0,177,0,86,0,3,0,39,0,0,110,0,0,2725,0,4820,2091,65,0,10053,0,5180,0,0,1749,0,0,10127,4870,10522,3555,3,20643,0,1807,150,35,56,24,0,94,123020,331,62,0,331,13,20,1264,665,0,248473,39,0,65,125448,275,213,3,113777,53940,3,2483,"311",1222,63,247,126,8018,4113,30,123,126,59831,42,0
667,9103,2868,0,367,299,0,18826,4049,9724,0,1184,6979,260,849,5164,467,0,209,1358,1821,81,513,6888,44,39,20,1811,5,864,92,945,0,46,42,0,25156,16268,8889,15,18,6996,10729,17519,44,5169,0,3,3029,381,39,82,1824,0,273,657,6788,984,3,1532,766,4260,1230,837,7,1823,761,56,7,0,12031,2989,6494,6052,"Mackay - Isaac - Whitsunday",3067,0,0,18902,5,0,0,0,5534,10794,783,1546,10207,765,10,16424,25415,8987,138,269,77,131,3,76,7,7,134522,68679,0,155,65840,23890,106,51436,20996,0,2741,5503,203,93,2764,0,27541,0,5,668,0,392,50,45,276,0,117,0,59,0,5,0,3,0,0,95,0,27,903,48,1445,544,44,20,7932,0,4089,0,0,792,0,0,5115,3846,6130,1647,5,11245,0,852,79,40,24,23,0,52,73306,176,26,0,193,0,4,965,373,0,143999,21,0,38,70695,181,145,0,53638,24914,0,1908,"312",941,42,144,79,17744,10863,3,66,86,28725,3,0
619,12859,4224,0,347,266,0,26500,5948,13640,0,1725,957,286,1491,483,568,4,278,2508,471,88,1020,3935,40,48,14,2362,12,1140,93,1226,0,46,46,7,8974,4521,4453,20,29,974,3856,7662,52,490,17,18,4432,178,48,102,485,3,180,354,3806,1083,0,1550,732,6235,1799,813,0,1894,819,68,0,0,16676,4671,8348,9584,"Moreton Bay - North",4910,10,4,25491,14,0,0,5,8333,14815,949,1947,13946,994,22,4656,9255,4598,170,338,31,175,0,20,4,4,195966,95937,0,54,100032,34505,30,74557,28757,0,4348,8920,71,41,4577,0,40051,0,3,373,0,193,55,52,188,4,146,6,81,0,8,3,36,3,3,105,0,6,1574,12,2644,1068,48,6,8106,3,4195,0,0,1050,5,3,7916,3912,7994,2170,8,15908,0,1117,115,31,36,19,3,78,100802,258,44,4,282,17,9,917,538,0,206017,28,4,63,105218,245,186,6,76991,35572,0,1916,"313",998,47,165,87,7906,3977,20,75,95,41422,36,4
295,13164,4126,0,166,130,0,27010,6244,13848,0,2119,261,152,1849,135,273,3,116,3338,128,32,1491,2191,18,21,16,2657,8,1264,35,1398,0,19,21,3,4580,2253,2328,6,18,267,2041,4175,21,138,8,11,4227,83,18,32,129,0,61,141,2138,701,0,642,314,6397,2175,550,0,1245,326,31,0,0,12370,4661,6364,9424,"Moreton Bay - South",4763,12,0,15757,3,0,0,0,6003,14417,498,1007,13711,511,12,2322,4703,2376,87,185,14,100,0,12,0,5,165122,81514,0,27,83606,39823,14,83511,28129,0,4523,9097,30,22,4579,0,43687,0,3,145,0,82,19,21,60,0,63,0,28,3,0,3,19,0,0,35,0,0,1909,0,3423,1511,28,0,3961,0,2079,0,0,1206,0,0,5803,1886,6206,2544,0,12008,0,1341,67,38,18,18,0,51,83899,180,27,0,192,9,11,459,376,0,170090,17,0,45,86189,130,85,3,85129,40551,0,937,"314",473,23,100,45,4291,2102,9,51,51,44579,21,3
2173,2430,930,0,1246,920,0,5035,1381,2599,0,448,2986,483,237,1843,904,0,418,362,1145,7977,116,5562,3870,4106,64,973,4,488,9367,490,0,4615,4752,0,17789,10408,7388,4,6,3004,7720,13208,4182,1854,216,203,1189,844,3943,8131,1154,8,753,1596,5495,2869,460,4586,2261,1739,549,2351,549,5219,2322,18,1015,3,5251,992,2571,2034,"Queensland - Outback",1038,3,3,6218,0,0,0,0,2681,5300,347,662,5094,314,4,10659,18298,7640,55,107,50,48,468,50,561,1033,42072,22221,0,103,19848,8140,70,17481,10393,0,562,1109,132,65,543,0,9340,0,21,1932,85,1009,4708,4848,924,15,43,17,19,21,141,38,416,24,67,9550,74,11,299,27,452,154,10,14,13519,3,6946,19,13,236,14,10,1416,6578,1628,466,168,3043,9,228,87,141,33,74,80,52,29138,78,12,0,100,230,3,2599,174,0,56253,4,0,100,27111,345,253,0,22882,10570,0,5249,"315",2644,13,503,253,13361,7801,224,249,23,12311,453,0
488,18842,7285,0,248,242,0,38844,10711,20000,0,3425,3682,227,2802,1816,444,0,220,4789,1870,41,1990,12464,20,18,51,3327,13,1613,39,1718,0,25,18,6,27932,13620,14314,16,26,3695,11590,23857,20,1819,10,14,7514,216,21,48,1875,0,176,390,12269,926,0,1246,651,11028,3513,806,0,1737,599,90,0,0,25361,6949,12481,14352,"Sunshine Coast",7403,17,0,33434,18,0,0,0,12881,20964,1125,2404,19775,1279,32,13813,28329,14520,175,367,181,193,0,158,0,0,300034,145168,0,338,154869,63663,189,136140,40733,0,6678,13798,410,220,7117,0,72472,0,13,407,8,222,26,20,180,0,173,0,84,0,7,7,26,3,0,47,8,30,2902,73,4948,2050,59,35,6284,0,3139,0,0,1552,0,0,12545,3149,12159,3185,7,24705,0,1638,126,101,41,52,0,83,149438,330,68,0,418,19,25,751,752,0,308716,50,0,70,159285,248,179,6,138622,64805,0,1521,"316",767,51,120,63,24228,11764,19,56,114,73818,32,0
411,8630,3418,0,226,181,0,17417,5557,8786,0,2139,785,213,1596,398,426,0,208,2826,386,66,1235,2825,16,42,13,1566,5,776,68,792,0,16,48,0,6627,3366,3264,12,19,793,2797,5517,45,403,14,13,3574,174,21,66,391,0,153,334,2722,705,0,973,503,5769,2197,596,0,1302,468,31,0,0,8534,3300,4166,6931,"Toowoomba",3634,6,0,14148,16,0,0,0,4374,9552,488,1027,9497,537,26,3454,6835,3382,100,171,16,76,0,14,0,0,121735,58604,0,26,63136,25040,16,53686,19051,0,3066,6460,34,18,3393,0,28650,0,0,344,0,183,21,49,163,0,52,0,25,0,3,0,28,0,0,65,0,0,1662,0,2944,1281,31,3,5586,0,2866,0,0,716,0,0,4117,2719,3960,1453,3,8073,0,738,86,45,32,36,0,57,61812,143,33,0,152,14,8,769,295,0,128349,24,0,48,66536,179,131,0,55284,25776,0,1464,"317",689,22,95,43,5692,2869,13,56,53,29506,28,0
1484,11753,4969,0,803,678,0,23877,7548,12130,0,2582,3390,547,2729,1819,1113,0,563,4541,1570,530,1815,6401,253,276,94,2390,9,1156,593,1233,0,290,302,4,17657,9236,8423,11,21,3407,6767,13059,284,1833,34,47,5311,651,264,546,1574,0,560,1206,6291,2145,12,3007,1433,8057,2740,1821,22,3966,1573,46,32,3,15640,5204,8300,10586,"Townsville",5380,9,4,20926,6,0,0,0,7338,14300,783,1545,13792,762,14,9427,18014,8593,152,291,84,138,12,81,22,35,178280,89081,0,162,89202,37952,101,80248,28090,0,4594,9388,209,112,4792,0,42295,0,16,1314,8,701,299,319,612,0,115,3,71,0,16,3,82,3,5,612,11,18,2876,45,4778,1900,42,24,15944,0,8152,0,0,1011,3,0,6483,7796,7552,2082,14,14038,0,1074,218,150,81,62,6,138,97660,231,44,0,222,39,16,1890,451,0,195766,23,0,140,98114,463,321,4,84660,40001,0,3923,"318",2036,52,282,144,13297,6889,53,131,91,44661,87,0
1065,14011,4624,0,592,474,0,28917,6409,14912,0,1793,3042,426,1111,1639,855,0,428,1822,1400,140,711,8777,75,67,27,2405,13,1132,151,1272,0,78,73,0,21673,11369,10302,15,29,3073,9317,17893,73,1658,51,59,4869,409,76,146,1416,0,338,749,8572,1256,0,2564,1205,6733,1863,1043,7,2297,1351,104,4,0,19461,5023,9554,10038,"Wide Bay",5016,15,5,34901,5,0,0,5,9908,16758,1415,2829,15712,1420,20,11610,22159,10547,211,442,88,235,0,68,7,4,240195,118325,0,160,121872,34561,92,75387,32473,0,4534,9075,217,123,4541,0,40829,0,0,788,3,430,80,70,353,0,188,0,90,0,4,0,109,0,0,150,3,23,1182,55,1932,757,51,28,12617,0,6376,0,0,1004,0,0,9212,6240,8989,2136,4,18199,0,1131,98,67,40,33,0,57,125980,298,39,0,341,52,13,1491,639,0,255645,29,0,60,129667,282,226,0,78326,35904,0,3108,"319",1616,61,248,130,18297,9523,63,118,111,42426,112,0
242,14663,7742,0,131,111,0,29967,13470,15310,0,5727,2428,88,6586,1334,162,0,75,12676,1096,68,6088,5887,32,30,175,3083,15,1526,71,1560,0,36,40,0,14122,7241,6882,13,23,2459,5752,11374,39,1344,8,14,7831,153,42,75,1112,0,158,320,5629,295,10,249,124,13653,5819,256,0,553,124,142,10,3,31602,7815,15770,15622,"Adelaide - Central and Hills",7803,24,3,11684,23,0,0,0,15832,15598,789,1658,14940,868,51,7536,14699,7165,113,257,61,142,10,76,0,10,209236,102003,0,132,107232,71798,110,149630,30543,0,7686,15336,187,79,7646,0,77837,0,75,324,6,157,41,41,163,0,251,0,107,0,9,0,22,0,7,84,6,28,6652,49,12787,6135,71,19,1624,0,833,0,0,1500,0,0,15557,794,15549,3021,9,31103,0,1522,63,326,19,154,7,38,103588,388,63,0,398,8,32,166,787,0,212516,28,0,60,108926,123,65,0,150971,72443,0,318,"401",149,57,41,21,11921,6031,14,16,125,78526,22,0
1244,22693,9656,0,675,572,0,46574,15713,23878,0,6058,944,295,5066,509,599,0,307,9604,438,257,4539,4983,114,142,44,4690,15,2286,286,2405,0,132,156,0,11453,6217,5236,23,37,996,5435,10003,151,537,25,28,9898,268,129,273,462,0,232,504,4571,933,4,1280,612,16081,6186,669,11,1596,670,201,11,0,62413,10011,32469,19894,"Adelaide - North",9885,13,0,28440,28,0,0,0,29938,25033,1355,2744,23783,1393,43,6702,12401,5698,200,435,10,235,4,20,9,10,303159,150116,0,31,153046,70573,22,147421,48818,0,9620,19117,40,16,9496,0,76842,0,9,546,6,293,141,165,261,3,436,0,238,0,15,0,50,0,8,303,10,3,5190,6,9797,4608,86,0,7896,0,4070,0,0,2147,0,3,29060,3826,31666,4375,17,60730,0,2224,148,87,45,47,6,107,155297,422,103,0,419,25,46,890,836,0,313805,54,0,79,158506,268,190,0,149854,71667,0,1808,"402",916,86,276,153,10858,5878,28,124,170,78187,54,0
582,18250,8374,0,331,257,0,37368,13749,19119,0,5375,1123,186,5035,549,373,0,189,9225,573,114,4191,4716,52,61,84,3680,23,1824,124,1860,0,54,73,0,10125,5009,5113,10,29,1154,4343,8761,70,566,30,26,8535,110,59,134,588,0,123,237,4419,559,9,608,304,13989,5457,451,0,1007,307,177,9,0,51441,8416,26278,17028,"Adelaide - South",8609,18,0,21477,33,0,0,0,25164,19722,1106,2365,18849,1257,53,5272,10705,5434,148,285,26,136,9,21,0,9,291748,141997,0,43,149754,70122,23,149362,38570,0,8161,16517,57,29,8355,0,79247,0,21,250,10,118,65,83,135,0,376,0,197,3,18,4,55,0,9,146,9,3,5133,7,9406,4270,68,9,3938,0,2031,0,0,1756,0,0,24654,1903,25823,3554,20,50478,0,1800,122,167,48,80,9,77,145001,402,61,0,427,32,26,449,825,0,298048,41,0,59,153046,176,120,0,151196,70972,0,910,"403",461,70,95,45,9302,4584,23,50,143,80231,56,0
536,9868,5724,0,285,247,0,20163,9745,10299,0,4015,619,149,3689,296,298,0,152,7090,326,155,3396,2961,72,86,36,2183,9,1110,169,1070,0,79,89,4,6484,3307,3176,11,19,643,2886,5642,95,301,20,21,5863,133,72,163,343,0,99,225,2754,449,0,575,286,9977,4110,394,3,835,291,108,4,0,29019,5063,15152,10200,"Adelaide - West",5140,17,0,12213,15,0,0,0,13860,10755,573,1242,10307,672,28,3592,7000,3410,85,180,19,102,0,13,3,4,148174,72906,0,34,75274,47635,15,98235,21063,0,4871,9813,42,25,4943,0,50599,0,13,255,4,147,79,98,108,0,220,0,114,0,9,3,42,0,3,174,4,3,3747,5,7187,3437,46,0,3345,0,1722,0,0,1051,0,0,13469,1626,14796,2092,9,28262,0,1037,64,73,26,35,3,39,75099,262,74,0,251,22,31,354,512,0,152766,41,0,65,77666,158,97,4,99584,48290,0,713,"404",359,42,71,25,6105,3148,23,45,89,51293,41,0
343,5524,1416,0,179,163,0,11478,2025,5957,0,601,700,90,505,419,161,0,70,826,280,34,321,2258,11,20,21,1038,6,468,34,567,0,11,20,0,5576,3112,2465,3,12,716,2616,4742,20,426,8,4,1473,73,11,34,289,0,61,133,2122,205,0,371,188,2087,623,143,0,354,182,97,0,0,19876,2235,10481,4419,"Barossa - Yorke - Mid North",2186,0,0,9489,3,0,0,0,9394,6300,656,1297,5891,647,3,3255,5884,2630,86,177,14,86,0,11,0,0,97531,48913,0,23,48618,13332,9,29853,12196,0,2138,4209,26,18,2077,0,16518,0,4,169,0,81,11,20,83,0,202,0,104,0,0,3,15,0,0,34,0,3,527,5,850,332,25,4,2270,0,1145,0,0,436,0,0,9121,1119,10210,961,0,19333,0,531,23,48,4,23,0,20,50689,140,17,0,150,12,12,281,296,0,101093,7,0,5,50410,51,42,0,30498,13619,0,541,"405",257,23,63,33,5009,2744,8,32,49,16879,15,0
1153,3779,1165,0,655,498,0,7792,1689,4011,0,529,2110,183,328,1458,383,0,200,509,652,1908,177,3062,911,995,31,931,9,461,2312,476,0,1128,1187,0,10915,7015,3897,6,14,2117,5192,8151,997,1466,118,118,1287,369,926,1929,655,3,287,657,2961,635,166,1314,658,1864,578,400,194,1035,652,71,360,0,14452,1447,7817,2895,"South Australia - Outback",1457,3,0,6104,0,0,0,0,6638,4805,422,848,4596,425,3,7194,11228,4038,79,128,17,53,166,19,194,360,63091,32194,0,41,30898,9477,26,20723,9396,0,1224,2471,53,21,1248,0,11246,0,10,716,3,403,1137,1197,316,0,141,3,66,0,17,0,241,0,12,2336,3,8,379,14,580,204,24,4,5392,3,2813,0,0,340,3,0,5915,2579,7248,712,17,13164,0,369,77,79,31,49,12,44,35197,98,16,0,83,118,7,742,185,0,69328,11,0,47,34131,155,107,0,21943,9979,0,1481,"406",740,16,208,97,8393,5334,118,109,43,11971,241,0
613,8956,2433,0,310,298,0,18567,3478,9611,0,1045,952,155,843,545,323,0,165,1411,409,269,571,3610,125,144,38,1618,16,810,282,810,0,130,147,0,8395,4514,3884,13,32,975,3850,7220,147,555,21,19,2539,117,136,284,416,0,105,221,3374,384,0,704,345,3615,1080,290,4,680,359,154,10,0,31885,3510,16233,7122,"South Australia - South East",3613,8,0,15904,3,0,0,0,15649,10315,1016,2030,9548,1019,10,4808,8961,4156,138,317,5,181,0,13,7,8,156061,77611,0,22,78453,22609,22,50375,19868,0,3273,6704,29,9,3424,0,27767,0,0,262,6,139,144,156,126,0,330,0,176,0,14,0,40,0,7,298,6,5,878,10,1465,582,37,5,3956,0,1973,0,0,733,0,0,15184,1980,15755,1461,14,30938,0,733,47,78,14,41,11,30,80602,193,32,0,275,23,5,461,468,0,162043,22,0,20,81441,99,78,0,51524,23099,0,981,"407",526,68,127,61,7723,4111,16,63,98,28432,41,0
413,10315,2804,0,214,197,0,21018,3859,10707,0,1051,1349,126,677,713,254,0,134,1097,639,59,411,3449,29,28,9,2141,10,1032,59,1107,0,29,28,0,8470,4363,4105,16,22,1353,3549,6894,31,710,7,6,2888,102,27,59,642,3,123,224,3341,371,0,917,436,3976,1089,285,0,649,488,70,0,0,17149,3710,8454,7225,"Bunbury",3516,0,0,20008,3,0,0,0,8695,11311,697,1486,10927,783,3,4483,8706,4221,128,250,10,119,0,8,0,0,146649,72440,0,23,74206,24712,14,54862,22242,0,3544,6899,25,10,3352,0,30157,0,0,229,0,103,27,31,125,0,135,4,61,3,3,6,16,0,0,59,0,0,693,0,1139,442,37,0,3865,3,2013,0,0,974,4,0,8413,1850,8192,2008,3,16605,0,1034,35,15,26,6,0,16,74989,177,20,0,210,10,10,488,387,0,151997,13,0,27,77008,96,66,0,55906,25170,0,971,"501",485,34,106,59,7119,3664,11,49,69,30735,24,0
197,5132,1587,0,100,101,0,10412,2182,5274,0,596,362,70,633,174,127,0,55,1092,185,19,463,1496,12,9,8,1108,4,525,27,581,0,13,9,0,3392,1725,1668,5,8,367,1475,2912,9,180,6,12,1639,70,14,21,188,0,55,122,1432,218,0,444,206,2241,602,156,0,372,241,50,0,0,9778,1905,4701,3920,"Mandurah",2015,4,0,10983,0,0,0,0,5084,5570,350,760,5399,417,3,1782,3517,1736,33,78,5,39,0,3,0,0,81616,39804,0,11,41816,13768,6,29761,10976,0,1832,3759,8,4,1921,0,15989,0,0,122,0,69,11,9,55,0,81,0,28,0,0,0,16,0,0,27,0,0,653,3,1125,477,19,0,2018,0,1038,0,0,505,0,0,4939,972,4567,1056,0,9508,0,546,32,20,11,9,0,13,41131,93,17,0,112,9,3,232,201,0,84395,15,0,8,43267,41,40,0,30331,14012,0,487,"502",254,17,40,23,3032,1532,12,23,36,16312,15,0
100,8024,5263,0,43,58,0,16506,9541,8480,0,4279,3097,76,3558,1712,128,0,51,7116,1387,45,3555,4067,21,18,36,1864,12,903,43,964,4,23,20,8,11717,6195,5522,4,15,3131,4282,8264,18,1733,3,3,5314,203,25,46,1395,0,162,362,3975,229,0,181,99,9639,4327,185,3,407,80,33,3,0,7633,3936,3778,8199,"Perth - Inner",4261,21,0,5901,18,0,0,0,3851,8568,288,619,8149,326,40,6305,11926,5620,48,92,29,40,0,29,3,3,119973,59734,0,55,60234,50198,42,101681,16717,0,3869,8039,81,43,4166,0,51483,0,29,361,0,202,27,20,159,0,56,0,24,0,0,3,8,0,0,48,0,14,3621,25,7228,3609,25,10,916,0,468,0,0,889,0,0,3779,449,3698,1846,0,7478,0,952,78,73,37,42,0,36,60476,211,43,0,176,3,25,70,390,0,121504,16,0,18,61034,61,37,8,102476,50589,4,121,"503",50,18,5,3,8441,4371,4,7,36,51889,9,0
481,13264,5284,0,232,247,0,27599,8542,14331,0,3261,400,172,2486,233,379,3,210,4876,175,115,2391,2844,57,56,14,3180,13,1547,143,1635,11,74,68,8,6442,3344,3100,14,32,412,2937,5686,66,235,17,28,5377,171,63,130,176,0,182,354,2747,646,3,1088,544,8686,3306,526,7,1172,546,61,9,0,20281,5751,10428,11372,"Perth - North East",5625,18,0,21247,10,0,0,0,9852,15096,687,1377,14005,692,25,3469,6682,3214,123,260,6,135,3,0,7,9,176378,88246,0,14,88133,48564,4,101647,29104,0,5497,10900,13,11,5411,0,53085,0,3,369,9,179,81,75,187,0,136,0,79,0,9,0,44,0,6,153,9,0,2551,3,4977,2429,42,0,5169,0,2617,0,0,1483,0,0,9559,2554,10094,3058,9,19656,0,1572,77,25,29,10,6,47,91482,211,34,0,260,17,13,619,466,0,182922,16,0,30,91442,108,82,12,103291,49305,6,1250,"504",629,45,97,44,5901,3056,28,51,90,53981,44,3
598,30664,11619,0,320,274,0,62953,19190,32286,0,7579,918,197,6488,476,361,11,159,12781,444,108,6291,5586,46,64,23,7531,22,3654,123,3879,21,51,71,27,11989,6050,5936,36,63,932,5403,10751,71,483,16,14,11783,174,49,114,452,0,148,322,5345,708,3,1080,502,19458,7681,599,0,1307,579,122,3,0,41483,13224,21120,26492,"Perth - North West",13263,23,0,38804,37,0,0,0,20362,33156,1210,2471,31499,1262,63,6300,12482,6189,233,469,17,234,3,11,3,4,390454,193196,0,27,197260,116749,15,242296,64656,0,12975,25957,26,17,12979,0,125546,0,0,325,3,175,55,72,146,0,240,0,117,0,9,3,29,3,0,130,3,6,6561,6,12936,6380,87,0,5378,0,2777,0,0,3577,0,0,19915,2606,20732,7353,6,40650,0,3781,93,59,49,30,7,47,197012,541,79,0,544,21,32,597,1086,0,398308,48,0,69,201297,182,121,27,244685,117889,15,1238,"505",640,82,108,58,11223,5636,16,49,171,126792,39,11
938,25508,11694,0,500,435,0,52618,20406,27116,0,8706,1448,314,7223,879,611,11,294,14636,569,267,7415,5316,130,139,30,6326,20,3127,279,3197,19,139,144,32,12950,7013,5942,16,41,1470,5739,10833,141,891,38,31,11885,387,135,277,580,0,275,669,5087,980,3,1766,821,20691,8809,829,0,1809,946,99,8,0,36953,11701,18784,23077,"Perth - South East",11378,36,0,37858,29,0,0,0,18166,28257,1065,2146,26636,1082,68,7284,13465,6178,165,354,13,194,3,17,0,8,318529,159748,0,29,158778,104703,24,214191,54892,0,11341,22346,38,14,11006,0,109485,0,10,689,4,398,143,144,288,0,213,0,107,0,6,0,72,0,8,288,4,3,7342,4,14851,7503,56,0,8350,0,4376,0,0,3000,0,0,17567,3970,18239,6101,9,35807,0,3105,146,66,59,41,5,84,164786,402,58,0,435,38,25,970,840,0,329028,33,0,78,164239,233,152,31,216837,105931,16,1919,"506",951,71,188,82,11306,5988,36,110,122,110906,68,11
604,22855,8545,0,295,311,0,46846,13594,23992,0,5047,1774,193,4695,1032,419,3,221,8783,748,92,4093,5230,40,51,46,5551,27,2786,96,2763,10,48,50,11,12551,6581,5965,12,41,1835,5332,10372,58,1071,18,16,8737,215,48,102,770,0,183,399,5035,715,0,1228,572,13888,5148,651,0,1363,653,109,3,0,32262,9342,16271,18920,"Perth - South West",9575,11,0,32266,27,0,0,0,15994,24889,1074,2200,23724,1119,37,6845,13021,6181,175,362,26,194,0,29,0,3,304423,150136,0,63,154284,80490,43,169717,48610,0,9041,18348,81,33,9312,0,89234,0,18,411,8,225,53,55,184,0,222,0,113,0,13,6,38,3,3,110,8,10,4760,15,8925,4165,76,4,6046,0,3082,0,0,2699,0,0,15586,2956,15852,5364,13,31439,0,2665,104,94,51,47,3,51,154175,394,67,0,396,19,25,697,788,0,312660,42,0,74,158488,223,143,11,171869,81529,10,1405,"507",702,77,139,77,10777,5547,16,62,151,90345,38,3
467,6755,1714,0,266,199,0,13885,2370,7129,0,650,1428,129,413,941,270,3,137,763,488,92,348,3027,50,45,4,1412,10,682,100,733,0,61,47,3,9028,5477,3555,12,22,1443,4332,7247,43,948,5,16,1799,196,56,101,495,0,150,352,2914,391,0,1184,574,2483,686,358,0,754,613,60,3,0,12052,2310,5898,4520,"Western Australia - Wheat Belt",2215,0,0,15363,3,0,0,0,6158,7857,632,1305,7443,666,5,5622,9311,3689,106,225,7,124,0,9,0,3,109230,55353,3,19,53875,19062,14,40920,15305,4,2141,4190,27,11,2054,0,21860,0,0,376,3,213,64,47,163,0,118,3,57,0,4,0,15,0,5,111,3,3,430,5,789,362,36,0,5066,0,2557,0,0,622,3,0,5832,2517,5643,1297,4,11474,0,672,25,9,10,7,5,14,58501,147,34,0,201,9,12,589,348,0,115599,23,0,18,57101,86,63,0,42021,19569,0,1189,"509",603,24,94,46,7494,4467,13,46,57,22453,27,0
2388,3153,1400,0,1290,1102,0,6527,2329,3368,0,931,9521,426,216,7282,878,0,454,342,2236,6187,129,9554,2989,3203,98,1291,3,621,7004,676,0,3386,3623,0,43184,30567,12614,5,10,9549,22054,31544,3223,7306,281,347,1580,1234,3009,6231,2245,8,892,2123,9485,1893,271,4341,2122,2630,1052,1691,268,3584,2219,35,536,4,8883,1163,5286,2229,"Western Australia - Outback (North)",1065,3,5,7622,5,3,3,0,3598,5452,414,683,5188,272,6,30864,43652,12791,52,117,64,66,273,79,269,541,50530,29459,0,146,21069,14121,100,25989,10637,0,682,1309,179,76,625,0,11864,0,64,2321,11,1329,3408,3642,994,13,85,18,50,0,26,0,634,0,13,7049,11,16,260,32,445,182,13,16,13833,8,7004,0,0,413,13,7,2271,6825,4133,871,26,6408,0,456,92,302,47,206,13,44,36702,121,19,0,84,281,9,1980,199,0,65039,10,0,111,28339,279,171,0,29774,15936,0,3996,"510",2015,22,417,207,31789,22234,349,204,39,13844,635,0
1113,5751,1738,0,630,478,0,11696,2529,5948,0,788,4936,290,423,3470,563,0,277,707,1461,1744,287,6718,813,926,37,1439,12,719,2197,723,0,1059,1140,3,23618,15110,8511,6,16,4966,11188,17832,939,3494,102,111,1845,444,838,1782,1469,15,406,846,6647,860,144,2319,1057,2672,826,642,177,1497,1267,51,320,0,11855,2071,6024,4169,"Western Australia - Outback (South)",2099,0,0,12536,0,3,0,0,5834,7259,520,1002,6965,480,3,15278,23905,8626,93,183,29,86,151,39,177,328,85705,44477,0,70,41232,15420,47,32581,14222,0,1770,3546,77,35,1777,0,17159,4,24,909,3,474,1085,1161,434,4,102,23,54,0,23,0,216,0,18,2245,3,9,448,14,760,310,29,6,8743,9,4530,0,0,603,14,3,5152,4210,5488,1198,23,10643,0,602,43,78,18,46,21,29,49212,121,20,0,134,101,8,1122,259,0,95453,13,0,31,46243,126,93,3,34334,16180,0,2351,"511",1224,30,223,117,18032,11311,111,108,59,18156,217,0
653,11113,5197,0,366,285,0,22929,8629,11817,0,3433,1260,273,2609,696,565,0,298,5089,561,39,2482,4035,13,25,11,2031,9,1045,39,989,0,13,25,0,9468,4926,4539,14,19,1289,4026,7814,23,709,11,7,5371,206,17,40,582,0,187,392,3791,1019,0,1940,987,8910,3544,800,0,1814,958,78,0,0,15286,5131,7263,10226,"Hobart",5088,14,0,21837,17,0,0,0,8026,12896,937,1942,12147,1000,37,5162,9988,4823,150,307,31,161,0,40,0,0,182227,88357,0,74,93870,38783,54,82159,25047,0,4783,9535,101,46,4758,0,43374,0,7,420,3,217,17,23,209,0,144,0,66,3,0,3,18,0,0,40,3,15,2692,25,5274,2589,61,14,8210,0,4170,0,0,966,0,0,7586,4037,6909,1884,0,14496,0,912,150,28,85,19,0,62,93339,262,61,0,273,11,34,891,534,0,192382,30,0,71,99040,220,141,0,84508,39843,0,1804,"601",913,56,131,66,8272,4238,10,60,120,44661,27,0
365,6902,2650,0,192,167,0,14045,4210,7138,0,1560,736,152,1235,420,313,0,160,2409,314,12,1178,2555,5,8,9,1249,5,584,12,669,0,5,8,0,5970,3151,2821,4,16,758,2605,5004,8,428,4,13,2765,129,3,16,331,0,105,228,2403,449,0,1172,590,4376,1616,323,0,773,582,38,0,0,10064,3168,4647,6202,"Launceston and North East",3039,3,0,18358,4,0,0,0,5417,7736,703,1418,7500,711,7,3363,6364,3000,95,207,16,106,0,18,0,0,118319,57896,0,33,60421,18066,14,39721,15231,0,2983,5843,33,16,2855,0,21660,0,0,253,0,142,3,8,111,0,77,0,36,0,3,0,20,0,3,16,0,0,1271,0,2499,1225,25,0,4482,0,2320,0,0,538,0,0,5185,2160,4438,1165,3,9623,0,625,81,18,44,11,3,35,60761,148,33,0,169,4,11,497,312,0,124207,14,0,38,63453,134,93,0,40811,18529,0,982,"602",490,25,68,35,5347,2793,13,34,54,22280,20,0
185,1568,541,0,102,84,0,3321,784,1761,0,246,255,91,97,142,195,0,99,195,111,3,100,817,0,0,0,241,0,130,5,112,0,0,6,0,1870,967,909,3,6,253,770,1529,0,141,0,0,574,57,0,3,111,0,32,93,762,251,0,666,325,834,261,158,0,405,346,16,0,0,2744,678,1354,1325,"South East",646,0,0,4866,0,0,0,0,1396,2052,253,494,1858,240,0,1012,1990,971,39,76,8,36,0,10,0,0,30457,15647,0,14,14806,4707,11,10119,3911,0,570,1106,19,11,536,0,5415,0,0,102,0,59,0,6,46,0,39,0,20,0,0,0,5,0,0,5,0,3,107,4,216,105,17,3,2471,0,1258,0,0,118,0,0,1275,1215,1250,208,0,2524,0,97,21,9,9,4,0,9,17115,58,10,0,55,0,3,255,112,0,33425,7,0,18,16305,37,25,0,10641,4920,0,513,"603",259,8,30,13,1629,812,0,12,23,5716,5,0
675,4983,1516,0,374,306,0,10241,2268,5259,0,753,538,267,486,359,545,0,282,839,185,6,346,1896,0,6,7,910,7,434,8,479,0,3,6,0,4752,2678,2077,6,12,559,2153,3896,6,366,10,11,1680,172,0,6,190,0,148,314,1745,722,0,2151,1076,2495,814,454,0,1177,1076,40,0,0,8481,2260,3893,4538,"West and North West",2277,4,0,15602,3,0,0,0,4587,6211,609,1291,5870,683,9,2832,5088,2251,110,193,9,87,0,6,3,3,90717,44352,0,20,46359,10225,6,23110,12087,0,1956,3946,18,13,1995,0,12886,0,0,347,0,183,6,6,166,0,75,0,35,0,0,0,26,0,0,9,0,0,548,3,927,376,17,0,7658,0,3909,0,0,361,0,0,4166,3752,3553,766,0,7727,0,403,80,14,21,6,0,60,48718,82,24,0,123,10,4,781,199,0,99663,16,0,50,50946,202,146,0,24486,10765,0,1643,"604",868,21,131,70,4183,2287,11,66,44,13728,26,0
1369,6176,4029,0,708,665,0,12662,6278,6484,0,2256,3356,331,1060,2030,694,0,360,1881,1334,947,828,5220,412,535,2063,1822,14,917,1090,908,0,490,599,3,17570,10353,7220,4,18,3380,7607,12750,557,2042,45,41,4279,721,432,993,1344,3,750,1465,5140,1259,41,1880,910,6649,2367,1038,52,2295,964,59,93,3,12697,2514,7133,4895,"Darwin",2377,13,4,9316,6,0,0,0,5570,7816,503,963,7406,459,22,10474,17799,7326,76,178,108,99,41,117,52,93,82543,43576,0,228,38970,25605,160,52191,15222,0,2119,4119,304,140,2002,0,26584,0,615,1502,17,737,513,619,759,0,133,7,69,3,40,9,87,3,20,1129,17,38,1157,77,2052,890,41,36,9431,3,4773,0,0,796,7,0,4797,4665,6400,1585,42,11196,0,789,143,4222,62,2164,21,87,48748,190,49,0,191,50,17,1147,382,0,92942,33,0,96,44199,320,220,3,54868,26831,0,2383,"701",1234,36,224,110,12910,7697,47,108,75,28033,91,0
4085,1919,1316,0,2293,1792,0,3936,1964,2014,0,657,3825,788,187,2111,1616,3,829,314,1712,28108,131,5741,13517,14592,2386,1527,3,777,33371,746,0,16225,17140,3,18658,10057,8601,3,8,3841,6670,12350,14659,2128,1466,1533,1695,1273,13610,28263,1717,14,1212,2481,5684,2601,2094,6721,3190,2548,859,2148,2286,4754,3530,27,4377,3,7736,1394,3849,2662,"Northern Territory - Outback",1264,0,3,3325,0,5,5,0,3887,6212,246,506,5812,260,3,10312,19152,8839,49,97,96,44,2097,85,2291,4383,29688,15449,6,182,14235,7633,101,16470,12023,5,549,1016,235,132,466,3,8838,0,954,2835,55,1445,16327,17211,1389,15,55,31,27,7,131,7,2991,6,81,33536,51,20,262,50,451,192,11,28,8103,9,4095,4,3,277,22,10,1565,4011,2027,539,139,3595,0,260,133,5358,61,2974,87,77,19714,81,27,0,83,1473,13,3845,164,0,38304,9,0,191,18588,558,367,0,21396,9866,0,7995,"702",4150,15,987,491,12473,6731,1544,495,22,11526,3013,0
398,21089,12457,0,212,186,0,43462,22264,22368,0,9809,3777,253,8134,2191,470,4,217,15912,1591,111,7774,6816,52,64,53,4726,12,2305,119,2423,7,58,65,16,17868,9647,8226,16,23,3820,7266,13740,66,2207,40,20,12729,190,62,121,1610,0,165,356,6474,1148,0,1046,508,22712,9981,1067,3,2215,536,52,3,104,15529,9896,7841,19864,"Australian Capital Territory",9967,26,168,18594,30,0,0,69,7692,23144,723,1513,21803,783,64,9988,18585,8590,135,263,2752,125,0,2895,3,3,281098,139145,0,5646,141946,108325,3351,220636,44947,0,9629,19297,6506,3158,9669,0,112309,0,22,363,3,201,63,64,166,0,101,0,52,3,8,0,62,0,6,124,3,357,8265,692,16177,7913,48,333,6032,0,3047,0,0,2220,0,0,7433,2985,7604,4541,8,15036,0,2316,208,111,100,59,6,107,142856,431,97,3,464,38,39,580,899,0,288639,52,6,131,145783,350,218,11,223750,109826,4,1223,"801",649,48,158,87,14401,7579,24,72,93,113924,66,4
21,214,48,0,14,4,0,420,79,211,0,29,218,10,10,121,12,42,9,17,102,31,10,302,14,15,8,68,0,30,35,36,38,14,20,79,902,500,399,0,0,222,373,672,16,121,21,7,54,5,12,31,104,0,3,10,296,26,0,41,16,88,33,11,0,41,20,0,0,0,258,63,136,126,"Other Territories",63,0,0,369,0,0,0,0,124,242,8,19,222,10,0,506,921,416,0,8,16,9,0,24,0,0,1507,789,0,37,721,672,32,1398,460,0,60,106,46,19,47,0,726,0,7,17,0,9,12,22,10,0,3,0,3,0,3,0,31,0,0,38,0,4,10,11,15,7,4,5,158,0,83,0,0,26,0,0,109,78,121,68,3,230,0,33,0,13,0,6,0,0,871,7,6,16,13,21,0,12,17,16,1688,6,29,3,812,7,3,54,1457,696,31,28,"901",20,0,3,0,685,377,7,3,4,762,31,22
