p_75_84_yr_voluntary_work_ns, f_85ov_not_a_volunteer, p_85ov_not_a_volunteer, p_55_64_yr_voluntary_work_ns, m_15_19_yr_tot, m_35_44_yr_voluntary_work_ns, f_20_24_yr_not_a_volunteer, p_15_19_yr_tot, p_75_84_yr_volunteer, p_25_34_yr_voluntary_work_ns, f_75_84_yr_tot, m_20_24_yr_not_a_volunteer, m_20_24_yr_voluntary_work_ns, m_75_84_yr_volunteer, f_25_34_yr_not_a_volunteer, m_85ov_tot, p_tot_volunteer, m_15_19_yr_not_a_volunteer, f_45_54_yr_not_a_volunteer, f_85_ov_voluntary_work_ns, m_25_34_yr_not_a_volunteer, m_15_19_yr_voluntary_work_ns, p_65_74_yr_tot, m_45_54_yr_not_a_volunteer, m_85ov_volunteer, f_65_74_yr_tot, m_45_54_yr_tot, m_15_19_yr_volunteer, f_20_24_yr_volunteer, f_15_19_yr_voluntary_work_ns, p_tot_voluntary_work_ns, f_tot_tot, m_35_44_yr_tot, m_55_64_yr_volunteer, f_85ov_tot, m_85_ov_voluntary_work_ns, m_75_84_yr_voluntary_work_ns, f_35_44_yr_voluntary_work_ns, f_15_19_yr_not_a_volunteer, p_55_64_yr_not_a_volunteer, p_tot_tot, p_85_ov_voluntary_work_ns, f_55_64_yr_not_a_volunteer, f_15_19_yr_tot, p_85ov_tot, m_35_44_yr_not_a_volunteer, p_45_54_yr_volunteer, p_20_24_yr_not_a_volunteer, p_35_44_yr_voluntary_work_ns, m_tot_voluntary_work_ns, p_25_34_yr_tot, f_65_74_yr_volunteer, f_65_74_yr_not_a_volunteer, m_65_74_yr_volunteer, p_25_34_yr_not_a_volunteer, p_45_54_yr_voluntary_work_ns, m_75_84_yr_not_a_volunteer, m_35_44_yr_volunteer, m_55_64_yr_not_a_volunteer, f_tot_voluntary_work_ns, p_55_64_yr_tot, f_25_34_yr_volunteer, p_75_84_yr_not_a_volunteer, m_25_34_yr_tot, f_tot_volunteer, m_65_74_yr_not_a_volunteer, f_55_64_yr_volunteer, p_15_19_yr_voluntary_work_ns, f_45_54_yr_volunteer, f_55_64_yr_tot, f_20_24_yr_voluntary_work_ns, m_45_54_yr_volunteer, p_45_54_yr_tot, p_15_19_yr_volunteer, f_85ov_volunteer, p_85ov_volunteer, m_tot_tot, f_35_44_yr_tot, p_35_44_yr_volunteer, f_45_54_yr_voluntary_work_ns, m_25_34_yr_volunteer, p_55_64_yr_volunteer, f_tot_not_a_volunteer, f_55_64_yr_voluntary_work_ns, p_35_44_yr_not_a_volunteer, p_75_84_yr_tot, f_15_19_yr_volunteer, p_tot_not_a_volunteer, f_75_84_yr_voluntary_work_ns, p_35_44_yr_tot, m_45_54_yr_voluntary_work_ns, m_75_84_yr_tot, p_65_74_yr_not_a_volunteer, p_20_24_yr_volunteer, f_35_44_yr_not_a_volunteer, sa4_name16, f_20_24_yr_tot, f_75_84_yr_volunteer, m_55_64_yr_voluntary_work_ns, m_tot_volunteer, f_35_44_yr_volunteer, p_20_24_yr_voluntary_work_ns, p_25_34_yr_volunteer, f_45_54_yr_tot, p_45_54_yr_not_a_volunteer, f_75_84_yr_not_a_volunteer, m_20_24_yr_volunteer, m_85ov_not_a_volunteer, p_20_24_yr_tot, m_65_74_yr_voluntary_work_ns, p_65_74_yr_volunteer, f_65_74_yr_voluntary_work_ns, p_65_74_yr_voluntary_work_ns, sa4_code16, m_65_74_yr_tot, m_tot_not_a_volunteer, m_20_24_yr_tot, m_55_64_yr_tot, f_25_34_yr_tot, f_25_34_yr_voluntary_work_ns, p_15_19_yr_not_a_volunteer, m_25_34_yr_voluntary_work_ns
2106,2243,3630,2636,6492,1235,3770,12659,2770,2122,6822,3971,561,1266,8220,1966,41550,4496,10302,782,8251,829,26553,10313,193,13050,15491,1166,816,702,18020,91060,12503,3751,3295,389,960,909,4051,21935,180076,1174,10839,6167,5265,8577,8294,7745,2144,9413,22338,3989,7750,3458,16473,2600,4200,2687,11095,8609,32731,2170,8371,11043,22889,8643,4414,1535,4532,16485,431,3763,31504,2573,272,459,89016,12921,6472,1180,1576,8158,59569,1237,16797,13249,1409,120509,1147,25417,1413,6426,16398,1627,8223,"Capital Region",5022,1502,1403,18663,3789,989,3747,16013,20614,4169,810,1382,10364,1407,7443,1310,2719,"101",13507,60942,5345,16249,11293,906,8550,1215
2995,4579,7419,2679,10117,1158,6913,19930,3203,2073,11976,7548,596,1443,14309,3866,46102,7666,16430,1479,14115,817,36591,15930,283,19339,21054,1642,1436,753,20591,139707,19032,3232,6407,741,1232,1098,7258,32304,267307,2219,16823,9808,10278,14582,8690,14468,2252,9725,35278,4054,13618,3073,28425,2573,7037,3298,15476,10864,42364,2763,15503,17244,26192,12759,4156,1570,4884,22308,557,3804,43630,3438,355,634,127602,20343,8290,1259,2018,7385,102652,1330,28836,21691,1802,200617,1756,39376,1315,9718,26383,2556,14256,"Central Coast",8908,1756,1342,19909,4991,1153,4785,22575,32366,8464,1119,2843,18174,1418,7122,1672,3087,"102",17251,97968,9267,20057,18037,965,14919,1105
2011,2332,3605,2536,6692,1343,4005,13093,2649,2438,6696,4255,854,1134,8298,1824,36958,4567,8871,581,8280,908,22483,8947,195,11170,13358,1219,1058,874,18721,83644,11614,2950,3247,357,898,962,4131,17787,165251,940,8671,6398,5075,7734,6527,8255,2307,10121,23097,3277,6612,2669,16583,2667,3772,2532,9119,8598,26773,2313,7844,11580,20697,7274,3498,1783,3591,13329,531,2930,27016,2611,331,521,81605,12040,6249,1189,1764,6449,54354,1160,15094,12507,1396,109570,1111,23652,1482,5812,13883,1923,7364,"Central West",5590,1514,1371,16257,3721,1383,4084,13652,17820,4066,867,1270,11564,1373,5943,1284,2655,"103",11313,55225,5972,13438,11515,906,8701,1533
1483,1798,2903,1717,4155,608,2214,8016,1816,1112,5139,2422,318,789,4851,1528,23361,2967,6618,565,4750,487,17629,6060,104,8834,8529,700,518,429,10810,58077,6994,2181,2526,318,644,530,2696,14732,112427,879,7437,3863,4052,5018,4079,4630,1141,5451,12753,2582,5454,1936,9604,1409,3131,1367,7295,5360,21286,1199,6401,6218,13264,6061,2658,919,2325,10882,234,1755,18165,1434,171,268,54349,7695,3425,692,843,4838,39448,786,10125,9702,737,78256,841,14690,711,4559,11519,945,5106,"Coffs Harbour - Grafton",2963,1031,933,10095,2059,553,2038,9637,12679,3272,434,1111,6135,799,4513,796,1603,"104",8799,38803,3173,10403,6535,484,5663,631
1097,1248,1968,1672,3333,802,2337,6502,1385,1762,3652,2381,488,534,5041,1033,19504,2308,4718,290,4799,496,11821,4797,110,5769,7369,527,511,422,11364,46226,6213,1550,1708,205,493,651,2138,10270,91150,492,4974,3171,2741,3953,3741,4720,1456,6070,14006,1639,3406,1263,9839,1651,2066,1453,5297,5298,15305,1416,4262,6823,10983,4011,1811,915,2064,7581,328,1683,14907,1139,174,282,44921,6444,3366,760,998,3357,29946,795,7836,6744,613,60281,598,12659,892,3100,7413,915,3886,"Far West and Orana",3184,852,878,8517,1908,823,2408,7539,9518,2195,401,720,6453,781,2907,722,1507,"105",6055,30332,3277,7720,7181,732,4446,1027
1979,2511,3897,2526,8419,1473,5890,16410,2292,2657,7261,6096,731,1018,12423,1877,36915,6493,12843,595,12184,825,27320,12778,161,13703,17085,1103,1065,759,18586,106875,16132,2714,3341,333,912,1007,5889,24887,210150,929,12359,7993,5219,11943,6590,11982,2483,9853,31603,3243,9122,2692,24612,2574,4481,2717,12524,8732,33575,2548,9401,15527,20993,9612,3446,1583,3691,17015,478,2897,34777,2448,236,392,103276,16340,6856,1163,1790,6162,77147,1209,23143,13680,1343,154647,1070,32481,1410,6416,18733,1896,11196,"Hunter Valley exc Newcastle",7437,1278,1314,15921,4142,1210,4337,17691,25618,4917,827,1385,15088,1306,5940,1342,2650,"106",13615,77501,7650,16557,16078,1106,12384,1555
2089,3544,5662,2112,9720,1014,7327,18979,2373,2084,9355,8617,620,1053,14096,2721,43809,7358,14426,804,14404,656,28043,14237,180,14464,18897,1702,2074,635,16294,122829,18022,3106,4612,426,911,869,6620,27425,239730,1225,14092,9264,7332,13728,7742,15952,1886,8007,35895,3224,10029,2710,28507,2116,5745,3274,13339,8289,36239,2968,12601,17870,24285,9806,3591,1292,4202,18721,588,3539,38525,3715,260,439,116898,18770,7905,996,2345,6692,90261,1042,27008,17066,2008,179628,1179,36792,1120,7707,19836,3700,13277,"Illawarra",9989,1322,1072,19528,4630,1204,5308,19629,28666,6859,1624,2116,20855,1065,5929,1223,2283,"107",13576,89359,10863,17511,18027,967,13978,1120
2734,3400,5547,2557,5993,842,3167,11701,3345,1545,9547,3341,448,1453,6703,3030,36461,4217,9769,1002,6266,768,32942,9240,259,16619,13038,1014,689,675,17639,91932,9892,3259,4718,620,1243,727,3823,23186,177488,1624,11820,5706,7749,7075,6039,6505,1563,8875,17264,4434,10575,3559,12970,2190,6013,1968,11369,8762,33119,1608,12183,8293,20612,11178,4117,1442,3380,17167,336,2654,27232,2218,317,582,85557,10824,4938,1045,1139,7371,62559,1224,14207,18262,1204,123393,1490,20710,1148,8711,21755,1230,7130,"Mid North Coast",4197,1886,1329,15844,2965,790,2748,14187,19002,6171,540,2148,8522,1588,7996,1602,3188,"108",16324,60843,4327,15954,8973,664,8038,887
1316,1379,2246,1482,3514,534,2199,6902,1653,1105,4140,2323,316,705,4360,1264,23564,2257,4650,381,4392,446,13722,4599,126,6811,7264,804,634,365,9786,48220,6199,1935,1939,274,592,513,2075,10651,94353,654,5256,3393,3208,4024,4374,4518,1049,4917,12415,2026,4034,1605,8750,1224,2351,1643,5395,4871,16327,1460,4817,6053,13087,4520,2255,810,2351,8236,290,2023,14843,1753,182,308,46131,6635,3921,583,1095,4191,30259,728,7876,7784,948,61001,722,12838,646,3652,8553,1185,3850,"Murray",3128,950,753,10478,2278,609,2558,7578,9245,2460,549,865,6312,791,3629,750,1541,"109",6909,30736,3184,8087,6358,539,4337,563
1862,1920,2926,2412,5990,1041,3682,11589,2563,1929,6054,3828,529,1090,7103,1470,35530,3931,7445,586,7112,872,19976,7451,173,9993,11444,1190,1059,758,16213,74766,9806,2757,2780,282,824,874,3485,15940,145922,868,7819,5599,4248,6329,6339,7507,1918,8192,20212,3165,5684,2543,14216,2159,3309,2438,8120,8023,24436,2361,6857,9850,19869,6217,3322,1626,3457,12279,528,2885,23405,2554,281,454,71154,10454,5815,1051,1705,6079,46882,1140,12526,11283,1364,94185,1034,20263,1104,5229,11902,1938,6205,"New England and North West",5270,1468,1275,15658,3381,1059,4068,11957,14901,3549,878,1008,10511,1225,5703,1145,2375,"110",9980,47302,5234,12152,10370,898,7407,1035
2677,4417,6977,2510,11055,1125,9214,21430,3235,2303,11526,10128,610,1485,18230,3517,53852,8739,17509,1672,18736,665,36273,17256,259,18906,22834,1651,2463,539,19480,152388,21580,3673,6408,707,1099,926,7734,34563,295691,2373,17610,10367,9928,16473,9378,19344,2047,9446,46339,4220,13300,3485,36966,2420,6666,3987,16950,10030,45143,3928,14861,23140,30062,12556,4398,1210,5158,23227,605,4222,46563,3749,318,574,143301,22753,9725,1065,3143,8070,112298,1211,32562,20775,2094,222360,1584,44331,1354,9251,25857,4342,16087,"Newcastle and Lake Macquarie",12279,1747,1303,23786,5740,1215,7072,23735,34770,8195,1882,2556,24899,1325,7707,1386,2713,"111",17365,110069,12627,21925,23199,1041,16473,1261
2447,3463,5660,3395,7042,1174,3818,13774,3089,2000,8968,4116,555,1243,8392,3063,42165,5003,11272,1101,8103,889,29358,10869,237,14705,15674,1158,894,783,20481,103343,13062,3760,4981,623,1072,1197,4560,25316,198521,1730,12799,6731,8042,9247,7939,7925,2376,10050,22204,4127,9142,3152,16497,2903,5262,2640,12518,10426,37248,2175,11016,10669,24362,10004,4774,1673,4599,19231,477,3341,32981,2544,417,652,95176,14706,6789,1439,1531,8528,68558,1655,18604,16550,1391,135874,1371,27770,1461,7585,19144,1628,9358,"Richmond - Tweed",5186,1847,1740,17799,4147,1035,3707,17307,22143,5753,732,2203,10593,1496,7284,1436,2928,"112",14655,67319,5403,18015,11534,967,9562,1034
1494,1767,2790,1916,5286,1075,3517,10148,1993,1797,4883,3669,549,851,6882,1425,29072,3650,6332,539,6890,624,15046,6391,134,7601,9956,1015,939,529,13386,63034,9120,2330,2528,267,684,703,3192,13015,124846,806,6412,4862,3951,5940,5338,7184,1780,7281,18982,2433,4355,1917,13769,1819,2647,2110,6601,6109,19828,1905,5577,9501,15983,4638,2562,1160,2831,9871,364,2506,19887,2150,223,358,61810,9060,4916,763,1502,4892,40942,889,11488,9060,1137,82383,811,18179,1055,4180,8995,1667,5546,"Riverina",4821,1143,1027,13090,2807,912,3410,9933,12731,2928,729,1019,9761,895,4346,817,1710,"113",7442,41443,4940,9958,9477,687,6844,1113
1659,1884,3191,1641,4149,779,2337,8322,2571,1233,6275,2665,388,1194,5019,1843,25796,3034,6693,626,5009,530,22062,6325,162,11320,8951,586,473,439,11867,63242,7371,2187,2743,374,757,515,2872,15365,122671,1005,7916,4177,4588,5210,4229,5002,1294,6206,13270,3200,7142,2568,10028,1495,3847,1388,7452,5663,21971,1131,7842,6668,14611,7199,2775,967,2415,11510,242,1815,18747,1454,239,396,59435,7765,3525,687,877,4962,42966,821,10323,12069,868,85011,905,15139,814,5793,14338,884,5109,"Southern Highlands and Shoalhaven",3046,1374,816,11185,2136,623,2010,9798,13019,3992,411,1302,6505,976,5765,985,1957,"114",10740,42044,3456,10459,6606,456,5909,777
773,1828,2919,1124,8631,593,4828,16623,1623,971,4715,5699,284,769,9127,1458,39334,6351,12028,530,9138,455,20102,11973,142,10240,16492,1821,1733,405,8634,92620,15195,2765,2541,233,337,596,5420,21022,180785,764,10684,7991,4003,11511,8439,10528,1183,4191,22958,2354,7359,1997,18264,1402,3144,3094,10340,4444,27940,2099,6568,11229,21953,7352,3029,860,4662,14264,228,3778,33842,3997,181,322,88161,16993,7958,660,1626,5800,66227,552,23044,8963,2170,132813,436,32188,740,4248,14705,3128,11533,"Sydney - Baulkham Hills and Hawkesbury",6791,855,568,17383,4865,511,3724,17354,24000,3427,1396,1084,14165,513,4348,532,1046,"115",9857,66588,7380,13680,11728,501,11769,470
1074,1993,3021,2131,12132,1720,8550,23419,830,3469,5377,9558,883,374,22054,1258,36881,9480,16598,265,20731,952,21714,16488,54,11251,21004,1703,1933,798,17857,133145,26075,1956,2314,181,459,1399,8396,27527,262316,442,14026,11288,3575,20367,6667,18106,3118,9424,52724,1387,8900,1186,42783,2586,3526,3986,13500,8436,33933,3603,7837,25495,20268,8461,2319,1748,3598,17406,628,3070,42341,3799,58,110,129170,25834,8807,1141,2866,4276,104439,1062,39976,9736,2090,207572,616,51901,1449,4358,17361,3346,19614,"Sydney - Blacktown",11113,452,1064,16615,4824,1515,6465,21335,33085,4313,1413,1026,22967,813,2576,967,1778,"116",10468,103131,11857,16527,27228,1561,17876,1904
1374,1589,2587,2989,6194,3259,13817,13077,879,11146,4790,12452,2398,390,32529,1315,45459,4398,11062,459,34797,750,17164,13860,64,8520,19344,1049,3771,742,33869,139665,27940,2006,2111,255,694,2352,4709,18857,285297,713,8972,6881,3426,20687,6525,26267,5610,18495,92073,1405,6171,1230,67329,3882,3182,3987,9879,15378,26163,7425,6795,46994,24876,6296,2314,1490,3392,12624,2201,3129,35329,2479,65,128,145631,23881,8571,1529,6180,4316,99413,1332,37640,9046,1433,205970,686,51826,2345,4263,12470,6322,16949,"Sydney - City and Inner South",19788,490,1653,20581,4586,4601,13602,15986,24928,3616,2548,996,37189,1118,2635,946,2059,"117",8642,106555,17399,13538,45084,5124,9101,6025
1584,3030,4790,2302,6741,2215,7600,13370,1543,5957,6530,7676,1181,673,20148,2306,43380,4366,10922,757,18828,627,20072,11083,175,10629,16142,1746,2510,509,23492,117535,20517,2240,4037,359,686,1806,4092,17860,226282,1115,9245,6636,6342,14777,7875,15276,4025,12167,53164,2096,7464,1601,38974,3011,3832,3523,8614,11325,25087,4713,8585,25470,24484,6739,2684,1141,4490,13031,1000,3387,32892,3774,259,432,108747,21123,8360,1339,3515,4924,81723,1103,29259,11718,2030,159408,903,41635,1668,5187,14201,4538,14479,"Sydney - Eastern Suburbs",11105,872,1197,18897,4837,2179,8230,16745,22007,4753,2036,1766,21998,1105,3699,1074,2177,"118",9442,77683,10893,12049,27691,2833,8458,3123
2689,6752,10927,3708,17553,2541,15815,34280,2375,6621,14883,17413,1384,1045,38884,5108,57004,13718,29022,1193,39487,1346,42634,28335,227,21767,34974,2491,3101,1187,32657,236840,38398,3209,8313,706,1202,2344,12269,50353,464334,1893,25843,16732,13419,31305,9979,33225,4888,16276,94731,2789,17371,2268,78366,4436,10109,4555,24512,16381,61067,5335,22171,47360,31891,17051,3805,2535,5590,31514,1343,4394,71779,5763,369,598,227488,39201,10853,2192,4409,7011,188570,1865,61862,27238,3273,374669,1484,77600,2242,12355,34418,5629,30557,"Sydney - Inner South West",20261,1331,1846,25110,6299,2732,9737,36805,57363,12062,2533,4174,41586,1543,5059,1611,3159,"119",20866,186100,21322,29558,47374,3158,25988,3461
1058,3322,5233,2023,6943,1600,8376,13724,1339,4566,6892,8914,914,560,22208,2259,42673,4878,14091,408,22488,524,21016,13524,107,11165,18323,1548,2147,433,18198,128189,21916,2393,3896,236,475,1546,4630,23005,247072,652,12008,6775,6153,16729,8488,17293,3146,9090,56865,2025,8368,1598,44691,2518,4520,3588,10996,9111,30476,4245,10046,28205,24350,7518,3056,951,4958,16098,859,3530,38627,3261,166,269,118885,23012,8853,1259,3367,5451,94730,1031,32928,12447,1718,186205,586,44928,1261,5554,15882,3773,16199,"Sydney - Inner West",11388,781,993,18324,5260,1776,7613,20302,27622,5529,1624,1912,22842,734,3621,775,1505,"120",9855,91473,11456,14384,28660,2211,9508,2350
1445,4966,7815,2236,12144,1627,7748,23610,4346,3771,10499,8074,614,2007,22680,3699,80929,7836,18625,957,21038,665,34053,18316,420,18195,27091,3652,2851,558,19244,174176,29935,5154,6440,430,588,1618,6834,31026,330375,1391,16200,11465,10139,22101,17555,15817,3251,9116,56816,4988,12143,4109,43719,2705,5992,6209,14835,10124,44459,5320,13297,26916,45727,10848,6039,1222,10121,23393,659,7433,57205,7718,516,933,156196,32918,15684,1368,4004,11189,118322,1154,43920,19085,4071,230203,855,62855,1343,8585,22989,5067,21815,"Sydney - North Sydney and Hornsby",11258,2337,1079,35198,9478,1270,9323,30116,36938,7304,2214,2848,22159,896,9099,1058,1959,"121",15857,111875,10897,21063,29900,1894,14667,1878
1377,3289,5116,1587,7481,1051,4480,14412,2384,1907,7121,5051,373,1097,11926,2456,44525,5341,12312,912,11359,468,22440,12465,264,11773,18234,1677,1226,385,13175,105173,18525,3067,4489,367,590,994,4606,20499,203023,1281,10534,6932,6945,13815,10735,9532,2047,6253,29575,2739,8189,2403,23284,1886,4277,3659,9966,6924,28419,2499,9321,14200,24637,7600,3278,851,5939,14581,371,4793,37397,3618,288,550,97849,19671,9093,908,1880,6337,73615,775,27063,13078,1943,145319,790,38197,976,5965,15791,2285,13245,"Sydney - Northern Beaches",6074,1287,813,19896,5433,743,4378,19163,24778,5039,1061,1825,12554,664,5141,844,1505,"122",10672,71699,6485,13842,15379,949,9944,964
1145,1433,2211,1779,9308,1060,6979,18115,1014,2259,4505,7328,606,473,15524,1090,30347,7268,13411,557,14717,746,19726,12801,64,10047,16276,1288,1386,698,14209,105160,17744,2019,2083,254,489,1009,6635,23634,204085,811,12108,8803,3174,14047,5584,14304,2066,6897,36961,1664,7534,1403,30247,1890,2818,2639,11525,7308,29869,2604,6119,17708,17078,7471,2440,1440,3046,15453,550,2540,33690,2765,92,156,98925,18683,6460,953,1849,4453,80778,907,27900,8285,1472,159530,658,36430,933,3776,15001,2389,13855,"Sydney - Outer South West",8917,542,872,13271,3821,1156,4457,17410,26212,3304,997,778,17847,803,3072,853,1659,"123",9674,78754,8928,14415,19256,1123,13903,1136
1319,2429,3668,2226,10372,1444,7795,20179,1836,3033,6533,8215,751,810,16945,1557,41181,7951,15474,395,16682,764,26357,14824,105,13582,19488,1658,1538,703,17311,126160,20265,2933,3017,217,541,1230,7211,29006,244791,611,14944,9806,4571,15594,7579,16013,2672,8702,42089,2856,9640,2360,33626,2523,3865,3233,14069,8611,37803,3162,8589,20562,23149,9471,3637,1466,4220,19675,686,3356,40393,3559,188,293,118630,21095,7865,1216,2266,6568,94397,1099,30828,11739,1895,186295,779,41356,1309,5209,19108,2852,15232,"Sydney - Outer West and Blue Mountains",10019,1026,1126,18034,4632,1436,5425,20906,30295,4730,1317,1234,20301,937,5212,1089,2027,"124",12772,91896,10285,18122,21524,1417,15158,1616
1649,3955,6192,2982,12809,3005,11209,24671,1757,7555,8903,13561,1602,809,34322,2761,48009,10031,20159,650,36554,991,28819,20431,168,14710,26073,1791,2476,833,28728,177642,35053,2733,4823,362,726,2100,8870,34608,359916,1007,17634,11862,7583,27572,8039,24777,5109,15661,87999,2152,11502,1780,70878,3734,6002,4477,16974,13067,43343,5139,13026,45289,26010,11252,3021,1823,4406,22042,1145,3632,52359,3946,222,383,182276,31472,9960,1722,4432,5758,138566,1390,51459,16438,2154,283176,925,66525,2007,7531,22752,4668,23886,"Sydney - Parramatta",14832,951,1589,21998,5489,2740,9567,26289,40588,7033,2190,2240,32185,1074,3930,1059,2132,"125",14106,144611,17356,21299,42711,3247,18899,4307
647,2522,4011,847,5813,599,5220,10835,1597,1486,4845,5443,324,705,11551,1790,32256,4019,8268,371,11390,277,13945,8077,151,7230,11332,1522,1606,235,7475,78304,12622,2061,3141,162,268,515,3366,14988,151220,531,7838,5016,4930,9571,6351,10664,1117,3634,28852,1680,5166,1457,22945,934,2819,2456,7148,3839,20279,2417,6397,14151,17851,4920,2381,517,3591,10656,340,2756,23636,2934,244,392,72914,13242,6073,438,2009,4447,56614,432,18681,8639,1414,111485,376,25863,497,3795,10082,2908,9108,"Sydney - Ryde",7170,893,416,14409,3618,663,4423,12304,16347,3578,1301,1482,14231,343,3137,382,726,"126",6720,54867,7067,9627,14699,733,7386,754
1474,2983,4809,3049,15029,1942,11644,29037,910,4273,8087,12585,1126,392,24881,2111,32067,12184,22525,369,23754,1215,27920,22494,61,14236,26931,1626,2029,1090,23538,163744,26659,1822,3432,230,666,1886,10683,38365,320571,594,19497,14007,5545,22209,5621,24228,3830,11884,58131,1316,11781,1107,48635,3638,5760,2513,18875,11661,45607,2976,12513,28174,18279,11481,2359,2310,3093,23386,999,2532,54282,3859,82,140,156827,28617,6178,1733,2251,4183,133810,1533,45274,14897,2231,264960,814,55278,1911,6809,23264,3528,23068,"Sydney - South West",14665,524,1524,13788,3664,2125,5228,27349,45017,6756,1498,1820,29874,1095,2422,1141,2236,"127",13680,131154,15205,22217,29957,2106,22865,2171
855,3156,4871,1229,6716,704,4728,13095,1887,1322,6079,5232,272,843,10731,2123,33745,5146,11049,383,10428,340,19937,10713,210,10370,14637,1233,1198,339,8840,91312,14583,2378,3824,201,353,648,4539,20983,176329,577,10746,6373,5949,11209,7154,9955,1346,4296,26178,2122,7712,1839,21155,1272,3764,2676,10236,4539,27203,2075,8298,12708,18696,7230,2613,677,3893,13966,255,3264,30190,2724,286,496,85021,15494,6640,611,1625,4991,68076,603,22088,11043,1497,133743,500,30079,657,4962,14943,2186,10884,"Sydney - Sutherland",6176,1046,624,15055,3963,524,3701,15550,21760,4533,991,1708,12667,493,3954,537,1036,"128",9563,65666,6492,13236,13476,669,9688,654
1311,1881,2814,1678,4948,696,3429,9654,1731,1273,4783,3682,384,803,6604,1291,29810,3437,7219,401,6471,496,17469,6798,117,8929,10223,1011,1111,459,11324,66545,9046,2411,2456,232,568,598,3047,14465,128519,631,7412,4705,3745,6339,5648,7106,1298,5672,17520,2487,5556,2112,13073,1626,2729,2006,7057,5648,21334,1774,5840,8530,16476,5511,2774,952,3082,11020,355,2565,21290,2217,179,297,61973,9704,4934,766,1400,5194,44426,836,12513,8886,1208,87384,741,18747,857,4100,11069,2018,6178,"Ballarat",4900,933,845,13336,2924,741,3172,11065,14019,3109,908,941,9873,922,4596,886,1806,"201",8547,42960,4971,10317,8982,613,6486,663
1443,1736,2723,1710,4748,799,3219,9372,1879,1511,4759,3360,384,887,6300,1457,31094,3227,6676,581,6070,551,16603,6247,169,8472,9833,974,1111,493,12101,64603,8736,2569,2500,292,653,675,2978,13702,124780,875,6986,4627,3961,5816,5886,6581,1471,6214,17108,2639,4986,2235,12373,1661,2580,2121,6718,5889,20946,1799,5558,8364,17190,5043,2969,1043,3211,10756,304,2672,20471,2128,185,353,60173,9480,5245,752,1433,5532,41529,799,11494,8878,1148,81590,791,18211,912,4118,10029,1970,5674,"Bendigo",4634,994,909,13902,3128,683,3225,10643,12932,2977,857,994,9235,858,4876,842,1697,"202",8128,40057,4598,10195,8738,645,6201,869
1997,3564,5556,2432,8752,1337,6052,17118,3040,2477,8547,6818,666,1423,13149,2667,49204,6193,12868,784,12703,738,28527,12222,225,14941,17491,1821,1887,659,17871,117970,17300,3646,4657,447,845,966,5542,24970,227122,1230,13040,8363,7326,12545,9003,12869,2298,9193,34086,3967,9725,3378,25851,2376,4693,3416,11932,8677,35106,3273,10470,16643,27347,9004,4070,1402,5026,18329,544,3975,36470,3981,314,535,109156,18239,8461,1082,2489,7708,81946,1218,24778,15504,2164,160055,1152,35537,1293,6955,18728,3371,12228,"Geelong",8475,1615,1213,21852,5040,1212,5758,18979,25093,5780,1489,1990,17452,1206,7343,1249,2453,"203",13587,78106,8977,16783,17444,1026,11735,1452
1606,1971,3171,2106,5382,835,2839,10287,2389,1396,5576,3433,396,1089,6303,1754,36141,3534,7416,595,6117,670,20812,7153,187,10378,11323,1179,741,623,13658,71384,9220,3305,2840,364,735,729,2949,16175,139788,964,8161,4909,4590,5992,6916,6274,1559,6884,17119,3323,5998,3013,12429,1873,3155,2390,8020,6771,25285,1859,6564,8309,19572,6350,3696,1299,3707,12854,331,3211,23366,2508,272,462,68406,10058,5737,919,1434,7000,45037,999,11986,10558,1335,89997,867,19275,951,4982,12350,1493,5990,"Hume",3914,1298,1104,16565,3344,733,3299,12040,14570,3408,755,1199,8501,1064,6335,1063,2124,"204",10432,44955,4583,12425,8811,637,6480,755
2923,3140,5048,3468,8033,1362,4801,15423,3936,2576,9486,5099,700,1818,10407,2763,52406,5616,11926,947,10121,1006,35293,11554,297,17673,17348,1407,1241,841,22944,114826,14169,4606,4489,550,1293,1137,5005,26744,223600,1504,13606,7394,7251,9495,9323,9896,2500,11663,28423,5212,10643,4427,20527,3115,5522,3318,13140,11283,40282,3089,11260,13812,29051,11297,5470,1850,5175,20800,602,4147,35918,2950,401,701,108772,15166,8119,1464,2228,10073,74496,1726,18723,18127,1550,148249,1631,29340,1646,8637,21944,2344,9231,"Latrobe - Gippsland",6639,2115,1743,23351,4802,1299,5319,18570,23485,5737,1104,1909,13540,1896,9638,1823,3718,"205",17619,73755,6900,19485,14612,1107,10620,1464
2443,4524,7352,4800,12815,4458,24027,27570,2523,15937,11181,21509,2906,1133,57847,3585,104990,8966,21800,968,57531,1291,34506,22644,239,17939,32810,2563,8591,1396,51348,272543,45141,4924,5790,517,1088,3934,9788,34948,524285,1487,17888,14754,9372,32676,15967,45542,8397,25590,159836,4025,12185,3256,115371,5933,6552,8001,17061,25759,50874,16359,14991,77711,60146,11547,6197,2686,8906,26459,3273,7060,66343,6132,299,535,251741,44880,18806,2828,12163,11125,186644,2371,62821,19956,3569,367954,1350,90017,3101,8773,23733,14090,30140,"Melbourne - Inner",35890,1392,2428,44838,10803,6179,28531,33541,44443,8441,5503,2828,65808,1773,7282,1724,3500,"206",16573,181310,29922,24417,82124,7913,18752,8021
1935,5570,8659,1899,12230,1012,9622,24314,4348,2616,11908,11159,708,1916,18610,4013,69145,8646,17593,936,18940,614,31487,16071,461,17148,23376,2971,3553,587,16456,158013,20987,4392,7094,466,835,983,7984,29267,300350,1398,15403,12087,11110,15468,13896,20783,2000,7836,48315,4396,11700,3546,37546,2236,6767,4503,13869,8622,40646,4500,15135,23938,38653,10000,5081,1206,7738,21461,628,6158,49792,6479,585,1046,142342,23716,11354,1079,3659,9472,110743,974,31353,21417,3510,214749,1099,44705,1155,9515,21701,6444,15885,"Melbourne - Inner East",13803,2435,928,30498,6852,1338,8159,26420,33666,8367,2894,3090,28564,786,7943,1051,1839,"207",14340,104007,14761,19181,24381,1270,16631,1341
2159,6223,9719,2510,11790,1525,8985,23090,3678,3157,11732,9608,725,1574,20771,4481,70709,8538,20599,1250,20065,669,34044,19363,384,18237,27968,2575,2981,632,20594,173391,27381,4704,8064,599,881,1455,7662,33792,329844,1844,17494,11304,12538,20307,15632,18595,2980,9817,52231,4265,12755,3342,40835,3005,6407,5551,16301,10779,46291,4738,14753,25156,39588,11422,5289,1305,8553,24027,654,7082,58600,5586,585,976,156447,29702,13613,1476,3501,9989,123031,1252,40494,20587,3005,238539,1283,57088,1526,8859,24178,5395,20187,"Melbourne - Inner South",12623,2104,1265,31126,8064,1377,8244,30631,39967,8345,2411,3495,25368,1043,7606,1219,2259,"208",15806,115509,12743,22264,27074,1563,16204,1590
2423,4393,7128,3182,15007,2088,12492,29178,2437,4886,11750,13700,1096,1103,30698,3427,63925,11691,24997,995,31064,1147,38246,24106,190,19953,31682,2167,3239,1079,27084,205282,35302,3841,5632,507,1046,1889,10243,42566,399503,1497,22034,14170,9057,27719,12624,26195,3981,13222,76421,3392,14968,2868,61761,3754,7567,5496,20530,13866,54028,5541,16608,37769,36034,13995,4439,2230,6939,28117,1011,5685,65482,5016,247,437,194224,36458,13553,1869,4224,8279,155381,1645,54237,21466,2841,308494,1375,71765,1885,9718,28958,5553,26517,"Melbourne - North East",16738,1335,1544,27895,8055,2105,9771,33805,49105,9041,2315,2734,33852,1430,6264,1591,3025,"209",18297,153106,17111,25916,38654,2413,21937,2478
1895,3335,5442,2527,11887,1713,9018,23121,1613,3870,8940,10359,912,759,22386,2587,39336,9444,18931,560,22961,1008,26721,18565,135,14124,23610,1433,1929,924,21411,147096,25176,2411,4063,347,829,1549,8577,29532,288599,906,15192,11237,6650,20000,7799,19381,3261,10758,55208,1986,10850,1621,45349,2967,5674,3460,14335,10654,37105,3367,12698,27632,21898,9856,2638,1928,4284,19115,724,3518,48264,3171,168,300,141503,25726,8402,1437,2616,5045,114549,1290,39239,16209,1742,227857,1071,50908,1530,7262,20704,3407,19243,"Melbourne - North West",11668,853,1243,17442,4941,1638,5986,24652,37496,7021,1481,2107,24425,1120,3606,1287,2413,"210",12600,113304,12753,17990,27571,1819,18019,2053
2535,5281,8253,2990,16382,1577,10893,31809,4426,3053,13136,12494,731,2040,25139,3840,85039,12365,25964,1098,25054,963,46081,24810,323,24276,34209,3048,3406,845,22570,211158,32923,5691,6801,547,1020,1453,10919,47034,408056,1645,24248,15434,10639,24639,17141,23391,3021,10805,63435,5916,16769,4657,50185,3215,7744,6716,22787,11770,62391,5710,16979,31044,47582,15780,6683,1809,9359,32439,608,7783,71134,6716,421,744,196894,34854,16768,1607,4485,12368,151809,1510,47988,23943,3663,300447,1513,67780,1611,10807,32549,6115,23351,"Melbourne - Outer East",14911,2388,1473,37452,10051,1342,10187,36924,50771,9241,2710,2971,30848,1369,10575,1592,2957,"211",21803,148637,15936,29952,32387,1540,23286,1514
3550,6643,10673,4634,25975,3157,20853,50095,4059,7170,17225,24528,1926,1891,47097,5048,91818,20284,37324,1225,48140,1898,55358,37306,338,28990,47774,3792,5271,1637,39851,305863,52776,5087,8254,681,1631,2739,17913,61505,605115,1900,31216,24123,13311,41671,16513,45382,5896,20203,116387,4876,21905,3962,95240,5438,11168,7944,30285,19650,77349,7721,24304,58168,50591,20404,6121,3532,8873,39657,1596,7636,96584,8365,393,731,299248,52854,18534,2608,6265,11212,235625,2320,81200,31914,4571,473448,1916,105635,2835,14688,42311,9587,39531,"Melbourne - South East",27727,2170,2317,41222,10591,3519,13977,48805,74630,13133,4312,4034,58490,1996,8840,2214,4205,"212",26360,237824,30759,37692,58222,3406,38202,3761
2923,4408,6858,4966,21967,4275,18016,42871,1894,9766,12204,20936,2223,898,51396,3156,78009,17328,35215,942,50749,1877,45235,35284,158,23107,45061,2764,4113,1668,44812,289288,57686,4225,5539,550,1340,3550,15847,57053,572482,1490,29236,20898,8698,45224,14392,38955,7821,23298,126540,3100,17798,2577,102145,6131,7753,8188,27814,21515,71110,8279,17380,62461,43232,17582,4879,3546,7813,36570,1761,6585,91031,6150,188,348,283202,57022,18670,2945,6357,9099,224537,2452,88215,22199,3381,449670,1583,114709,3194,9988,35386,7150,42993,"Melbourne - West",23892,993,2513,34778,10484,3988,14633,45971,70503,9624,3045,2452,50091,1972,5680,2200,4174,"213",22132,225125,26202,34544,64081,4413,33178,5355
2566,3503,5760,2547,8695,1153,5962,16958,3349,2127,9878,6606,557,1500,13064,3054,42468,6733,15000,881,12613,767,32608,14315,295,17406,19290,1188,1276,676,18794,123705,17610,2843,4721,506,1105,1148,6043,28120,237269,1390,14557,8262,7772,13438,8233,12577,2297,8994,31974,4089,11795,2978,25679,2535,5874,3025,13562,9802,37104,2447,12445,15407,24250,10941,3599,1447,4557,19457,511,3681,40081,2730,330,622,113561,18877,7597,1241,1718,6440,89657,1300,26591,18360,1543,176006,1460,36487,1296,8482,22741,2270,13157,"Mornington Peninsula",7747,1847,1248,18221,4574,1068,4171,20793,29314,6571,1001,2258,15920,1283,7063,1521,2810,"214",15208,86348,8169,17647,16562,1054,12780,1071
1745,2136,3382,2035,4716,886,2572,9101,2558,1674,5575,2788,423,1156,5522,1789,33951,2898,5911,579,5572,590,17186,5852,208,8529,9933,1229,879,574,13791,62466,7916,3073,3034,339,791,651,2598,13214,123356,920,6529,4381,4819,4784,6504,5362,1534,7215,16382,2787,4723,2422,11095,1849,2831,2252,6688,6570,21405,1941,6051,8228,18088,5164,3085,1161,3463,10565,339,3039,20112,2445,317,517,60891,8259,5255,809,1677,6159,37811,950,9384,10355,1217,75615,959,16175,1041,4780,9884,1692,4599,"North West",3792,1399,1086,15869,3008,763,3615,10179,11760,3217,816,1243,7825,1076,5202,1024,2105,"215",8657,37806,4026,10849,8149,684,5495,983
1455,1569,2522,1573,4388,692,2400,8377,1876,1309,4495,2627,311,853,5194,1372,23930,2961,5690,445,5100,537,14681,5648,130,7341,8508,889,584,467,11229,53639,7124,1948,2213,284,689,585,2549,11836,105507,734,5902,3989,3579,4829,4545,5023,1277,5720,14067,2077,4347,1713,10294,1479,2586,1607,5934,5507,17490,1394,5283,6865,13118,4706,2132,1010,2482,8816,243,2061,17361,1862,199,326,51868,7501,3858,682,1073,4077,35015,778,9491,8616,971,70350,767,14628,801,4123,9057,1123,4661,"Shepparton",3233,1027,795,10812,2249,553,2464,8852,11337,2698,537,956,6706,915,3792,915,1833,"216",7338,35336,3473,8672,7201,618,5505,690
1275,1620,2497,1446,3961,497,2122,7635,1940,892,4321,2405,287,881,4226,1270,28786,2550,5134,417,4315,475,14254,4951,140,7140,8305,939,661,425,9540,51535,6667,2665,2260,248,553,474,2190,11064,100676,665,5699,3680,3529,4121,5735,4534,972,4744,12295,2386,3965,2127,8542,1313,2151,2046,5367,4797,17876,1586,4695,6065,15349,4214,2695,902,3079,9101,230,2655,17133,2000,218,362,49132,6960,4641,620,1272,5361,31388,707,8011,7910,1061,62346,716,13624,696,3585,8178,1364,3892,"Warrnambool and South West",3015,1060,737,13440,2591,517,2863,8831,10082,2542,701,878,6408,774,4514,787,1558,"217",7115,30955,3392,8772,6232,416,4738,473
1242,2187,3454,1528,7547,765,4629,14560,1789,1239,5813,5221,295,808,10116,1719,33343,5874,12238,617,10108,400,21383,11940,120,11095,15592,1266,1103,365,10632,92945,14490,2229,2985,340,528,641,5129,21826,179726,953,11047,7015,4703,11196,6728,9850,1407,5301,24839,2613,7767,2028,20228,1539,3559,2532,10780,5333,28539,2023,7675,12096,19397,7581,2955,769,3926,14726,259,2796,32454,2780,174,297,86776,15726,6634,693,1349,5183,68217,720,22178,10711,1511,135746,716,30218,854,4899,15351,1920,10983,"Brisbane - East",5989,985,809,13945,4103,553,3380,16863,24181,4115,821,1263,12324,682,4639,718,1399,"301",10285,67533,6331,13811,12745,600,11009,636
1034,2503,3860,1130,5761,853,5307,11375,1738,2007,5819,5605,480,731,13071,1761,31999,4307,9725,753,13232,322,16081,9800,134,8600,13227,1126,1352,291,10709,88246,14902,1806,3436,275,378,730,4022,16867,169465,1025,8606,5620,5195,11340,6150,10905,1577,5117,32991,2051,6044,1523,26309,1434,3121,2714,8257,5592,22159,2759,7274,16190,18416,5500,2355,616,3476,11529,442,2671,27109,2427,180,312,81219,15469,6651,678,1915,4166,64241,571,22141,10049,1295,126756,659,30370,757,4229,11543,2313,10798,"Brisbane - North",7097,1006,560,13584,3939,914,4677,13887,19527,4158,966,1355,14139,464,3571,507,972,"302",7481,62513,7045,10625,16802,974,8338,1036
1185,3483,5205,1752,10672,1339,10760,20916,1981,3789,7083,11899,955,899,23742,2164,54617,7783,15028,487,24397,685,22699,14863,163,11865,20452,2203,3296,557,16880,143334,24577,2992,4150,279,512,1209,7184,25282,279522,766,13136,10241,6313,18644,10083,22657,2553,8581,61384,2658,8422,2110,48141,2257,4198,4598,12146,8292,33576,5315,9519,30554,30650,7978,3554,1238,5653,17534,869,4424,42229,4710,176,339,136193,24930,11001,1091,4146,6544,104387,845,35957,12682,2504,208026,677,49505,1164,5601,16404,5728,17308,"Brisbane - South",14926,1087,909,23965,6403,1826,9464,21778,29892,5319,2437,1724,30212,735,4773,785,1520,"303",10829,103637,15282,16045,30830,1775,14970,2006
704,1606,2492,826,6841,548,5299,13755,1618,1096,3841,6185,397,741,8291,1228,36426,4921,7974,619,8647,296,14470,7882,147,7579,11436,1621,2409,280,7537,75348,11863,2102,2375,200,270,456,4601,13516,145038,814,7019,6918,3605,8561,7053,11480,1006,3539,22084,2219,4971,1817,16930,1003,2112,2754,6504,3996,18916,2276,4652,10982,20717,4746,2476,577,4025,9885,424,3026,23908,3657,149,294,69686,13048,7007,476,1782,4578,50635,396,16904,6968,2037,101077,426,24914,530,3123,9720,4127,8338,"Brisbane - West",8124,876,431,15709,4254,813,4054,12475,15848,2538,1721,889,16427,323,4037,384,710,"304",6890,50439,8295,9027,11098,540,9525,555
815,1605,2383,2078,6545,1714,9991,13691,1098,5365,3477,9803,1169,518,20620,1051,45903,4531,9538,508,22216,453,14081,10758,86,7102,16244,1558,3342,507,19415,108640,19102,2411,2242,190,385,1429,4645,15754,215485,703,7723,7140,3291,13732,8810,19790,3144,10090,57771,1775,4685,1451,42833,2697,2092,3660,8029,9329,22992,5325,4551,29254,25867,4787,2746,961,4879,11448,1120,3927,31800,3550,125,211,106851,18699,8762,1138,4246,5157,73441,985,25894,6469,1985,150169,431,37802,1550,2995,9474,5516,12163,"Brisbane Inner City",14448,582,1096,20036,5106,2287,9568,15558,20295,2461,2175,773,27589,736,3229,643,1377,"305",6977,76726,13145,11539,28513,2569,9183,2790
1626,1714,2770,3226,7422,1616,4687,14457,1650,3388,5099,4980,771,738,11297,1425,37215,5254,11522,423,10763,964,22538,11865,111,10804,16939,1198,1100,882,21678,97882,15080,2845,2298,264,811,1585,4783,22020,192534,686,10680,7034,3722,10715,7683,9667,3202,11146,30090,2604,6939,2079,22057,3505,3661,2753,11343,10537,31700,2741,7029,14383,21573,8234,3608,1844,4493,15820,747,3192,34573,2573,161,272,94652,16954,7331,1626,1900,6456,65770,1530,21504,10311,1374,133637,819,32035,1884,5215,15176,1923,10789,"Cairns",6529,913,1694,15645,4579,1516,4646,17635,23383,3367,817,1050,13106,1419,4686,1264,2683,"306",11737,67865,6574,15880,15707,1669,10039,1717
1090,1205,1950,1657,4035,723,2296,7607,1559,1355,3703,2513,305,694,4580,1025,25354,2669,4978,319,4866,527,14013,5415,90,6772,8540,842,615,469,10848,50080,7065,1949,1661,196,538,646,2252,10972,100396,507,5236,3573,2685,4425,4883,4812,1369,5755,13850,2101,3872,1643,9446,1628,2368,1911,5728,5094,16900,1834,4660,6869,14237,4710,2328,993,2663,8319,260,2222,16907,1696,143,229,50315,7525,4764,731,1221,4273,30744,752,8458,7311,849,64194,552,14588,896,3606,8582,1154,4033,"Darling Downs - Maranoa",3174,866,902,11111,2848,566,3057,8370,10395,2288,533,744,6530,890,3742,801,1683,"307",7245,33450,3355,8583,6984,573,4921,784
1323,1418,2259,2504,7277,1713,4880,14123,1517,2935,4610,5281,763,659,10591,1202,35999,5005,10047,426,11026,781,16999,10801,94,8267,15811,1492,1081,774,18121,85375,14723,2566,1960,263,616,1146,4470,18642,173127,690,8672,6846,3161,9989,7007,10165,2862,10129,30046,2065,5329,1716,21623,3101,2813,3019,9970,7993,26615,3267,5858,14999,20195,6083,2902,1555,3853,12632,579,3154,30962,3088,116,216,87751,14331,7467,1251,2220,5470,57186,1056,18726,8700,1599,119012,706,29052,1856,4090,11414,1976,8735,"Central Queensland",6539,857,1447,15807,4448,1342,5483,15154,20852,3039,900,844,13476,939,3778,877,1808,"308",8735,61819,6941,13982,15043,1185,9481,1754
3829,5286,8509,5478,17701,3026,14316,35031,3377,6832,14572,14643,1658,1554,31067,4457,70380,13266,29639,1826,30144,1646,54729,28601,239,28220,37138,2789,3195,1476,42316,242352,37858,4140,7405,988,1636,2888,12339,51023,466532,2817,26577,17333,11859,29521,13057,28953,5913,20602,77481,4946,20730,3707,61211,6019,9854,5307,24448,21713,66311,5446,20404,37585,40846,20343,5676,3119,7562,35028,1659,5496,77318,6309,292,529,224184,40563,13697,2977,3995,9812,179792,2770,58815,27614,3514,353840,2196,78423,3039,13041,41078,5505,29290,"Gold Coast",19170,1825,2702,29535,8390,3314,9436,40177,58238,10547,2312,3226,37774,2460,8655,2537,4998,"309",26511,174047,18611,31290,39888,3375,25603,3453
1557,1933,3120,2770,11409,2466,8193,22040,1706,5030,6115,8478,1358,764,18279,1548,41744,8354,15535,491,17505,1237,23230,15545,106,11795,20748,1817,1894,1017,24669,126812,21763,2561,2567,257,722,1619,7559,25260,250288,745,12443,10634,4113,15996,7383,16668,4081,13671,47373,2481,8153,1944,35786,3556,3849,3299,12819,10997,33882,3981,8182,23079,24005,8323,3289,2252,4153,16998,989,3230,42017,3875,142,245,123476,22070,8358,1583,2576,5853,91813,1272,31398,11449,2062,183876,840,43836,1975,5336,16467,3341,15395,"Ipswich",11074,949,1497,17739,5056,2348,6562,21267,31079,4330,1449,1191,22352,1164,4433,1166,2330,"310",11430,92064,11285,16882,24293,2031,15914,3003
1262,1927,3057,2519,11479,1562,8270,22321,1261,3345,5501,9055,844,600,17555,1392,36540,8978,15807,284,17502,1021,25090,15545,58,12726,19844,1484,1596,966,19404,125648,21062,2211,2288,200,583,1461,8166,27063,245998,485,13651,10842,3680,16425,6595,17324,3026,9752,44097,2220,9440,1703,35058,2996,3656,3073,13416,9650,34791,3463,7815,21452,21232,9583,2991,1985,3833,17936,802,2765,40948,3194,85,145,120357,21926,7751,1464,2232,5204,94763,1297,32215,10337,1707,190058,679,42990,1530,4836,19019,2775,15789,"Logan - Beaudesert",10671,666,1223,15305,4676,1647,5695,21108,31355,4159,1176,1131,21741,1075,3920,1069,2145,"311",12362,95296,11072,16853,22644,1630,17145,1713
911,1041,1680,2246,5135,1656,3709,9955,999,3086,3130,3799,660,390,8545,830,25530,3661,7804,192,9017,638,12926,8702,51,6096,12677,835,778,526,15885,65432,11975,1765,1336,139,450,997,3305,14844,134500,325,6840,4814,2162,8100,5094,7507,2659,9365,24705,1504,3917,1087,17559,2751,2111,2218,8000,6513,20965,2515,4173,12448,14753,4890,2105,1165,2822,9815,553,2267,24347,1816,104,157,69072,11278,5555,1040,1546,3873,44158,867,15044,6078,980,93094,461,23252,1706,2951,8809,1391,6946,"Mackay - Isaac - Whitsunday",5033,604,1376,10771,3332,1216,4057,11667,16506,2062,621,640,10115,850,2590,674,1527,"312",6824,48935,5083,11145,12258,1206,6968,1887
1979,2065,3462,2217,7645,1223,5306,14947,1944,2211,7039,5565,662,873,10410,2054,30137,5959,12243,1017,10336,689,26616,12008,125,13753,15283,1000,958,579,17171,98562,13907,1993,3226,535,852,998,5476,22649,190510,1551,11606,7305,5282,10727,5223,10869,2227,8724,26424,2923,9607,2218,20746,2183,4498,1949,11043,8449,29763,2167,9333,12914,17893,9460,2906,1265,3127,15615,470,2093,31653,2245,142,269,91942,15017,5299,1004,1299,4897,72226,1106,21399,13265,1249,143199,1130,28922,1179,6225,19066,1644,10670,"Moreton Bay - North",6728,1068,1113,12243,3349,1128,3468,16372,24249,4839,691,1391,13644,1184,5141,1223,2412,"313",12863,70977,6910,14148,13505,930,11432,1284
629,1030,1593,953,6618,729,4773,12975,978,1475,2960,5028,343,497,10734,759,29123,5073,9841,309,10276,349,14554,9915,50,7544,13166,1196,1087,352,8366,77481,14202,1787,1407,149,277,609,4536,15249,150360,464,7724,6354,2169,10913,5905,9797,1338,4204,26275,1806,5268,1473,21012,1280,1846,2556,7530,4156,20170,2285,3967,12539,16697,5120,2183,705,3338,10376,298,2565,26944,2665,71,118,72884,15181,6539,591,1497,3973,56621,468,21506,5577,1461,112873,353,29382,693,2621,10386,1884,10588,"Moreton Bay - South",6153,478,481,12419,3985,641,3783,13776,19754,2126,794,560,12320,422,3283,468,892,"314",7017,56254,6161,9797,13735,711,9611,760
363,267,479,1134,2537,805,1910,4799,382,1798,1009,1938,543,168,3822,288,13449,1675,3097,70,3921,478,5489,3488,23,2423,5526,382,492,411,8555,29149,5275,1034,372,54,212,493,1449,5987,61037,120,2665,2261,663,3252,2835,3847,1299,5030,12140,532,1576,453,7746,1293,814,1219,3327,3521,9231,1505,1457,6121,7371,2147,1069,890,1513,4220,334,1315,10707,783,46,67,31893,4930,2816,572,1094,2104,18254,486,6090,2197,401,39037,150,10202,716,1192,3726,886,2834,"Queensland - Outback",2730,210,655,6077,1599,875,2604,5179,6588,638,393,216,5607,464,980,315,779,"315",3069,20784,2878,5007,6022,694,3118,1102
2439,4177,6832,2990,10386,1526,6315,20537,4086,2406,11502,6723,648,1904,13707,3501,58992,7698,18139,1059,13471,796,41517,16590,277,21438,22871,1887,1616,733,21245,149112,20690,4149,5580,574,1037,1243,7099,34182,284697,1628,17624,10156,9082,15242,11218,13039,2769,10492,35083,5809,14070,4592,27177,3129,7449,3926,16561,10753,47115,3366,15370,16875,34275,13984,5792,1526,6576,24913,633,4644,49081,4217,345,620,135585,22537,10178,1495,2133,9944,104094,1497,30281,21891,2323,204460,1399,43230,1639,10388,28047,2835,15042,"Sunshine Coast",8567,2183,1497,24720,6253,1288,5498,26210,34735,7919,1219,2654,17161,1507,10400,1559,3069,"316",20076,100368,8587,22209,18208,1134,14798,1274
1147,1493,2341,1276,5152,665,3675,10243,1518,1356,4400,3886,410,689,7340,1197,25236,3723,6648,603,7375,496,13880,6366,105,7385,8996,942,1021,421,10049,62298,8649,1624,2231,246,483,575,3399,12506,119233,848,6458,5088,3431,6151,4602,7557,1242,4882,19438,1867,4845,1474,14716,1264,2300,1837,6046,5161,17456,1865,5206,9595,14313,4444,2051,913,2621,9142,347,1980,18886,2207,140,241,56937,9266,4486,623,1494,3673,42820,626,12196,7870,1270,83953,666,17921,645,3472,9292,1802,6044,"Toowoomba",5039,830,648,10920,2646,753,3364,9897,13019,2908,783,845,10112,572,3346,676,1248,"317",6490,41134,5076,8323,9842,634,7123,724
1240,1667,2675,2190,8305,1451,6136,16050,1495,2973,4945,6878,1169,646,11667,1295,34957,6042,10643,316,11804,831,18684,10568,75,9173,14838,1430,1698,716,17426,92109,14466,2289,2101,212,561,1071,5280,19312,183253,523,9522,7744,3396,10360,6424,13015,2525,9626,31772,2020,6195,1682,23472,2554,3104,2653,9791,7803,26487,3110,6518,15814,19785,6793,2702,1550,3552,13232,718,2880,30186,3178,119,196,91141,15064,6646,1152,2220,4993,64525,1008,20360,9253,1744,130866,677,29533,1397,4312,12983,2989,10000,"Townsville",8551,852,1183,15168,3986,1889,5332,15350,21210,3418,1294,1010,17890,1037,3704,958,1992,"318",9509,66343,9342,13261,15963,1185,11325,1784
3121,3036,5118,3715,8508,1516,4878,16492,3136,2416,10342,5093,713,1456,9971,2842,45826,6134,13489,811,9659,919,41675,13044,187,20550,18236,1450,1039,808,23960,121064,14530,3827,4111,572,1495,1174,5534,30281,236940,1382,15335,7987,6953,10173,8172,9969,2689,12532,26563,4619,13810,3719,19635,3289,7412,2839,14950,11427,42907,2724,14439,12822,26204,15164,5080,1729,4734,22200,535,3433,37987,3100,264,454,115869,15933,7243,1527,1781,8904,83440,1783,20531,20703,1644,167150,1632,30467,1753,10357,28980,1976,10356,"Wide Bay",6453,1688,1931,19626,4409,1253,4512,19751,26532,7028,932,2083,13195,2243,8337,2119,4360,"319",21125,83716,6743,20706,13738,1045,11670,1375
1450,4597,7044,1933,9364,1043,7324,18457,3666,2242,9035,8238,646,1677,13700,3109,60181,6624,13238,592,13919,593,28522,13214,340,15222,19488,2150,2900,533,14522,126143,17756,4092,5636,321,622,795,6067,24977,243000,913,12836,9090,8740,12604,11200,15563,1845,7419,37009,4877,9401,3909,27626,2072,4938,4101,12142,7105,36035,3871,11161,18424,33463,8590,5031,1126,6095,18810,554,5103,39720,4636,452,785,116855,18744,9855,903,3273,9125,85584,944,24797,16278,2486,168297,822,36493,1164,7243,17986,4979,12198,"Adelaide - Central and Hills",10780,1991,991,26724,5748,1200,7146,20236,26449,6221,2076,2448,21737,805,8788,942,1743,"401",13303,82714,10958,17225,18590,1017,12690,1230
2222,3995,6394,2733,13666,1879,10972,26529,2693,3836,10796,12277,895,1292,25371,3017,53857,10840,21657,670,25320,945,35537,21543,193,18728,27443,1877,2368,847,22232,173172,28119,3410,4910,422,946,1415,9764,37404,340320,1093,19111,12863,7927,21924,9182,23247,3296,11436,62668,3890,13487,3224,50690,3101,6658,4315,18302,10789,47656,4611,14777,30944,29821,12416,4110,1793,4972,24559,736,4209,55481,4129,244,434,167148,27472,10284,1409,3537,7521,132565,1342,42012,19694,2252,264233,1274,55594,1691,8896,25896,4345,20093,"Adelaide - North",14076,1405,1387,24038,5967,1636,8147,28036,43200,8121,1979,2396,29231,1175,7116,1348,2527,"402",16815,131668,15155,23093,31727,1742,20607,2092
2021,5191,7949,2387,10890,1129,8209,21523,3842,2281,10511,8806,552,1775,17719,3605,61975,8197,17371,914,17533,646,36251,16805,344,19069,22914,2045,2533,575,17166,153114,22338,4464,6533,494,866,1020,7467,34075,293636,1405,17854,10634,10136,16763,11035,17015,2148,8316,44796,5161,12626,4287,35258,2262,5906,4447,16221,8851,46124,4103,13185,21866,34579,11818,5207,1219,6100,24239,537,4937,47463,4639,434,781,140522,23357,10819,1081,3166,9666,109682,1176,32725,19050,2593,214491,1154,45692,1179,8540,24436,4478,15964,"Adelaide - South",11284,2069,1206,27403,6370,1085,7265,24549,34168,7282,1948,2761,22584,1077,9450,1286,2364,"403",17180,104803,11307,21886,22934,1110,15668,1164
1334,3745,5872,1542,6568,837,5951,12870,1842,1837,7701,6411,437,864,13252,2646,32852,5096,11789,756,13550,481,20509,12047,157,10790,15598,996,1527,377,12301,99334,14775,2175,4717,368,554,718,4727,21525,192810,1115,10992,6301,7369,11503,5888,12360,1555,6026,33822,2194,7812,1893,26807,1680,4353,2440,10530,6268,27905,2857,10298,16840,18114,7094,2667,856,3243,14439,421,2646,31408,2194,219,381,93475,14696,5676,777,2330,4840,74948,778,22240,13477,1199,147666,781,29477,908,5776,14906,2761,10736,"Adelaide - West",7894,978,764,14733,3237,856,5181,15810,23836,5939,1239,2122,15981,728,4083,788,1520,"404",9721,72710,8080,13473,16989,877,9825,961
935,1468,2313,1218,3288,408,1557,6253,2088,651,3902,1796,122,965,3443,1199,27524,2128,4590,311,3563,364,14729,4844,156,7213,7634,792,573,308,7328,45933,5681,2512,2003,200,435,346,1848,10816,91328,517,5170,2969,3207,3517,4960,3354,754,3736,10316,2728,3841,2372,7004,980,2227,1759,5643,3593,17408,1462,4506,5125,14893,4465,2861,678,2697,8612,155,2263,15377,1602,217,380,45391,6019,4190,459,1207,5371,27450,580,6757,7528,811,56469,501,11700,528,3629,8307,1171,3245,"Barossa - Yorke - Mid North",2285,1121,636,12632,2430,278,2663,7745,9436,2285,599,840,4809,675,5101,647,1324,"405",7522,29026,2520,8791,5194,289,3974,356
619,708,1152,1165,2365,672,1577,4551,922,1321,2119,1665,362,422,3359,627,16975,1523,3461,207,3648,311,8114,3872,75,3949,6156,522,418,279,7752,32466,5149,1434,1024,106,312,404,1370,7142,66735,309,3360,2184,1644,3162,3254,3233,1073,4416,10728,1296,2266,1107,7005,1214,1278,1311,3778,3333,11181,1355,2587,5523,9063,2573,1449,589,1671,5336,226,1577,11794,1062,108,183,34274,4795,3038,500,1048,2879,20070,525,5828,4128,540,42011,310,9941,707,2012,4841,834,2668,"South Australia - Outback",2217,504,638,7910,1728,589,2397,5633,7333,1305,417,444,4653,486,2398,384,870,"406",4165,21941,2438,5847,5206,500,2897,825
1698,2350,3829,1941,5290,1027,2980,10326,3343,1481,6736,3347,442,1588,6143,2128,41983,3434,7707,624,6525,603,24917,8094,262,12476,12597,1249,866,485,13712,76886,10094,3600,3310,385,789,618,3116,17540,153169,1004,8560,5038,5433,6324,7446,6328,1645,7423,18205,4287,7112,3721,12667,1913,3925,2747,8982,6289,27200,2298,8001,9214,22815,7579,4120,1080,4016,13589,285,3428,25158,2692,333,596,76287,10057,6447,834,1759,7722,47784,911,12060,13044,1446,97474,908,20150,1072,6305,14690,1676,5740,"South Australia - South East",4127,1751,1035,19169,3701,720,4050,12561,15804,4079,816,1485,8728,1147,8014,1073,2220,"407",12441,49697,4603,13618,8994,554,6553,933
1367,1475,2385,1988,5679,1061,2913,10870,1867,1714,4693,3195,348,859,7481,1280,33025,3834,7975,413,7279,636,18211,8161,124,9023,12184,1215,681,566,13266,71705,11230,2484,2039,240,607,787,3265,16037,140569,645,8013,5188,3318,7696,6623,6115,1849,6900,19851,2704,5431,2398,14761,2026,2694,2471,8022,6365,23633,2060,5617,9550,18735,5876,3134,1204,3729,12124,323,2888,24780,2560,156,282,68864,11814,6384,891,1312,5617,46607,975,14818,8844,1350,94276,760,23043,1128,4158,11310,1225,7118,"Bunbury",3919,1006,1010,14293,3914,677,3374,12600,16134,2927,544,915,8013,912,5098,889,1801,"501",9186,47670,4095,11510,10306,757,7104,961
932,1078,1848,926,2930,454,1984,5823,1045,796,3740,2114,194,511,4148,1025,13066,2205,4760,234,3985,235,12177,4660,75,6229,6112,490,384,235,6725,40991,5328,781,1388,178,413,365,2048,9542,79180,413,4986,2891,2416,4047,2248,4095,815,3441,10359,1223,4455,1010,8139,919,2534,824,4559,3283,12388,879,5220,4972,7609,4412,1144,476,1310,6575,163,938,12586,1098,78,154,38182,5782,2281,407,546,1916,30103,456,8009,7189,603,59393,514,11114,509,3454,8863,668,3962,"Mandurah",2527,539,476,5453,1460,361,1423,6473,9415,2688,287,777,5129,529,2228,551,1081,"502",5948,29290,2598,5811,5388,357,4254,443
866,2025,3053,1487,4562,1077,4147,9449,1520,3657,4145,4436,578,659,10817,1346,35688,2738,6513,405,11620,300,13383,6916,122,6742,10817,1524,2001,350,13253,73108,11479,2122,2611,203,380,881,2499,12596,143313,608,6237,4892,3961,7990,6811,8585,1956,6744,32158,1863,4320,1583,22435,1641,2275,2413,6355,6506,18664,3365,5072,16215,20005,4424,2461,652,3814,9415,617,2997,21877,3565,183,299,70201,11532,5830,735,2693,4581,46598,707,15225,7465,2040,94377,486,23008,904,3312,8743,3569,7235,"Perth - Inner",6766,863,777,15678,3417,1193,6065,11059,13430,2796,1568,1031,13348,634,3444,560,1193,"503",6644,47778,6584,9249,15940,1759,5236,1902
1333,1643,2668,2027,8046,1801,6061,15442,1279,3471,5102,6644,826,602,15254,1405,33327,5887,12604,598,15436,627,19081,12999,83,9768,17393,1525,1327,534,17676,102032,17882,1964,2360,297,600,1195,5156,21616,202559,900,10908,7391,3769,13382,6560,12705,3002,9718,39378,1749,7126,1447,30695,2609,3277,2695,10706,7963,27999,3057,6975,19674,18902,7029,2394,1163,3681,14198,614,2881,34778,3232,118,200,100526,18121,6904,1093,2164,4355,75164,893,26096,9581,1701,151560,732,36003,1515,4481,14151,2386,12714,"Perth - North East",8004,678,1130,14422,4210,1445,5217,17382,25600,3694,1053,1023,16532,836,3194,893,1732,"504",9317,76394,8528,13803,19709,1399,11039,2073
2445,4179,6631,3347,17357,2461,12643,33968,3173,5687,12036,14126,1117,1459,32476,3243,73952,12995,27112,1121,33186,1157,40522,27079,246,21242,35901,3204,3294,1035,28864,220096,37694,4024,5585,547,985,2051,11594,45624,429558,1671,23484,16613,8828,29005,14822,26768,4505,14591,82322,3715,16006,3136,65660,4081,7124,6237,22135,14279,57893,6375,15985,40892,42017,14832,4901,2193,8230,30043,992,6597,73099,7185,286,529,209459,39028,15767,1859,4602,8927,163808,1654,56454,21602,3980,326734,1465,76723,2222,9564,30838,5725,27451,"Perth - North West",16924,1713,1693,31935,9530,2107,10974,37198,54196,8863,2433,2452,34593,1302,6853,1523,2825,"505",19276,162927,17671,27850,41434,2582,24594,3105
2471,3786,5920,3594,15700,2934,12885,30237,2715,6682,10346,15016,1553,1187,31523,2909,68749,11528,22000,1132,33277,1121,36331,23110,209,18492,30734,3045,3586,969,31284,198253,34973,3793,5171,566,1059,2024,10060,39637,395396,1692,20348,14540,8082,26325,11991,27901,4957,16716,83212,3676,13306,3026,64802,4087,6145,5712,19288,14564,51682,6606,13559,42250,38537,13397,4660,2087,6686,26714,1220,5307,61189,6564,253,466,197142,33891,13744,1766,5123,8455,145151,1709,50158,18742,3513,295363,1410,68863,2319,8394,26702,6387,23836,"Perth - South East",17688,1523,1887,30211,8029,2776,11729,30449,45110,7412,2803,2131,37063,1416,6707,1509,2927,"506",17839,150210,19372,24972,40965,2828,21587,3854
2397,3478,5501,2936,12806,2373,9613,25210,2415,5044,9527,10492,1247,1089,23008,2745,56587,9419,20078,1105,22867,1014,30873,20183,179,15907,27099,2369,2636,900,26479,165658,28125,3222,4854,539,998,1656,8483,34096,323530,1648,17384,12411,7599,21160,11058,20106,4030,13973,59255,3030,11606,2553,45869,3848,5810,4590,16713,12506,44330,4893,12614,29200,32532,11187,4078,1910,6311,22881,921,4747,55163,5397,268,453,157869,28785,11554,1674,3446,7299,120621,1417,41319,17425,3026,240460,1399,56905,2165,7898,22789,4487,20163,"Perth - South West",13170,1322,1513,24060,6962,2173,8337,28064,40266,6803,1854,2023,26764,1230,5580,1270,2500,"507",14969,119842,13593,21449,30058,2163,17899,2885
1227,1172,1974,2022,3918,1015,1775,7290,2049,1706,4078,2298,394,949,4233,1183,31275,2596,5516,325,4430,524,16103,5834,157,7683,9783,799,635,411,12515,54073,7840,2740,1655,229,593,684,2109,12814,110110,548,6153,3370,2844,4477,6158,4072,1705,7027,14107,2490,4346,2261,8659,1929,2467,2349,6655,5494,20615,2189,4812,7073,17026,5190,3041,935,3308,10111,239,2849,19431,1645,161,319,56035,7849,5596,828,1553,5781,31555,908,8389,8083,852,66317,636,15690,1095,4005,9535,1241,3909,"Western Australia - Wheat Belt",2651,1096,1110,14252,3250,638,3741,9650,11352,2344,605,807,5948,963,4747,849,1815,"509",8419,34760,3302,10509,7030,611,4708,1100
147,70,128,1438,2332,1966,1923,4384,91,3643,333,2067,606,40,5668,78,13099,1520,3329,22,7792,466,2764,5312,13,1124,8262,348,386,402,12854,30698,10119,793,98,15,79,874,1293,5954,73483,39,2335,2048,184,6416,2665,3986,2836,8251,20349,222,704,244,13464,2399,255,1736,3616,4606,8915,1765,461,11633,6709,1106,728,865,1254,3574,409,1414,13701,703,8,16,42784,6646,3663,858,1473,1521,19378,504,10261,707,357,47522,73,16763,1539,372,1811,728,3845,"Western Australia - Outback (North)",2716,50,934,6393,1932,1008,3242,5439,8640,208,338,57,5726,289,468,193,479,"510",1635,28140,3009,5343,8711,1280,2811,2365
754,561,972,1818,3697,1163,2256,7176,878,2314,2201,2565,475,396,5406,612,20102,2441,5075,164,6012,570,9587,5928,71,4438,9112,690,530,478,12373,45174,8127,1428,795,130,373,843,2279,10041,94047,290,4620,3477,1411,5277,4213,4823,2002,6958,16752,1180,2703,1030,11421,2076,1393,1691,5422,5417,14886,1752,2731,8604,11099,3458,1593,1048,2260,7015,373,1950,17286,1408,73,143,48868,7770,4193,843,1266,3023,28666,792,9702,4364,721,61568,378,15898,1231,2163,6157,1023,4428,"Western Australia - Outback (South)",3161,481,1027,9004,2500,847,3013,8181,10995,1343,488,412,6690,661,2209,556,1218,"511",5145,32910,3530,7876,8143,984,4717,1328
1458,2679,4181,1965,6880,879,5120,13565,2141,1915,6703,5398,500,976,10874,1906,38221,5217,10651,470,10623,488,22183,10223,156,11598,14285,1169,1422,512,13224,94929,13171,2950,3368,243,598,773,4645,21114,182260,710,10978,6684,5275,9533,6939,10523,1659,6634,28485,2952,7719,2461,21494,1782,3817,2755,10135,6590,29440,2832,8496,13947,21215,7232,3409,1003,3832,15358,415,3107,29598,2694,225,376,87329,14411,6611,833,2238,6363,67119,967,19308,12093,1527,130817,861,27577,957,5388,14953,2612,9779,"Hobart",6952,1165,998,17005,3854,910,5074,15312,20876,4675,1189,1509,14042,885,5418,931,1815,"601",10584,63692,7088,14085,14541,832,9870,1079
1173,1658,2596,1525,4563,569,3043,8806,1459,1127,4497,3339,360,686,5595,1230,24779,3365,6796,347,5580,452,16533,6529,103,8366,9373,754,806,419,10103,59733,7536,2098,2141,193,524,542,2959,13992,116022,538,7124,4235,3369,5373,4631,6385,1113,5017,15036,2171,5346,1902,11178,1387,2639,1596,6873,5092,20046,1569,5726,7318,13538,5404,2425,873,2499,10309,295,2131,19336,1611,137,235,56285,8353,3906,676,1160,4526,41109,756,10874,8353,858,81138,649,15890,710,3852,10754,1617,5498,"Launceston and North East",4144,772,771,11247,2308,653,2727,9962,13317,3084,817,939,8661,861,4069,856,1709,"602",8165,40031,4512,9741,7715,554,6318,579
327,238,434,529,1037,162,486,1944,418,232,999,573,51,214,1149,271,6943,732,1856,52,1177,148,5437,1956,18,2555,2742,155,98,106,2901,15142,1998,753,326,57,170,174,606,4468,30898,108,2120,902,600,1451,1308,1058,335,1521,3163,711,1558,689,2329,427,776,384,2348,1382,6583,344,1417,1561,3796,1885,842,249,737,3213,51,570,5540,351,37,58,15753,2107,1013,205,257,1595,9963,253,2760,2152,194,21054,153,4106,222,1159,3439,204,1310,"South East",646,201,275,3147,625,109,601,2794,3806,637,106,201,1371,304,1400,288,593,"603",2875,11091,728,3369,1604,104,1339,133
977,1250,1949,1167,3446,402,2131,6699,1264,697,3728,2288,192,614,4183,942,19124,2576,5590,258,4138,318,13134,5363,67,6732,7412,550,499,295,7338,46325,5797,1674,1587,165,412,352,2278,11125,89678,426,5578,3258,2522,4159,3407,4416,749,3631,11138,1810,4260,1484,8324,1070,2239,1238,5545,3706,15963,1240,4755,5375,10709,4295,1991,616,1929,8142,158,1474,15425,1236,77,145,43356,6304,3064,494,883,3671,31906,579,8284,6993,680,63209,562,12096,576,3271,8555,926,4130,"West and North West",2793,648,589,8416,1828,352,2126,8011,10955,2516,421,705,5691,623,3294,666,1287,"604",6398,31303,2898,7818,5770,343,4848,351
347,278,487,1871,4039,1806,3122,7600,368,3978,1226,3773,844,159,9045,273,19082,2831,5803,54,10016,596,7413,6783,19,3393,10094,610,671,476,15098,51481,11472,1160,356,42,179,1076,2387,9634,109301,100,4419,3560,626,7739,3912,6893,2888,9023,26858,711,2259,660,19058,2457,906,1928,5218,6078,14042,2211,1757,14046,10549,2802,1386,1073,2109,6612,564,1799,18951,1304,20,38,57821,10315,4465,944,1615,2544,34854,805,14435,2470,690,75123,164,21789,1508,1246,5054,1260,6700,"Darwin",4355,208,1064,8532,2533,1402,3830,8858,12584,851,586,211,9555,564,1372,421,984,"701",4021,40264,5198,7434,12810,1556,5220,2421
235,132,229,1415,3420,1054,2379,6446,179,2719,639,2442,753,82,5382,116,11357,2278,3829,38,5127,753,3969,3775,4,1852,5881,392,392,633,11754,33722,6143,803,192,24,126,919,2007,5677,67701,59,2797,3023,310,4035,2338,4818,1978,6352,15691,374,1185,351,10504,1949,412,1056,2883,5396,8810,1367,851,7695,6148,1387,912,1386,1270,4366,587,1064,11887,778,18,21,33985,6283,2388,907,1094,1713,22172,666,8063,1266,390,44594,106,12427,1043,624,2568,749,4032,"Northern Territory - Outback",3357,100,747,5203,1333,1337,2460,6009,7603,435,358,94,6905,384,730,293,678,"702",2119,22422,3544,4439,7988,1242,4279,1477
1582,2678,4323,2402,12350,1848,10692,24468,3051,4408,7913,11651,1072,1458,25001,2316,75017,8701,17349,860,24867,725,29428,17201,303,15503,24959,2924,3874,678,21220,165485,28875,4769,3839,376,701,1474,7866,28961,322415,1230,15019,12124,6155,20980,13520,22338,3321,10756,66008,4485,9979,3838,49866,2847,4285,6044,13945,10460,41426,6622,9723,32368,41242,9135,5290,1403,7299,21558,962,6223,50915,6496,301,602,156932,29423,14241,1308,5115,10059,113779,1247,40736,14352,3576,226176,883,58298,1536,6436,19110,6979,19756,"Australian Capital Territory",15525,1596,1153,33775,8193,2033,11737,25955,34552,5437,3109,1640,31354,955,8324,1038,1991,"801",13929,112396,15829,19870,33639,2011,16566,2393
30,21,33,105,101,92,44,205,36,171,91,61,58,18,148,28,957,66,188,3,140,20,463,199,7,210,371,18,10,22,739,1702,345,96,29,3,15,29,68,378,3714,5,173,107,51,148,196,113,123,507,566,62,124,54,284,122,61,104,200,236,701,63,117,329,498,159,117,47,94,340,8,100,707,35,7,12,2013,290,217,44,45,220,969,52,300,182,18,2021,16,633,78,95,282,20,147,"Other Territories",63,19,60,459,110,65,109,332,390,54,13,11,199,42,114,25,69,"901",255,1046,134,359,240,35,127,143
