oidns_300_399_t, oidns_150_299_a_35_44, lab_300_399_a_55_64, oidns_400_499_a_65_74, lab_pins_a_65_74, lab_500_649_a_35_44, lab_800_999_a_65_74, lab_500_649_a_15_19, oidns_500_649_a_20_24, lab_2000_2999_a_25_34, lab_1750_1999_a_65_74, lab_2000_2999_a_75ov, lab_300_399_a_15_19, lab_3000mo_a_35_44, lab_1500_1749_a_75ov, lab_650_799_a_65_74, lab_500_649_a_25_34, lab_150_299_a_65_74, lab_400_499_a_55_64, maopd_tot_a_65_74, oidns_150_299_a_75ov, maopd_tot_a_25_34, lab_2000_2999_a_35_44, lab_1250_1499_a_75ov, maopd_tot_a_75ov, lab_800_999_tot, lab_3000mo_tot, lab_300_399_a_45_54, lab_1_149_a_35_44, lab_1250_1499_a_35_44, lab_1500_1749_a_25_34, lab_tot_a_55_64, oidns_400_499_a_35_44, oidns_nni_a_45_54, lab_nni_a_55_64, lab_3000mo_a_25_34, lab_800_999_a_75ov, oidns_nni_a_35_44, lab_150_299_tot, lab_1000_1249_a_15_19, lab_pins_tot, oidns_150_299_a_65_74, lab_400_499_a_65_74, oidns_300_399_a_55_64, lab_150_299_a_25_34, oidns_1_149_a_45_54, lab_300_399_a_20_24, maopd_tot_a_35_44, oidns_nni_a_65_74, lab_1000_1249_a_65_74, lab_1250_1499_a_65_74, oidns_300_399_a_75ov, oidns_1_149_a_65_74, lab_3000mo_a_20_24, oidns_nni_a_55_64, oidns_1_149_a_35_44, lab_1750_1999_a_20_24, lab_pins_a_35_44, lab_1250_1499_a_55_64, lab_800_999_a_20_24, lab_1_149_a_75ov, oidns_300_399_a_15_19, lab_pins_a_45_54, lab_tot_a_15_19, lab_500_649_tot, lab_400_499_a_35_44, lab_1250_1499_a_25_34, lab_1_149_a_25_34, lab_1500_1749_a_55_64, lab_3000mo_a_55_64, lab_2000_2999_a_65_74, lab_1750_1999_tot, lab_1250_1499_a_45_54, lab_650_799_a_25_34, lab_500_649_a_55_64, lab_300_399_a_25_34, lab_pins_a_75ov, lab_nni_a_20_24, lab_nni_a_65_74, lab_2000_2999_a_15_19, sa4_name16, oidns_150_299_a_45_54, lab_3000mo_a_15_19, lab_1750_1999_a_15_19, oidns_nni_a_20_24, lab_1250_1499_a_20_24, lab_pins_a_15_19, lab_1_149_tot, oidns_500_649_a_15_19, lab_1000_1249_a_25_34, lab_800_999_a_55_64, lab_tot_tot, oidns_300_399_a_25_34, maopd_tot_a_55_64, oidns_400_499_a_20_24, lab_650_799_a_75ov, lab_300_399_a_65_74, oidns_400_499_t, lab_400_499_tot, lab_500_649_a_75ov, lab_400_499_a_45_54, lab_3000mo_a_65_74, lab_1000_1249_tot, oidns_1_149_a_20_24, lab_1250_1499_tot, oidns_400_499_a_15_19, lab_150_299_a_20_24, lab_1500_1749_a_20_24, oidns_400_499_a_75ov, lab_400_499_a_20_24, lab_1750_1999_a_55_64, lab_650_799_a_15_19, lab_pins_a_25_34, lab_1000_1249_a_20_24, lab_1_149_a_15_19, lab_800_999_a_45_54, lab_1000_1249_a_35_44, lab_1500_1749_a_45_54, oidns_1_149_a_75ov, lab_2000_2999_a_20_24, lab_tot_a_65_74, oidns_300_399_a_35_44, lab_1750_1999_a_35_44, oidns_400_499_a_25_34, maopd_tot_tot, lab_1750_1999_a_75ov, lab_1500_1749_tot, lab_tot_a_45_54, lab_650_799_tot, lab_800_999_a_25_34, oidns_1_149_t, maopd_tot_a_45_54, lab_nni_a_45_54, oidns_150_299_a_25_34, oidns_nni_t, oidns_150_299_a_20_24, lab_nni_a_75ov, lab_150_299_a_55_64, oidns_150_299_t, oidns_1_149_a_25_34, lab_150_299_a_15_19, lab_1750_1999_a_45_54, lab_pins_a_55_64, lab_1500_1749_a_65_74, lab_400_499_a_15_19, lab_1750_1999_a_25_34, lab_800_999_a_35_44, lab_nni_tot, lab_1250_1499_a_15_19, lab_3000mo_a_45_54, lab_1000_1249_a_55_64, oidns_1_149_a_15_19, oidns_300_399_a_45_54, lab_tot_a_25_34, oidns_1_149_a_55_64, lab_1_149_a_45_54, lab_1000_1249_a_45_54, lab_650_799_a_35_44, oidns_nni_a_15_19, oidns_400_499_a_45_54, oidns_150_299_a_55_64, lab_300_399_a_35_44, lab_150_299_a_35_44, lab_500_649_a_65_74, lab_650_799_a_20_24, lab_tot_a_20_24, lab_2000_2999_a_55_64, oidns_nni_a_75ov, lab_800_999_a_15_19, lab_nni_a_35_44, oidns_300_399_a_20_24, oidns_500_649_a_25_34, oidns_nni_a_25_34, lab_1500_1749_a_15_19, oidns_400_499_a_55_64, lab_150_299_a_45_54, lab_650_799_a_45_54, lab_nni_a_15_19, lab_nni_a_25_34, lab_2000_2999_a_45_54, maopd_tot_a_20_24, lab_tot_a_75ov, lab_400_499_a_75ov, lab_300_399_tot, oidns_300_399_a_65_74, lab_2000_2999_tot, lab_1_149_a_65_74, lab_500_649_a_45_54, lab_150_299_a_75ov, lab_500_649_a_20_24, lab_1_149_a_20_24, lab_tot_a_35_44, lab_1000_1249_a_75ov, lab_300_399_a_75ov, lab_1_149_a_55_64, lab_pins_a_20_24, lab_650_799_a_55_64, lab_1500_1749_a_35_44, sa4_code16, lab_400_499_a_25_34, oidns_150_299_a_15_19, lab_3000mo_a_75ov
77,7,132,13,8,182,61,86,19,10,3,7,79,11,3,42,217,37,188,302,6,711,10,0,28,1348,54,133,29,68,46,1536,8,11,15,8,9,7,653,12,180,7,74,25,78,3,98,885,5,31,13,7,0,0,6,8,0,13,60,157,4,3,37,1071,1204,123,80,33,31,7,3,75,87,271,230,86,5,4,8,0,"Capital Region",7,0,0,3,25,33,678,3,189,240,8604,4,1075,11,9,58,88,847,17,184,6,810,0,335,4,71,14,12,95,12,71,35,63,462,320,170,43,3,0,431,11,22,4,4673,5,169,1777,1380,271,51,1144,17,3,44,10,0,121,65,6,162,20,23,3,80,19,244,109,6,7,149,27,10,1459,4,37,199,215,9,18,15,89,66,74,204,954,9,5,46,8,5,9,5,0,18,111,312,43,11,17,370,80,5,697,11,57,8,248,4,155,39,1292,5,7,60,21,262,31,"101",116,9,4
94,16,155,10,8,219,42,71,19,14,4,0,119,11,0,56,209,25,178,318,7,1009,21,0,23,1523,53,179,43,95,47,1794,12,12,11,7,0,15,904,5,154,3,48,13,78,7,140,1162,5,29,3,12,0,0,9,8,7,23,73,178,0,14,30,1648,1440,151,74,22,41,16,3,126,108,357,308,101,0,5,0,0,"Central Coast",3,3,0,6,22,25,1137,8,178,298,10621,13,1352,8,9,32,83,950,6,188,3,871,3,371,7,177,4,7,152,14,54,23,64,912,381,182,84,0,0,354,12,34,10,6025,0,246,2248,1784,294,59,1518,17,5,60,10,0,102,67,5,294,40,26,6,91,25,308,103,0,12,196,28,11,1573,0,50,215,316,7,6,13,146,95,76,227,1265,10,0,16,4,11,19,11,0,11,139,438,49,9,31,412,38,10,878,16,82,15,339,3,210,65,1704,0,7,35,18,320,61,"102",132,4,0
93,6,150,17,9,215,39,77,10,23,0,0,79,16,0,66,197,38,164,344,6,1338,50,0,38,1314,69,144,39,92,56,1726,11,7,10,3,3,3,721,11,168,3,69,13,89,3,77,1605,6,43,11,15,0,3,8,4,3,12,67,148,8,9,42,1109,1273,131,84,31,61,20,4,157,109,284,254,100,5,12,8,0,"Central West",9,3,0,3,31,23,750,4,162,274,9369,6,1445,6,13,61,89,874,12,200,6,852,5,393,4,78,8,6,98,27,63,19,69,501,312,171,84,5,0,460,20,36,16,7098,0,282,2001,1526,268,58,1875,21,7,59,7,3,128,62,0,184,54,34,8,83,30,248,115,5,21,162,34,17,1474,3,55,219,235,18,15,10,109,88,82,227,983,15,0,22,16,7,15,3,3,14,120,326,54,7,29,344,78,9,742,15,130,14,273,4,170,45,1529,8,15,51,12,318,71,"103",115,14,8
64,3,128,7,7,137,33,46,3,5,3,0,73,4,0,38,156,24,129,193,3,421,12,0,9,786,21,97,19,36,24,1109,10,9,12,4,3,5,466,0,94,5,41,22,57,3,81,531,0,16,10,7,0,0,3,3,0,12,44,65,3,0,23,746,878,95,30,15,21,4,0,35,47,223,181,88,3,4,0,0,"Coffs Harbour - Grafton",6,0,0,5,12,15,523,4,64,171,5801,9,713,8,3,31,53,615,6,127,3,406,7,178,0,54,4,10,82,4,20,14,23,401,189,88,28,0,0,240,7,10,11,2807,0,94,1213,1005,165,32,741,6,0,26,4,0,87,33,3,119,15,13,6,46,6,150,64,0,7,82,17,7,966,4,33,127,188,5,10,5,80,51,34,118,584,6,0,11,7,3,20,4,0,8,74,218,23,5,11,140,37,0,585,6,42,3,205,5,110,12,912,0,8,29,6,194,17,"104",102,8,0
43,4,88,7,16,111,39,36,8,15,3,4,38,8,0,47,152,18,86,227,0,686,3,0,24,751,34,91,14,43,26,968,4,0,11,6,0,4,340,5,140,6,32,5,34,3,50,687,4,19,12,9,6,0,6,7,0,21,48,85,0,6,33,509,748,77,41,17,17,4,0,57,58,206,131,72,3,3,3,0,"Far West and Orana",7,0,0,0,14,14,304,3,132,162,5224,7,758,6,3,32,58,509,4,102,0,482,3,212,3,38,10,10,56,5,39,14,38,197,150,86,22,0,7,284,5,12,10,3518,0,112,1067,973,158,28,863,9,8,29,3,0,64,40,0,70,23,24,5,45,9,120,67,3,9,87,8,5,999,3,18,117,164,10,10,7,71,47,44,125,563,10,0,16,3,6,18,3,0,3,53,200,27,13,11,216,37,3,446,4,50,6,170,7,105,12,809,3,6,36,11,184,27,"105",101,6,0
65,7,166,9,7,228,41,84,13,39,0,0,125,13,3,52,240,24,175,360,0,2351,35,0,45,1502,53,172,35,106,63,1626,11,12,13,12,12,3,891,12,206,4,58,12,90,4,146,2909,5,23,9,8,0,0,5,3,3,30,91,175,3,8,50,1573,1380,159,131,31,48,10,3,147,108,362,226,131,3,12,6,0,"Hunter Valley exc Newcastle",6,3,0,3,34,34,1068,8,271,238,10893,6,2191,14,9,50,96,1007,4,212,3,969,3,475,3,132,9,18,144,18,80,21,77,835,336,227,74,0,3,358,10,41,16,11618,0,281,2150,1701,377,49,3048,12,4,49,8,0,126,48,3,250,31,40,10,87,48,292,113,0,13,155,33,6,1996,3,56,208,306,15,14,5,147,116,69,277,1299,27,4,26,16,13,15,6,0,11,147,362,38,13,41,529,58,13,952,11,142,9,321,3,207,54,1835,3,13,39,20,251,80,"106",169,10,0
94,8,150,0,8,187,23,43,14,19,5,0,101,11,0,39,167,26,210,270,4,958,50,0,24,1105,45,144,40,93,47,1562,16,9,8,4,0,3,873,3,163,9,52,8,106,10,162,1412,3,25,8,10,3,0,0,4,3,28,70,97,5,6,32,1300,1132,139,102,51,54,3,4,187,101,190,239,120,0,9,5,0,"Illawarra",13,0,0,3,16,10,1040,3,159,242,9199,13,1445,12,0,29,104,983,9,215,0,725,14,395,6,196,12,11,150,44,35,31,47,748,289,168,84,0,0,300,18,49,20,6496,0,279,1926,1185,219,77,1839,16,8,44,20,3,109,75,11,245,68,29,11,64,26,222,85,0,16,122,27,12,1403,8,47,201,233,13,17,8,132,92,49,164,1157,26,0,14,8,15,31,9,3,13,102,311,32,10,53,356,28,4,840,10,155,11,260,4,185,92,1516,0,4,46,18,220,63,"107",155,14,0
96,11,177,15,4,183,49,48,9,13,3,0,84,7,3,65,190,30,203,255,6,544,12,0,19,1055,33,183,23,75,36,1631,9,14,12,0,7,11,648,5,169,9,66,12,66,5,84,711,6,13,10,23,0,0,8,0,4,31,48,98,3,8,27,1000,1231,125,65,22,22,6,0,73,67,251,266,95,4,12,4,0,"Mid North Coast",12,0,0,3,22,26,694,3,132,241,8133,8,980,3,3,54,98,898,9,210,3,656,0,291,4,65,5,11,106,8,37,18,39,527,276,156,29,0,0,381,15,16,19,3942,0,128,1837,1319,186,52,1120,13,3,61,8,0,140,61,5,150,25,47,7,74,22,191,100,3,11,133,31,22,1202,10,45,177,232,13,17,10,106,60,56,138,762,7,4,15,16,3,20,3,3,19,137,309,38,12,11,204,51,12,797,12,41,12,318,3,155,29,1260,3,9,34,6,284,24,"108",103,3,0
32,4,111,4,5,111,20,45,11,6,0,0,53,10,0,44,141,36,118,253,8,515,7,0,27,907,36,108,24,59,30,1206,4,7,6,0,10,10,477,0,129,8,42,3,61,3,56,604,4,29,5,8,0,3,3,0,0,16,52,107,3,0,19,620,826,69,56,22,31,4,0,44,81,232,177,71,7,5,10,0,"Murray",0,0,0,6,20,15,456,3,150,190,6082,0,885,3,6,33,44,544,7,125,0,640,3,275,3,64,3,3,74,9,35,16,50,303,198,136,51,0,0,289,3,13,5,3481,0,156,1227,963,197,24,934,7,3,43,6,0,96,44,0,84,13,34,0,41,5,158,73,0,15,122,16,7,1083,0,41,146,155,9,3,7,75,62,48,121,658,9,0,23,13,10,14,6,0,9,65,164,22,9,12,196,51,3,516,11,40,10,178,6,125,19,955,0,9,34,11,202,37,"109",76,7,0
75,3,160,13,15,227,56,87,14,11,3,0,82,9,0,58,264,38,161,354,13,982,13,0,43,1749,61,144,43,79,31,1632,3,5,17,3,6,11,694,14,222,5,73,18,84,3,99,1056,4,24,12,7,3,0,8,5,0,39,59,199,0,3,40,1013,1334,130,85,27,41,13,5,69,87,415,225,109,4,4,4,0,"New England and North West",7,3,0,4,25,32,596,7,273,276,9818,6,1163,7,12,59,77,845,7,178,9,1012,5,357,4,90,4,9,116,19,91,30,90,401,374,214,40,0,0,445,9,15,8,5492,0,156,1944,1785,483,64,1395,21,3,52,0,0,118,54,9,157,15,37,12,62,17,314,97,6,17,166,28,14,1965,4,43,223,295,6,12,18,117,82,71,261,1118,13,3,35,8,7,13,3,0,15,122,381,34,9,6,358,74,13,784,3,55,5,264,10,186,26,1626,8,16,50,30,275,35,"110",112,11,0
91,19,191,22,16,294,38,88,22,33,3,0,154,13,0,55,298,37,210,359,4,1683,38,0,24,2254,58,196,56,168,62,2297,12,4,15,12,5,14,1082,15,229,4,54,3,113,5,225,1949,3,27,18,12,0,0,11,10,10,23,96,267,0,12,51,1955,1826,174,161,35,74,14,3,196,196,465,323,144,0,10,7,0,"Newcastle and Lake Macquarie",8,3,0,3,44,31,1398,7,338,415,14430,8,2020,22,6,54,120,1223,8,255,4,1435,10,683,15,230,12,5,234,40,54,33,119,1077,533,320,85,3,3,401,19,55,21,9437,0,339,2987,2300,544,80,2567,19,13,58,17,0,112,76,7,344,61,43,3,97,33,413,98,3,8,250,39,12,2478,9,54,367,441,4,14,13,138,106,82,312,1910,40,0,42,15,20,37,5,0,8,137,546,37,8,44,615,50,7,1123,6,175,7,428,5,303,119,2352,0,10,51,24,421,98,"111",195,3,0
99,16,185,13,14,251,45,86,10,12,4,0,98,7,0,71,287,29,219,346,11,609,16,0,26,1510,34,178,28,63,26,1937,17,8,7,6,4,12,765,6,175,8,65,18,85,11,104,754,3,31,9,19,5,3,13,5,0,25,55,129,4,6,35,1302,1556,161,59,24,36,12,3,52,77,322,330,108,3,4,10,0,"Richmond - Tweed",8,3,0,0,10,24,875,7,141,353,10051,7,1162,9,9,53,99,1108,14,251,0,755,0,275,3,106,7,13,144,7,56,23,43,681,384,169,25,3,4,409,12,18,14,4408,0,123,2148,1817,263,71,1132,11,14,58,12,3,128,83,0,206,9,32,3,83,15,295,89,3,6,172,36,16,1569,12,33,200,320,11,21,5,110,85,66,230,1021,4,5,31,12,3,16,0,0,11,127,439,37,10,20,248,75,12,843,15,63,8,351,6,167,43,1594,3,12,48,23,364,27,"112",173,12,0
54,4,107,5,6,179,43,80,17,13,0,0,66,7,0,39,244,14,127,307,3,740,13,4,32,1914,43,115,29,92,37,1482,9,3,5,3,10,12,534,21,207,14,57,12,69,3,81,938,3,29,11,10,0,3,12,3,0,29,62,258,8,4,47,887,1215,102,85,27,23,7,4,69,93,437,217,89,9,4,3,0,"Riverina",8,0,0,0,34,15,506,0,250,279,9272,3,1158,11,9,36,74,718,21,140,0,997,0,386,10,96,4,10,98,10,84,39,86,329,389,224,39,3,0,336,9,21,8,4785,0,150,1813,1815,503,29,1196,9,3,46,7,5,72,60,4,134,27,40,8,55,14,372,77,3,19,189,17,4,1961,5,37,191,335,8,14,10,77,70,64,257,1132,14,3,61,4,12,15,3,0,4,68,360,33,10,13,299,80,3,582,5,62,11,261,8,148,35,1589,3,10,28,27,301,32,"113",135,11,0
67,4,117,4,4,120,19,37,12,11,0,0,37,4,0,24,135,16,124,197,0,417,17,0,23,685,21,113,24,39,18,993,6,4,8,5,0,10,440,6,102,3,27,16,47,0,82,471,0,17,0,9,0,0,6,5,0,17,32,69,0,3,28,762,790,89,33,35,18,3,0,68,56,154,149,58,0,6,0,0,"Southern Highlands and Shoalhaven",10,0,0,4,11,17,594,0,93,131,5470,7,654,9,0,35,53,610,3,136,3,442,0,173,6,53,8,9,82,16,26,17,26,437,165,84,30,0,0,208,5,19,7,2719,0,106,1163,822,146,28,725,7,8,32,4,0,74,42,7,115,14,14,5,55,14,128,55,0,4,93,14,12,876,4,31,120,166,11,11,4,63,59,49,107,588,13,4,13,0,6,8,3,0,3,70,181,22,7,15,159,18,0,508,9,56,3,195,0,108,31,856,3,4,36,6,166,29,"114",100,8,0
65,8,84,3,6,124,41,41,19,27,3,0,63,9,0,49,136,24,84,213,3,558,18,0,16,822,31,71,26,63,68,921,11,5,6,10,3,13,552,6,95,3,26,9,68,8,102,640,4,25,3,6,0,0,0,7,3,11,41,84,3,3,19,973,798,78,66,27,32,4,0,100,67,162,141,92,0,9,3,0,"Sydney - Baulkham Hills and Hawkesbury",7,0,0,3,20,8,734,4,143,164,6242,8,606,11,4,27,68,553,3,109,5,571,3,269,4,120,9,7,106,11,33,20,55,569,180,110,38,0,0,265,12,32,10,3189,0,201,1153,858,181,48,779,10,7,46,7,0,65,52,0,166,24,15,3,50,30,156,57,4,5,94,28,7,1116,0,34,143,140,10,13,6,75,56,38,112,821,10,3,20,4,7,25,8,0,6,46,207,25,3,14,256,34,3,521,4,73,3,182,3,127,57,957,4,3,18,14,157,57,"115",104,7,0
87,11,103,0,5,234,65,74,27,37,6,0,98,12,0,59,242,22,145,436,5,3737,60,0,17,1793,52,129,35,176,103,1734,18,16,3,10,0,27,755,22,194,11,45,15,82,4,139,3927,0,38,13,4,0,0,6,9,12,33,124,198,0,9,43,1254,1290,133,148,33,61,8,0,215,153,378,196,116,0,8,0,0,"Sydney - Blacktown",6,0,3,9,49,27,792,4,310,327,11197,10,2587,23,0,23,108,869,7,173,5,1297,3,666,9,142,22,10,150,30,61,33,104,583,425,282,127,0,8,353,14,69,18,16163,0,414,2379,1862,372,62,3895,11,20,85,20,0,94,95,9,234,49,22,9,68,45,365,94,0,15,227,31,17,2090,10,30,322,338,17,13,7,99,71,52,245,1356,39,0,41,7,17,36,10,0,11,103,454,41,15,52,1296,24,0,722,10,189,11,298,0,187,73,2007,0,3,27,31,328,89,"116",166,17,0
433,47,192,18,17,598,123,99,132,131,18,0,150,41,3,136,1186,42,254,673,11,3408,201,5,48,3701,142,189,56,312,253,3494,68,29,17,26,9,66,1438,20,348,14,60,28,338,25,613,3504,11,80,42,14,0,3,23,40,23,64,219,320,0,34,77,1194,3595,415,345,104,170,29,11,584,302,1235,468,814,3,24,5,0,"Sydney - City and Inner South",36,0,4,44,87,21,821,20,683,657,25736,113,3085,93,14,45,487,3177,15,294,13,2430,68,1317,34,386,42,17,755,93,64,80,180,397,776,538,241,3,23,763,55,150,145,16188,0,994,4308,4074,1091,261,3994,19,82,319,109,0,146,363,37,251,158,58,29,107,138,693,164,8,31,385,77,47,7734,16,57,539,757,34,67,31,254,151,130,453,3669,117,6,38,29,113,219,102,4,45,134,760,34,31,202,1210,69,8,2260,20,693,13,517,0,578,146,4513,4,5,45,36,652,256,"117",1294,35,4
63,15,60,7,3,94,41,22,10,17,4,0,33,8,0,50,210,15,66,141,3,340,17,5,15,765,31,49,15,49,43,755,11,5,3,10,8,14,378,3,90,3,30,6,84,8,132,333,6,25,9,0,4,0,5,7,3,14,40,81,0,3,19,397,734,99,62,33,44,0,7,75,61,205,114,158,6,11,3,0,"Sydney - Eastern Suburbs",9,0,0,7,7,8,316,3,119,132,5312,13,434,9,8,23,76,669,19,68,4,478,6,240,6,96,5,3,160,9,9,14,43,182,154,111,34,0,4,275,11,22,29,1942,0,178,794,723,202,46,489,3,10,65,25,0,39,72,8,82,19,18,11,32,13,135,47,0,8,87,11,15,1376,7,13,87,130,10,10,3,63,19,45,105,827,15,0,6,3,14,23,18,0,5,38,114,15,7,21,147,60,8,519,5,73,8,110,4,115,53,816,3,4,17,11,106,42,"118",214,3,0
189,17,213,13,10,305,80,48,42,26,7,0,81,22,0,83,362,35,220,509,0,2128,28,3,45,2168,47,200,30,147,71,2448,35,18,13,4,3,24,959,9,209,8,59,20,125,11,201,2471,4,69,28,5,6,0,17,13,7,43,123,178,3,11,47,1119,1896,206,131,42,62,7,5,150,153,493,392,197,0,22,3,0,"Sydney - Inner South West",16,0,0,20,23,28,831,8,318,409,13548,39,2446,23,8,52,180,1237,12,228,3,1394,15,612,7,189,8,4,195,29,36,43,92,562,600,308,99,0,0,563,27,36,50,11343,0,336,3011,2366,472,75,2995,20,35,142,28,0,133,136,6,225,41,31,16,57,36,397,134,3,7,262,27,30,2598,9,39,330,437,18,22,20,137,93,105,212,1456,25,0,28,17,32,71,33,0,21,152,609,44,23,25,620,62,6,1089,20,115,9,459,7,205,99,2296,5,4,46,16,484,80,"119",261,20,0
95,5,92,10,6,122,31,30,25,14,4,0,36,5,0,43,223,24,117,217,0,941,35,0,14,990,37,105,16,80,46,1078,12,9,15,9,8,17,475,4,97,4,34,8,72,10,152,1008,7,28,18,6,0,6,3,10,4,12,52,77,0,3,13,527,857,75,101,22,32,3,6,120,106,238,155,142,0,6,0,0,"Sydney - Inner West",14,0,0,10,27,12,416,6,189,164,6847,27,1001,19,3,33,120,690,9,122,3,731,10,379,9,111,10,11,129,22,14,26,49,282,247,172,51,0,4,278,14,34,35,4802,0,212,1358,1008,268,63,1231,9,20,82,24,0,65,97,10,78,26,13,8,32,30,185,68,0,7,122,22,12,1565,5,24,172,172,10,20,15,93,51,40,136,886,18,3,11,12,25,34,17,0,8,73,219,15,13,24,328,38,8,655,7,97,5,158,9,125,46,1116,0,7,22,15,175,60,"120",174,10,3
131,21,102,5,4,199,64,51,37,36,3,0,99,11,4,75,328,31,136,268,3,768,47,5,23,1420,58,111,40,115,71,1463,18,25,5,7,3,36,754,10,120,3,51,8,121,15,229,829,3,48,25,6,4,3,14,7,8,15,89,111,0,10,23,1069,1231,153,108,34,61,13,7,175,144,369,186,238,0,5,7,3,"Sydney - North Sydney and Hornsby",8,0,0,15,25,9,847,13,274,260,10158,23,861,44,7,39,161,1106,15,151,9,1005,21,511,3,190,9,6,232,32,25,26,72,589,309,207,89,0,3,446,22,51,39,4253,0,324,1779,1423,392,91,938,7,26,133,28,0,82,122,13,172,38,13,13,60,35,265,72,3,14,177,24,18,2363,7,39,214,249,19,17,13,112,64,62,160,1364,30,9,17,4,28,48,17,0,25,87,302,23,12,52,406,69,10,931,7,174,9,196,4,196,102,1602,3,3,21,16,245,71,"121",321,19,3
54,4,67,7,3,118,36,34,10,10,0,4,60,3,0,63,171,33,65,247,3,649,15,0,22,835,31,66,19,59,34,874,4,17,0,0,3,10,477,3,87,3,28,14,49,9,93,644,0,25,10,4,0,3,9,8,3,13,63,83,0,3,18,946,771,76,61,35,23,5,5,78,69,218,139,95,0,3,0,0,"Sydney - Northern Beaches",8,0,0,0,15,15,733,4,142,137,6109,4,778,3,7,29,66,550,13,90,4,569,0,275,6,119,7,3,122,22,32,11,43,577,169,131,54,0,0,287,5,20,13,3657,0,178,1065,918,211,51,875,3,7,53,9,0,36,54,0,145,14,18,8,36,15,178,56,0,10,96,31,8,1195,3,28,133,168,7,21,6,70,34,45,102,734,12,0,15,10,5,15,12,0,12,50,168,30,16,24,263,45,6,476,5,70,4,158,5,104,39,970,4,7,20,6,170,49,"122",124,8,0
64,8,100,10,3,184,48,64,14,17,3,0,98,13,0,29,174,24,117,324,7,1654,23,3,15,1442,48,112,37,101,68,1346,7,9,8,7,0,13,644,11,139,3,36,13,56,3,121,2019,4,23,14,0,0,6,4,10,5,32,63,145,0,3,29,1270,1101,88,116,22,50,4,4,129,109,262,186,86,0,8,0,0,"Sydney - Outer South West",12,0,0,3,18,20,824,4,213,255,8848,8,1646,6,5,23,85,678,6,125,0,924,3,425,3,97,9,6,114,16,44,22,72,654,353,219,64,0,0,261,9,39,18,8600,0,276,1842,1450,308,60,2186,9,15,50,12,0,72,65,7,235,33,15,9,82,29,295,77,0,11,160,33,17,1504,3,27,221,276,9,16,0,71,80,43,191,1039,12,0,33,3,10,28,6,3,16,67,376,36,12,33,572,19,6,617,8,90,3,266,0,180,66,1560,0,4,16,12,266,80,"123",113,16,0
90,12,102,7,9,239,34,86,21,23,4,0,122,5,3,66,235,16,128,389,0,1787,38,3,30,1464,34,148,6,115,70,1603,12,4,15,6,3,17,820,13,153,3,50,10,93,3,154,1987,4,27,17,9,0,3,4,9,3,26,75,182,0,8,24,1539,1368,146,93,39,44,6,4,155,102,331,250,90,3,6,0,0,"Sydney - Outer West and Blue Mountains",10,0,0,4,31,29,987,11,207,304,10173,12,1612,8,3,47,83,921,5,185,0,910,3,437,7,131,10,3,156,30,35,25,94,782,326,187,59,0,4,348,20,40,22,8810,0,265,1992,1665,328,55,2096,17,8,62,10,0,104,66,6,313,44,30,8,88,37,265,87,0,11,160,23,12,1734,3,50,212,307,10,14,13,114,67,58,220,1273,9,0,23,16,16,23,6,0,11,98,384,34,5,28,684,42,9,788,8,118,12,295,3,202,65,1646,3,5,30,12,325,77,"124",159,6,0
241,32,221,5,7,391,100,75,55,50,7,0,83,23,0,106,491,30,217,635,4,4000,74,0,31,3180,79,201,24,199,150,3217,58,20,18,9,4,31,1017,11,252,8,51,15,152,11,244,4167,9,54,36,9,3,0,18,11,15,54,162,279,3,30,67,1065,2303,206,222,51,96,20,6,336,241,790,438,258,0,13,4,0,"Sydney - Parramatta",21,0,0,19,70,19,696,13,475,635,17875,47,3328,36,7,44,262,1382,7,298,3,2001,24,929,14,206,34,13,230,66,69,42,134,453,752,419,171,0,6,558,33,89,61,18380,0,597,4029,3476,749,122,4664,19,44,156,37,0,156,191,16,203,104,31,21,63,58,628,148,3,19,394,50,42,3850,10,46,503,673,26,44,16,147,115,92,320,1936,49,3,42,17,45,101,41,6,28,155,840,41,34,76,1283,47,3,1207,14,268,3,540,3,270,77,3170,5,10,37,35,680,112,"125",314,26,0
79,8,73,3,4,113,43,15,19,13,0,0,24,0,0,31,152,9,75,116,3,368,13,0,16,605,27,64,21,65,33,830,15,10,3,3,3,16,413,3,65,0,23,10,58,11,81,484,0,19,7,4,0,0,6,9,0,11,61,44,0,7,11,442,636,76,54,20,27,8,3,74,56,162,120,93,0,9,0,0,"Sydney - Ryde",5,0,3,11,11,4,388,7,126,119,4897,16,441,11,10,16,77,534,10,87,0,525,9,257,4,116,14,3,119,7,15,14,31,243,155,92,48,0,0,204,10,23,22,2131,0,169,943,705,136,56,515,3,11,64,18,0,47,69,10,87,15,11,7,25,24,117,45,0,3,105,16,11,1012,0,14,141,125,8,12,10,52,41,34,67,647,5,0,4,5,15,30,14,0,8,51,157,14,7,20,146,30,3,410,5,53,3,113,0,86,63,792,0,3,16,8,147,34,"126",124,14,0
160,24,175,17,5,327,65,79,38,29,4,0,130,9,0,88,281,23,197,465,0,2786,32,5,32,2063,35,211,29,130,90,2215,27,17,15,8,0,26,984,14,224,3,35,21,100,12,160,2989,6,32,22,4,4,0,12,8,7,47,95,222,3,10,41,1221,1694,218,141,35,46,3,0,184,152,442,304,138,0,16,3,0,"Sydney - South West",22,3,0,18,37,16,685,8,281,401,12668,40,2474,18,5,31,147,1094,3,230,0,1310,9,585,12,167,21,4,138,32,65,33,101,493,511,290,97,0,0,402,27,52,35,13624,0,321,2886,2221,436,86,3551,16,21,117,22,0,143,137,12,241,38,45,9,87,44,382,141,7,14,244,42,22,2235,4,32,351,391,15,26,9,167,118,73,212,1395,17,0,45,22,35,56,28,0,14,177,560,42,18,31,1075,32,8,1016,9,115,3,416,9,211,70,2277,0,4,22,31,472,62,"127",178,22,0
54,3,59,3,6,113,40,16,13,14,0,3,51,5,0,32,143,17,70,169,3,428,28,4,18,646,27,63,23,51,32,806,11,5,7,3,3,3,494,5,79,0,27,3,46,9,98,490,0,27,14,4,0,3,3,0,0,11,33,67,0,3,15,917,640,56,40,22,27,6,4,92,58,143,107,84,0,8,0,0,"Sydney - Sutherland",6,4,0,8,11,16,698,6,85,134,5244,7,577,6,3,16,52,475,6,76,0,466,0,207,3,121,3,3,103,13,17,13,38,568,139,107,30,0,0,218,13,28,18,2636,0,139,930,710,128,39,641,6,9,29,4,0,48,37,3,179,29,18,3,25,17,123,46,0,13,96,27,3,884,0,18,118,117,4,10,4,50,35,35,74,669,15,3,13,5,9,12,3,0,3,43,161,18,7,22,202,36,7,419,4,85,4,133,4,87,46,796,3,7,13,7,158,40,"128",108,4,0
49,8,115,5,12,157,29,43,19,11,0,0,39,4,0,48,144,21,127,196,5,486,11,3,21,820,24,119,17,59,28,1172,3,3,5,3,6,6,592,5,136,12,29,17,51,4,110,670,0,13,4,3,0,0,8,7,0,15,41,80,3,3,29,806,931,110,41,21,35,3,0,105,82,203,190,71,3,7,6,0,"Ballarat",8,0,0,4,10,21,595,0,120,158,6487,6,767,9,6,52,53,634,10,126,3,503,7,240,5,105,3,4,97,28,13,12,25,459,201,107,52,0,0,269,3,28,6,3230,0,173,1401,1038,172,47,881,11,9,43,10,0,109,66,4,154,34,24,4,34,15,179,66,3,5,104,20,7,984,4,28,130,185,7,8,9,70,56,50,134,751,8,0,11,7,5,6,0,0,14,87,252,22,8,28,166,47,4,571,6,62,8,202,3,138,31,1056,0,3,29,7,197,46,"201",90,10,0
70,7,95,11,0,195,29,47,7,13,7,0,76,10,0,30,221,28,125,201,0,568,8,0,11,1163,22,96,19,58,25,1271,4,4,10,0,6,18,508,3,126,3,44,10,59,0,105,632,5,5,9,3,0,4,6,4,4,11,41,142,3,6,23,928,1080,77,41,19,25,3,0,45,54,364,191,79,0,4,3,0,"Bendigo",3,0,0,4,16,16,697,11,160,213,7486,10,791,3,8,27,61,669,9,141,0,611,7,223,3,94,3,9,109,9,39,28,72,540,252,126,46,0,3,232,8,7,11,3394,0,140,1410,1532,290,38,886,10,3,44,9,0,77,32,3,128,14,34,9,38,8,224,66,0,3,114,19,8,1434,0,33,127,256,3,8,10,84,35,33,254,1017,6,0,13,3,9,7,4,0,7,82,302,29,8,10,233,45,10,569,8,35,6,227,3,157,39,1141,0,10,36,18,282,33,"202",127,6,0
68,16,168,6,10,229,48,41,14,36,0,0,83,3,0,69,208,38,229,280,7,962,45,0,17,1358,43,160,36,107,59,1782,13,14,10,7,3,15,968,0,217,9,72,12,85,5,176,1081,0,29,12,6,3,0,3,10,3,47,57,153,3,3,45,1498,1345,144,104,46,34,6,0,143,105,311,271,108,3,12,0,0,"Geelong",11,0,0,3,12,30,1257,6,202,264,10667,11,1334,7,3,68,84,1048,16,213,9,908,4,402,8,235,9,7,199,20,31,20,58,940,340,231,59,0,3,459,10,38,11,5751,0,241,2071,1574,280,90,1511,11,7,57,17,0,149,94,5,238,35,41,4,50,41,239,106,0,12,183,45,11,1638,0,60,201,284,12,24,12,140,99,78,218,1423,19,3,20,13,6,13,7,3,17,120,377,54,9,38,432,75,17,910,4,151,15,297,0,202,106,1725,9,12,51,27,282,67,"203",125,17,0
75,8,140,12,14,175,31,65,4,12,9,0,49,3,3,74,200,31,195,273,11,760,13,3,28,1230,38,149,22,91,37,1704,4,7,20,8,4,7,673,15,201,4,50,11,75,8,78,927,3,17,16,16,6,3,4,10,4,26,97,142,0,8,36,969,1188,109,83,36,44,10,3,124,119,257,259,74,7,8,7,0,"Hume",8,0,0,0,21,34,736,3,187,235,8634,7,1151,8,4,57,71,789,5,169,0,850,3,426,3,79,3,4,99,32,42,26,59,533,297,197,71,0,0,400,9,30,5,4936,0,217,1865,1329,267,47,1258,9,8,50,7,0,142,67,5,128,35,41,5,59,26,230,93,0,14,172,19,6,1391,0,59,192,214,12,14,6,102,78,80,192,893,16,3,19,7,10,9,12,0,15,140,294,35,7,26,427,47,7,660,9,71,9,250,3,152,31,1357,0,12,45,20,255,54,"204",99,13,0
106,11,246,17,19,248,61,67,16,51,11,0,98,24,0,63,316,53,269,371,9,983,72,6,39,1486,120,221,36,104,60,2405,11,17,33,26,3,5,950,11,227,12,85,22,100,6,135,1211,7,35,17,10,3,3,20,8,0,24,79,165,0,8,48,1397,1684,178,115,45,77,32,12,282,104,341,374,111,0,10,4,0,"Latrobe - Gippsland",7,5,0,9,21,39,1110,6,225,296,12101,17,1602,7,13,65,111,1200,20,273,4,990,11,455,8,111,18,9,117,62,39,25,64,795,361,192,88,6,3,560,15,75,12,6327,0,338,2647,1752,295,85,1728,28,3,87,5,0,195,82,7,212,85,52,6,65,48,282,157,0,27,206,44,17,1961,4,79,256,293,18,17,16,162,116,95,218,1126,65,0,19,14,3,17,9,0,32,162,434,59,8,88,302,88,23,1050,17,288,22,391,8,181,56,1906,8,13,78,20,350,84,"205",193,12,0
486,46,278,48,24,607,131,86,112,219,16,3,240,47,3,157,1464,87,344,581,10,3080,271,3,43,3549,217,306,65,350,237,4021,89,78,24,40,10,92,2592,13,513,18,145,40,621,27,1006,2792,12,100,47,25,9,11,35,30,22,95,216,299,5,21,83,1963,4379,431,315,184,169,43,26,721,303,1324,589,1070,5,74,3,3,"Melbourne - Inner",25,3,0,50,63,31,1698,15,657,589,31011,141,2471,98,13,86,527,3798,29,407,12,2416,88,1305,21,821,28,23,884,114,50,108,156,860,710,520,260,6,24,1056,75,210,143,13346,0,950,4921,4305,1109,330,3157,22,87,444,125,0,221,414,52,412,200,106,29,149,150,679,278,4,60,400,102,54,8964,11,65,567,783,47,60,29,301,216,158,474,5110,146,11,34,30,95,245,117,3,50,200,795,64,62,284,1045,147,28,3311,27,978,31,657,16,780,398,4830,9,19,88,70,713,228,"206",1412,59,6
116,13,108,9,4,143,44,21,24,19,3,0,55,7,0,52,207,22,127,183,3,447,41,3,10,772,36,120,42,66,30,1120,20,17,5,7,0,18,870,6,118,8,48,8,147,11,234,449,10,25,13,7,3,0,10,7,0,13,44,43,6,3,31,965,908,122,46,52,33,8,4,99,82,229,156,181,3,12,0,0,"Melbourne - Inner East",10,0,0,11,8,9,918,4,101,160,7466,21,569,14,6,62,127,838,7,133,3,488,13,264,4,232,5,5,175,17,9,19,28,593,185,79,45,0,3,379,22,32,33,2575,0,178,1277,940,185,80,623,11,15,87,21,0,105,100,13,201,22,18,10,26,23,150,69,4,10,111,26,20,1445,6,37,137,183,12,25,12,92,56,62,95,1131,19,4,7,10,28,47,15,0,9,93,189,24,11,25,221,59,11,862,6,108,22,167,8,144,131,1083,6,13,36,18,179,52,"207",200,17,0
112,18,134,11,17,219,64,39,26,36,7,0,89,9,0,100,335,46,168,336,3,1274,46,0,28,1706,59,134,32,108,67,1855,16,16,8,5,6,26,1003,7,190,0,65,25,161,10,259,1339,3,52,14,4,5,0,17,10,3,39,89,146,8,5,41,1300,1476,120,109,58,50,10,3,165,112,484,265,193,0,14,7,0,"Melbourne - Inner South",17,0,0,8,17,26,1135,0,204,334,11838,22,1496,13,10,50,129,1025,20,160,0,1057,13,446,3,279,8,17,224,34,33,33,67,781,411,219,93,3,8,542,20,47,35,6975,0,303,2244,1993,396,86,1858,21,14,93,22,0,112,98,5,214,46,20,5,50,24,330,113,0,20,215,37,15,2335,5,46,280,346,12,26,9,99,93,92,244,1670,25,0,18,9,13,40,14,0,16,88,433,42,16,66,497,99,17,979,4,185,20,290,16,219,149,1797,6,17,34,22,356,73,"208",226,8,0
113,10,171,17,14,280,53,50,20,26,5,0,85,10,0,69,336,38,212,396,5,1733,48,0,30,1817,52,172,45,114,47,2001,27,17,18,14,0,23,1183,4,243,10,65,15,146,8,225,1768,9,34,8,12,0,0,12,7,3,35,77,133,0,8,53,1662,1665,171,130,48,53,8,5,138,136,440,317,183,3,16,0,0,"Melbourne - North East",22,3,0,10,12,28,1402,3,263,296,12874,28,1752,20,6,54,135,1169,12,210,3,1052,20,480,8,286,13,9,233,22,33,47,57,1033,493,253,75,0,3,495,14,36,38,8520,3,270,2616,2096,439,96,2124,22,26,103,26,0,145,126,12,304,37,38,3,49,30,370,132,0,11,172,43,19,2377,6,62,260,410,16,21,11,120,107,107,204,1559,15,0,23,18,16,40,15,0,8,151,545,46,14,37,574,73,6,1023,11,142,16,362,11,206,134,2091,0,22,54,25,392,79,"209",222,22,0
132,9,129,3,11,310,66,64,33,45,3,4,91,26,4,75,398,32,184,490,4,3688,66,0,26,2537,63,158,37,199,112,2150,18,16,14,6,6,18,922,15,251,4,39,14,120,13,209,3584,3,45,20,6,3,3,15,10,11,45,143,246,0,7,51,1299,1820,158,176,40,68,7,4,256,240,627,271,192,0,13,6,0,"Melbourne - North West",20,0,0,9,37,20,978,3,386,379,14764,30,2793,24,12,40,126,1123,11,186,4,1699,15,821,9,185,18,3,233,40,51,45,101,699,612,394,109,3,11,458,22,68,30,16065,0,433,3147,2573,638,100,4135,15,11,95,17,0,104,95,8,228,66,39,15,58,76,558,123,3,19,291,43,19,3149,4,50,469,523,8,24,10,148,107,75,294,1745,27,0,32,20,22,52,22,0,17,132,574,39,19,47,1160,59,9,971,8,203,19,419,7,262,102,2761,3,4,33,31,412,118,"210",261,9,0
154,19,217,13,15,325,88,76,18,31,0,3,119,14,0,128,382,48,275,523,3,1725,34,3,42,2456,58,189,71,185,75,2844,25,27,10,10,7,30,1552,8,334,14,111,29,138,11,289,2203,4,69,33,12,0,4,12,13,3,51,135,243,4,13,77,2422,2166,209,150,55,74,5,5,199,191,597,445,194,5,17,4,0,"Melbourne - Outer East",22,0,0,11,20,49,1995,6,362,465,17278,16,2283,17,10,89,156,1473,23,310,6,1643,9,710,6,372,10,14,255,34,56,45,75,1490,573,363,101,0,3,790,22,57,28,10651,0,380,3389,2776,586,128,2904,19,11,115,25,0,204,120,12,458,57,50,12,81,44,466,139,0,16,329,60,34,2881,12,90,418,505,8,25,13,173,141,160,326,2117,23,3,29,17,18,40,19,4,25,187,664,57,10,29,766,113,27,1289,18,130,24,462,10,294,177,2719,5,23,84,35,486,100,"211",208,19,0
217,30,320,14,24,637,140,151,61,112,9,3,188,27,3,167,724,70,366,930,3,5266,119,3,67,4583,131,310,87,328,198,4352,39,40,21,34,5,34,2016,24,517,11,124,24,272,18,413,5658,10,74,30,9,5,5,25,28,13,90,231,446,3,17,100,2750,3571,366,325,115,126,18,5,433,330,1224,585,385,8,51,4,0,"Melbourne - South East",38,3,3,24,61,58,2136,14,659,775,28806,44,5033,50,8,105,255,2332,32,457,14,2845,29,1315,11,422,34,18,428,69,112,108,183,1463,1114,658,224,7,10,1008,30,127,52,25900,0,829,5951,5420,1102,213,6732,31,27,213,48,0,248,207,28,498,102,74,26,134,113,967,253,5,35,554,88,35,5859,15,111,684,1116,26,39,19,282,234,180,645,3451,61,5,36,38,41,88,40,4,28,260,1322,64,40,89,1831,142,14,2032,13,396,28,785,12,471,230,5296,6,26,98,64,814,216,"212",446,22,3
223,28,244,8,25,459,88,92,43,99,12,0,165,25,0,104,541,60,292,740,0,6454,113,3,45,3330,88,271,62,368,168,3326,46,34,22,27,9,35,1666,16,441,14,76,27,190,11,360,6406,11,50,17,7,8,4,18,16,11,89,214,292,3,8,85,2266,2563,260,259,76,108,15,7,375,332,840,422,299,3,30,3,0,"Melbourne - West",26,3,0,24,38,32,1710,10,609,551,22184,34,4526,30,7,70,216,1692,12,299,0,2487,27,1234,10,370,26,0,308,52,74,83,132,1266,781,635,170,0,4,678,49,122,49,27130,0,694,4440,3666,834,135,6701,29,35,167,37,0,238,182,20,430,101,72,22,94,84,747,220,7,21,420,50,46,4480,9,69,626,794,21,44,17,231,178,121,421,2596,55,7,27,35,30,71,29,3,29,193,844,61,34,100,1946,72,9,1647,21,375,20,527,5,382,164,4324,8,5,49,51,575,205,"213",352,28,0
89,12,137,9,13,207,44,49,9,24,0,0,91,13,0,82,177,29,176,247,0,565,35,0,17,1242,47,122,29,87,40,1517,9,8,10,9,4,14,762,3,187,6,54,9,75,4,133,702,3,31,5,9,0,3,8,7,4,37,44,118,0,4,33,1421,1308,129,87,36,28,5,10,136,97,293,256,80,3,9,6,0,"Mornington Peninsula",13,0,0,5,24,28,1079,3,183,220,9465,13,871,11,3,50,92,858,21,154,4,842,5,353,3,135,8,9,144,21,49,21,64,844,344,190,67,0,0,449,12,31,6,3804,0,199,1928,1520,254,61,1007,16,17,59,9,0,121,76,4,229,43,33,3,75,35,232,100,0,12,146,40,9,1436,3,36,221,279,10,19,10,93,77,93,207,1132,16,0,11,13,14,13,7,0,17,95,340,34,14,31,292,71,16,711,11,126,21,313,6,194,75,1498,7,7,41,19,274,47,"214",109,10,3
74,7,126,8,21,185,37,63,13,6,0,0,71,5,0,41,232,34,165,231,8,605,18,6,28,1231,38,134,30,54,25,1557,13,9,14,3,7,12,624,10,180,9,68,12,70,7,94,665,3,27,11,9,6,9,4,4,4,23,56,150,0,9,32,955,1249,118,46,29,31,8,0,48,58,361,258,87,3,13,11,0,"North West",10,3,0,0,7,26,657,4,128,226,8214,11,942,6,10,51,72,802,12,164,0,647,9,240,3,85,4,10,92,13,59,21,45,473,268,133,32,5,0,385,13,12,9,3717,0,128,1645,1553,294,56,987,11,12,46,3,7,123,65,3,136,17,32,7,43,3,225,101,0,8,148,21,6,1429,12,29,158,228,6,10,10,86,62,60,224,940,7,3,30,10,8,19,12,0,15,103,333,39,4,21,201,95,21,661,15,59,11,277,12,164,34,1215,3,14,50,15,288,26,"215",117,4,3
63,3,124,12,9,155,40,42,12,11,3,4,46,7,0,38,168,18,112,249,7,469,30,0,22,1119,41,115,19,98,53,1419,8,11,18,4,4,5,408,12,185,0,55,10,49,7,64,652,3,23,12,3,3,0,5,4,0,37,87,140,3,5,43,796,969,110,95,20,52,13,3,197,107,275,189,79,5,4,3,0,"Shepparton",4,0,0,3,24,27,554,0,198,216,7683,8,965,4,8,41,61,615,3,138,4,903,4,436,7,54,20,10,61,30,46,14,66,413,257,183,83,0,0,317,9,56,9,3581,0,306,1665,1262,237,44,982,17,3,56,6,0,67,36,3,104,64,39,15,40,41,206,87,0,12,190,23,10,1339,3,33,236,210,15,6,3,57,55,50,194,784,10,6,27,5,3,11,5,0,12,59,248,37,3,28,194,48,4,529,15,88,5,226,3,121,25,1317,5,8,38,11,240,85,"216",93,8,3
35,5,137,14,18,146,38,61,0,10,5,0,65,9,0,39,169,26,133,212,0,539,18,0,24,1215,52,113,34,72,29,1324,11,8,10,12,5,0,552,17,198,7,54,7,72,6,72,692,3,21,11,0,0,4,6,4,0,21,70,188,3,5,45,940,985,84,50,28,36,8,4,129,79,287,201,72,0,15,3,0,"Warrnambool and South West",3,0,0,4,26,25,657,3,189,194,7653,3,881,7,5,46,66,628,10,131,7,781,4,314,0,63,12,7,76,26,46,22,69,478,240,152,50,3,0,347,10,28,10,3728,0,187,1497,1188,320,46,1091,8,8,39,5,0,110,48,4,129,47,38,13,56,22,203,75,3,15,139,15,7,1375,4,37,178,190,4,7,13,86,64,58,218,943,25,3,32,6,0,12,4,0,12,88,233,26,13,30,225,68,12,596,3,84,6,203,7,146,31,1166,3,11,39,28,168,44,"217",72,9,3
54,3,89,9,4,174,54,65,17,23,6,0,98,11,0,44,225,21,99,252,3,1368,51,0,13,1821,47,99,29,129,98,1416,8,6,4,9,0,11,640,15,155,4,52,9,88,6,100,1399,3,24,10,4,0,0,4,3,3,21,70,210,0,10,40,1191,1074,101,124,31,64,10,3,203,144,428,189,98,0,11,3,0,"Brisbane - East",3,0,0,3,38,21,754,4,307,258,9968,14,1252,4,3,31,64,651,3,88,3,1221,6,514,3,91,10,4,105,36,76,23,93,561,401,300,95,0,3,312,9,60,10,6779,0,367,1954,1672,481,50,1654,10,4,41,9,0,68,39,3,244,68,26,4,61,29,383,70,3,8,185,20,3,2108,7,36,293,321,7,9,4,88,60,43,232,1117,37,0,32,18,9,30,7,0,14,76,332,20,13,59,535,32,7,609,8,176,3,202,4,164,46,1837,0,3,37,17,235,95,"301",135,10,0
55,7,100,6,10,202,61,81,15,55,4,0,105,6,3,54,274,20,120,415,0,2115,49,0,26,2066,43,95,28,162,90,1749,11,8,7,7,7,9,611,14,174,3,32,14,64,0,148,2130,3,31,19,5,0,0,3,0,8,29,89,208,0,6,28,1168,1308,99,137,28,50,10,3,192,148,457,212,140,0,3,0,0,"Brisbane - North",7,0,0,6,33,28,747,4,328,375,11317,12,1833,18,5,28,96,799,12,140,0,1448,9,597,5,120,23,6,145,34,50,26,100,546,492,345,98,0,4,354,6,57,21,9941,0,368,2353,2030,484,44,2348,3,3,43,8,0,56,49,0,221,41,28,8,72,43,407,58,3,11,260,28,7,2348,4,32,379,360,10,15,6,74,54,63,257,1341,20,0,29,4,10,27,10,0,10,70,490,29,16,44,854,31,3,697,3,171,11,276,0,198,62,1968,0,3,40,23,352,92,"302",188,15,0
110,10,103,9,9,275,55,83,27,33,3,0,137,18,0,71,352,16,108,484,5,3173,39,0,24,1917,41,116,38,132,58,1628,21,13,7,4,4,15,932,19,168,9,53,12,123,5,237,3056,5,40,11,5,0,3,9,12,10,25,102,221,3,8,35,1449,1600,159,151,44,31,7,7,147,116,534,246,213,5,17,3,0,"Brisbane - South",17,0,0,14,32,13,939,5,306,274,12193,33,2303,23,6,39,129,1076,11,152,0,1267,21,548,13,229,10,8,246,26,50,32,105,656,458,287,72,0,9,401,19,38,29,13852,0,256,2152,2083,474,90,3270,11,17,83,24,0,98,110,14,305,47,24,5,105,25,385,114,4,11,220,32,20,2611,3,43,285,332,12,18,11,101,75,72,349,1913,17,5,41,11,19,62,13,0,15,84,414,41,25,35,1237,58,9,965,3,135,11,275,3,290,118,1980,0,10,29,18,332,77,"303",240,17,0
28,7,34,4,0,94,21,23,9,3,0,0,69,0,0,29,109,11,41,75,0,403,15,0,5,480,15,30,19,26,15,485,0,12,3,4,0,9,459,0,52,3,16,3,45,7,90,306,3,18,3,3,0,3,3,5,3,7,20,55,3,0,13,772,519,59,12,15,14,5,0,29,26,116,80,81,0,3,0,0,"Brisbane - West",4,0,0,3,8,11,567,0,56,88,3955,9,248,10,3,10,22,388,3,49,0,278,11,100,0,143,3,0,90,11,11,8,26,428,95,73,21,3,0,148,4,7,6,1677,0,66,593,548,120,41,305,6,9,30,9,0,37,41,4,158,8,3,0,36,9,96,39,0,0,48,12,6,702,3,17,60,94,4,0,3,46,19,28,73,652,5,0,6,3,5,15,6,4,3,41,130,18,3,15,233,25,3,380,5,34,8,83,0,94,66,566,3,3,15,8,96,8,"304",99,6,0
165,16,94,19,3,309,60,88,50,108,9,0,154,18,0,75,660,28,127,240,4,1283,98,3,14,1942,75,116,34,153,134,1825,35,27,14,14,6,33,1193,11,198,12,52,19,236,9,367,1177,6,28,27,12,4,4,17,15,12,41,111,221,6,14,42,1389,2101,208,174,79,90,12,10,412,150,589,263,497,3,32,4,0,"Brisbane Inner City",15,0,0,18,37,15,880,14,343,275,15195,36,899,39,10,41,189,1815,12,162,4,1256,29,660,17,341,28,11,434,63,58,39,94,557,374,260,127,0,16,432,29,119,45,5489,0,516,2316,2209,579,131,1158,4,31,147,36,0,85,160,19,329,106,29,12,106,104,399,133,0,17,208,47,16,4308,15,32,291,397,19,30,10,148,86,74,303,2450,63,3,28,11,31,69,30,3,10,85,417,32,39,97,533,59,4,1415,3,391,14,296,7,401,149,2411,5,8,23,22,357,127,"305",716,32,0
108,5,184,15,13,350,70,75,14,11,3,0,111,5,0,89,364,40,219,397,3,847,12,0,38,1924,37,157,33,92,42,2085,8,11,19,4,10,6,675,8,247,10,59,13,82,6,128,1026,10,39,12,14,0,3,15,10,0,43,93,241,3,15,53,1170,1924,191,67,28,42,5,3,86,110,553,368,140,0,12,7,0,"Cairns",16,3,0,8,14,30,749,8,172,343,11746,15,1302,8,9,56,90,1117,13,215,3,975,5,384,3,75,11,12,145,18,74,31,55,563,430,225,68,0,0,503,16,16,18,5499,0,232,2424,2327,418,46,1457,15,16,73,10,0,120,75,3,168,28,44,5,80,21,388,100,3,11,191,27,11,2168,0,41,283,392,10,17,8,131,82,86,363,1321,14,3,28,5,10,26,11,0,3,106,473,27,13,18,309,58,15,912,16,68,13,427,3,233,29,2025,0,6,39,20,380,64,"306",204,7,0
59,3,113,8,12,178,44,80,5,20,3,3,65,6,0,47,211,30,109,317,3,966,24,0,26,1710,61,120,31,109,49,1422,10,7,21,12,3,9,524,14,169,10,55,15,66,3,58,1079,5,33,14,9,0,5,11,3,7,27,73,229,0,0,21,904,1090,85,117,32,35,14,7,91,103,345,190,74,3,5,10,0,"Darling Downs - Maranoa",14,4,3,0,41,19,539,5,262,259,8830,4,1131,4,4,43,69,612,10,131,10,1093,3,457,3,51,17,11,74,9,88,25,102,342,387,238,44,0,6,405,5,21,4,5363,3,194,1787,1522,397,37,1432,7,3,41,3,4,76,62,0,115,24,40,6,66,25,335,102,0,17,186,20,3,1712,4,52,247,258,12,14,12,101,70,76,233,999,8,0,65,12,8,16,4,0,19,108,292,30,9,25,321,64,9,589,13,99,21,214,4,137,22,1539,3,13,42,18,251,43,"307",83,14,0
56,9,146,6,16,213,39,85,9,149,6,0,136,69,0,56,231,25,174,366,7,2229,154,0,22,1621,276,140,58,108,93,1739,12,12,12,84,5,9,795,20,214,5,47,7,95,5,91,2699,0,24,13,10,5,5,3,11,14,27,114,190,3,7,54,1354,1252,150,169,39,65,41,13,294,134,396,207,100,0,17,0,0,"Central Queensland",10,0,0,4,43,32,867,3,294,234,11600,4,2232,9,8,40,78,941,11,194,8,1183,4,597,10,100,26,6,117,46,61,35,129,617,346,280,82,3,19,346,3,69,6,11456,0,360,2274,1743,384,53,3132,19,12,49,3,0,130,63,0,216,74,26,9,102,80,384,128,4,71,185,21,15,2317,0,47,239,333,7,11,12,137,109,40,282,1318,60,0,38,21,9,11,5,4,14,128,359,38,15,132,609,56,11,803,4,534,9,252,0,208,49,2195,3,9,44,20,251,76,"308",149,9,0
200,19,250,26,24,567,120,196,44,87,5,0,243,18,0,167,688,50,320,701,10,2486,80,3,51,3406,108,270,62,266,173,3552,43,35,20,21,3,29,1630,30,394,15,133,28,230,15,325,2595,12,77,26,17,4,7,24,17,23,65,143,380,0,12,66,2905,3435,296,255,42,93,24,15,376,241,863,601,375,3,21,4,0,"Gold Coast",14,0,4,19,58,57,1739,20,509,607,23523,31,2353,22,15,98,218,2281,19,343,3,2161,16,1007,12,313,34,19,420,59,110,69,154,1401,790,489,149,3,15,950,44,107,42,12715,0,652,4399,3959,754,140,3008,42,25,164,19,3,193,160,11,519,82,66,12,192,100,694,220,11,28,391,68,29,4728,9,54,501,735,16,29,25,233,154,189,497,2907,45,0,75,20,27,65,29,6,27,172,888,71,32,108,1049,117,29,1806,16,347,27,684,10,504,98,3969,5,20,57,47,690,187,"309",541,37,3
96,4,138,11,9,275,61,124,21,25,3,0,119,7,0,67,337,21,129,397,7,2135,36,0,29,2793,51,125,38,182,77,2005,14,6,11,13,5,16,820,20,233,3,46,19,95,6,147,2150,6,35,14,9,4,0,5,6,8,43,93,333,0,5,36,1537,1696,138,151,47,49,7,8,163,145,641,289,127,4,22,0,0,"Ipswich",5,0,0,9,33,37,913,9,396,380,14059,19,1816,12,3,24,90,955,4,171,3,1717,10,623,5,137,11,9,158,26,83,46,152,674,594,418,92,0,4,361,7,46,14,10106,0,339,2804,2754,721,63,2519,18,15,64,6,0,90,60,7,283,48,28,3,105,31,651,110,3,9,271,28,12,2913,4,40,425,503,9,21,3,119,89,58,422,1738,20,3,56,10,14,29,12,0,5,112,611,32,21,22,834,35,9,797,14,105,10,364,0,235,52,2659,0,4,42,29,427,111,"310",189,11,0
66,9,109,3,4,247,48,95,17,27,9,0,136,19,0,49,257,15,137,341,3,1432,24,0,21,1710,47,121,27,132,77,1450,16,11,5,10,3,24,758,11,201,4,43,8,92,0,141,1513,3,25,9,3,0,0,12,3,3,37,55,200,3,5,31,1506,1433,145,125,20,39,10,0,103,112,452,233,151,0,16,3,0,"Logan - Beaudesert",13,0,0,4,37,29,820,4,270,264,10653,16,1213,13,4,31,93,869,7,136,0,1008,4,476,4,122,14,8,163,10,90,52,75,643,371,254,58,3,3,321,11,32,15,7119,0,266,1950,1973,420,54,1691,16,4,73,7,0,77,69,3,307,26,24,5,103,25,363,112,4,11,142,35,12,2123,0,31,231,336,9,21,9,89,68,67,328,1413,16,0,51,20,3,29,16,3,10,63,414,32,14,27,663,37,4,779,0,96,14,291,7,238,55,1851,0,4,32,17,297,76,"311",139,11,0
66,8,113,6,12,175,43,79,8,35,3,0,74,16,0,48,215,25,127,341,0,2661,60,3,22,1391,64,127,53,88,73,1445,13,10,17,14,3,3,535,18,189,3,30,17,82,8,66,3235,0,21,17,5,0,4,10,4,13,31,88,206,4,5,41,948,1103,116,112,23,59,12,3,181,134,301,177,90,0,11,3,0,"Mackay - Isaac - Whitsunday",9,5,0,3,37,15,620,7,223,248,8826,11,2369,7,9,30,52,688,6,145,0,1013,6,478,6,49,12,9,78,24,58,31,112,425,292,187,91,0,3,304,6,42,6,12933,0,313,1836,1338,338,42,3598,14,7,36,3,0,94,34,5,126,58,36,8,68,38,213,101,0,15,191,11,6,1719,9,45,257,231,9,5,3,100,82,40,234,1062,42,0,44,9,10,16,4,0,3,73,266,29,18,50,538,44,7,614,6,201,12,228,3,182,27,1469,0,6,23,21,195,65,"312",117,3,0
61,4,103,15,4,205,29,85,14,16,0,0,117,10,0,40,264,15,122,208,3,665,28,0,10,1200,33,111,25,92,52,1183,11,13,8,5,3,7,685,7,139,8,40,4,94,4,130,847,0,13,7,11,3,0,7,6,0,16,57,142,0,3,25,1253,1276,112,85,54,32,5,0,101,81,338,188,188,0,11,0,0,"Moreton Bay - North",4,0,0,4,26,16,807,5,190,182,8700,7,860,14,5,29,70,847,5,137,0,738,7,351,8,108,9,10,171,9,52,36,73,599,263,162,46,0,0,258,13,33,8,4083,0,206,1539,1378,286,50,1061,12,14,41,11,0,79,56,3,228,28,21,8,88,33,258,90,3,10,115,21,9,1831,0,24,172,215,9,7,3,87,76,55,231,1217,8,0,27,7,9,7,9,0,11,85,286,30,16,21,287,30,6,766,5,76,13,246,0,229,60,1393,0,7,40,15,211,57,"313",175,14,0
41,3,53,3,5,91,15,42,3,12,3,0,74,8,0,19,108,9,59,116,0,633,15,0,11,674,22,50,20,45,36,646,3,8,10,3,0,6,438,3,75,0,19,4,34,0,62,623,0,18,4,0,0,0,0,7,7,11,25,83,0,3,10,966,605,54,67,17,18,3,0,76,47,151,99,61,0,3,3,0,"Moreton Bay - South",0,0,3,3,16,16,652,7,94,116,4877,3,495,7,0,20,38,390,0,60,0,421,0,212,3,83,6,7,75,9,30,12,30,510,127,87,23,0,0,184,4,16,3,2994,0,124,817,699,157,19,663,15,4,36,6,0,36,30,0,192,17,9,5,50,17,151,58,4,6,67,12,11,848,0,23,110,115,13,6,3,57,45,43,121,643,3,0,21,4,9,12,8,0,0,40,145,17,11,15,313,5,0,377,5,49,15,112,3,108,39,768,0,0,20,4,116,39,"314",75,7,0
46,14,48,6,9,91,26,92,11,35,5,0,33,13,0,15,111,13,64,162,0,1066,36,0,7,725,42,58,18,52,37,770,6,11,6,12,0,5,298,18,146,3,35,12,53,0,32,1033,3,19,11,5,0,4,7,3,5,22,49,112,0,0,27,483,692,65,60,14,32,7,4,122,52,173,112,47,0,8,3,3,"Queensland - Outback",7,0,0,0,22,26,186,6,115,118,4858,4,796,7,3,22,48,397,10,64,3,537,0,262,5,39,14,3,44,20,63,22,86,100,151,85,22,0,7,219,5,23,10,4474,0,155,928,806,162,26,1130,8,9,26,3,0,45,53,3,43,31,24,12,51,34,125,65,10,6,84,8,9,962,0,17,131,121,0,3,9,38,58,32,155,678,24,0,37,9,8,15,0,3,7,57,154,17,14,35,236,32,8,284,6,145,7,124,0,122,10,787,0,4,20,17,114,40,"315",65,8,0
112,12,230,9,11,312,65,136,12,29,0,0,185,13,0,86,312,33,265,355,5,847,18,0,28,1702,52,202,44,105,44,2326,11,15,18,13,9,21,1145,19,212,6,87,18,121,11,191,1034,3,37,14,17,0,0,15,7,3,35,85,175,3,10,45,1970,1963,181,85,38,49,11,4,113,118,384,390,190,3,11,10,0,"Sunshine Coast",10,0,0,3,33,25,1207,6,205,332,13080,16,1285,12,6,64,112,1377,12,255,5,1068,5,430,12,145,12,16,193,17,72,20,73,924,412,260,76,0,3,536,14,43,14,5605,0,275,2583,2108,323,72,1449,21,6,83,5,0,160,92,3,420,23,43,15,133,20,352,128,0,19,228,38,19,2037,11,57,249,400,16,24,17,156,121,106,267,1447,14,3,27,17,11,20,11,0,19,143,479,42,14,29,391,61,11,1215,10,96,14,440,9,260,57,2125,3,9,56,21,424,75,"316",251,30,0
43,8,64,13,8,155,30,69,8,25,0,0,81,4,0,37,206,13,106,218,3,806,13,0,12,1141,38,89,19,58,44,1058,7,3,5,4,3,10,507,6,130,0,43,4,67,0,79,836,3,22,5,17,0,0,3,3,7,23,48,143,3,0,22,957,1042,76,53,21,18,7,0,79,42,320,182,84,0,5,0,0,"Toowoomba",3,3,0,0,16,23,565,4,143,176,7084,0,865,7,6,30,61,596,4,90,3,686,3,232,0,69,13,6,95,14,50,12,65,436,274,142,29,0,5,261,0,14,6,4038,0,158,1328,1317,274,30,969,10,3,28,3,0,56,28,0,178,15,28,4,64,30,211,49,3,10,134,20,5,1419,4,27,176,229,7,4,0,62,50,53,219,929,3,0,35,0,7,10,5,0,16,65,267,16,9,7,268,32,8,500,6,51,6,208,3,176,34,1098,0,9,25,11,194,43,"317",124,0,0
59,10,117,3,12,226,49,75,14,19,0,0,124,3,0,71,232,24,173,318,3,1368,31,0,25,1479,27,131,40,110,51,1753,3,0,23,5,0,17,763,3,188,0,49,8,92,0,128,1448,4,34,18,9,0,0,3,8,11,27,118,158,0,11,40,1281,1347,162,104,41,66,7,3,124,131,303,234,113,0,15,6,0,"Townsville",6,0,0,5,24,26,877,8,222,302,10070,5,1367,14,8,46,61,945,8,188,0,1022,8,503,4,131,10,12,136,29,49,33,68,633,324,213,67,0,3,423,10,33,6,7021,0,268,1999,1553,331,56,1680,13,6,44,11,0,95,52,6,225,27,39,6,85,22,283,123,3,10,208,30,8,1720,6,37,263,283,9,12,13,88,90,86,211,1169,21,0,20,14,11,17,3,3,7,105,354,38,22,23,625,51,11,748,4,102,9,286,3,195,64,1670,8,5,51,21,280,69,"318",138,7,0
126,18,218,21,9,286,54,103,8,14,3,0,142,16,0,88,379,28,273,353,6,980,23,4,34,1971,51,220,50,93,23,2362,10,8,29,14,4,14,958,15,230,14,75,22,101,4,154,1217,3,33,17,25,5,0,11,7,5,30,86,224,4,3,53,1477,1969,198,76,43,37,9,0,111,107,510,386,190,0,17,11,0,"Wide Bay",22,0,0,0,35,21,912,9,218,356,13092,11,1493,5,8,69,108,1380,6,288,0,1159,3,423,6,108,12,19,182,18,80,45,96,599,455,249,68,3,0,513,13,26,9,6393,0,185,2802,2336,433,77,1726,14,10,58,8,3,168,92,8,258,40,41,3,131,12,388,150,6,18,244,42,19,2308,0,61,307,408,11,21,11,157,123,99,322,1478,17,3,63,16,5,21,3,0,13,163,524,52,13,22,410,60,12,1162,17,88,19,447,5,261,45,2094,3,10,87,25,389,38,"319",226,16,0
131,12,177,16,10,352,53,65,38,12,3,3,135,5,0,85,395,22,241,184,3,785,27,0,12,1554,51,179,65,102,46,1842,24,17,15,3,3,16,1385,4,187,11,88,20,203,15,337,744,6,34,7,8,3,4,10,13,3,40,57,146,4,3,34,1727,1947,214,85,66,30,13,0,116,106,440,334,280,6,20,4,0,"Adelaide - Central and Hills",16,0,0,15,20,20,1439,3,220,247,13214,33,768,21,12,60,180,1569,7,283,11,939,13,375,9,392,10,18,294,18,27,31,52,949,377,237,47,0,0,497,16,29,43,3823,0,203,2359,1901,360,110,906,15,20,91,22,0,125,115,14,366,33,25,8,96,20,352,121,3,16,162,44,23,2542,7,54,223,383,5,32,12,184,118,92,205,2025,13,0,18,14,26,48,24,0,30,151,416,40,20,26,297,63,9,1345,13,82,14,403,3,293,227,2167,6,8,53,29,331,52,"401",348,20,0
97,15,149,9,8,361,40,88,25,20,5,0,171,9,0,72,433,23,202,357,0,2287,25,0,28,2557,39,202,39,130,58,2013,13,15,12,4,0,8,1282,10,215,8,63,15,143,3,277,2316,4,33,10,11,0,3,7,8,4,35,100,211,4,9,42,1908,2100,223,122,67,45,6,3,105,140,731,346,189,0,12,4,0,"Adelaide - North",15,0,0,8,22,32,1319,12,358,302,15610,18,1960,14,6,58,116,1400,5,286,0,1554,14,519,4,296,15,7,261,21,62,38,85,972,594,411,63,0,3,428,14,26,33,10584,0,247,3104,2854,733,70,2730,19,11,72,25,3,119,108,11,404,26,35,5,92,24,645,133,4,12,259,34,18,3201,3,47,393,635,16,12,12,149,125,88,375,2032,18,0,29,17,8,42,21,3,16,173,613,43,22,27,729,39,8,1201,12,95,10,460,0,322,125,2896,0,3,48,29,366,66,"402",255,17,0
62,5,156,15,3,230,34,50,18,13,3,0,111,9,0,67,247,33,208,205,0,723,9,0,17,1120,34,166,49,64,28,1498,10,9,16,0,4,12,1061,5,161,5,77,6,111,0,226,712,3,29,13,6,0,0,7,5,0,28,49,124,0,5,39,1738,1370,147,65,56,21,5,4,61,74,305,266,146,0,8,0,0,"Adelaide - South",15,3,0,4,12,28,1420,0,162,187,9921,4,869,14,3,28,86,1158,8,216,3,751,11,267,3,264,10,10,220,14,27,19,30,1037,256,178,42,0,0,373,10,17,16,3907,0,155,1750,1291,278,59,914,7,6,45,10,0,97,57,9,372,23,31,5,67,10,229,91,0,12,163,28,11,1678,3,67,183,218,3,11,5,102,75,62,172,1444,11,0,9,12,17,22,3,0,9,111,263,32,12,15,294,35,8,928,14,52,10,279,3,227,144,1407,0,0,56,16,228,39,"403",219,9,0
89,13,136,8,10,318,49,52,20,35,0,0,81,14,0,67,381,18,172,442,9,2372,61,0,34,2305,60,163,31,156,61,1966,15,9,11,5,4,14,886,13,197,4,58,11,123,9,188,2674,3,26,21,7,0,3,8,8,6,34,92,220,0,6,37,1081,1677,180,156,47,49,18,8,206,152,629,275,173,0,14,0,0,"Adelaide - West",7,0,3,3,39,11,829,4,315,356,13226,16,2426,12,0,28,88,1093,3,222,3,1426,10,613,7,240,16,7,177,43,42,25,103,553,500,353,100,3,0,378,11,58,9,12263,0,333,2701,2391,642,64,3390,5,13,65,17,0,91,90,7,218,61,42,14,48,37,514,90,0,13,232,19,14,2879,7,43,376,497,13,12,11,143,87,64,254,1623,31,3,24,9,12,26,12,0,10,106,498,32,11,77,755,36,7,917,9,213,7,359,3,221,112,2552,0,6,30,23,398,88,"404",223,16,0
50,3,113,9,3,131,27,47,4,3,0,0,62,5,4,32,143,25,163,180,5,477,14,0,22,973,24,126,17,95,36,1220,12,0,6,0,6,0,506,10,135,4,54,16,51,3,66,550,6,28,14,9,3,0,3,3,0,13,66,119,0,3,29,725,845,92,77,25,33,8,0,66,79,205,165,60,3,7,3,0,"Barossa - Yorke - Mid North",3,0,0,0,20,22,501,6,169,182,6678,7,696,3,9,45,45,691,8,155,3,767,0,358,0,70,10,3,94,15,41,7,56,348,223,152,57,0,0,313,5,14,5,2946,0,197,1446,940,211,28,785,13,3,24,0,0,90,40,5,109,26,31,3,33,8,169,70,4,8,160,13,3,1105,4,30,193,160,4,4,7,72,61,50,145,755,12,3,23,8,3,3,4,0,13,94,207,26,7,15,176,60,12,554,7,49,8,192,9,117,31,1052,7,11,41,22,141,57,"405",84,3,0
43,4,71,5,5,84,19,34,3,44,0,0,41,8,0,31,88,17,108,154,3,954,38,0,18,529,51,79,19,47,44,789,7,3,3,11,4,4,377,9,96,0,30,4,43,4,53,960,3,15,5,10,0,0,7,5,4,15,35,59,0,0,21,484,558,57,38,9,30,15,6,110,67,91,117,73,0,3,0,0,"South Australia - Outback",6,0,0,0,12,3,323,0,87,99,4377,8,810,0,7,32,37,443,3,94,0,401,0,213,0,45,10,10,60,18,26,11,37,218,121,73,46,0,3,185,5,29,3,4341,0,177,956,552,123,24,1120,4,5,30,3,0,55,26,3,80,32,21,0,34,31,92,35,0,15,76,5,9,760,3,28,100,93,5,0,4,54,43,20,97,491,12,0,20,6,0,13,5,0,6,79,115,9,3,17,268,21,3,406,9,117,0,144,0,69,20,695,0,3,21,15,103,38,"406",49,4,0
78,13,204,15,13,267,61,78,13,14,4,4,80,13,0,66,311,53,220,304,0,765,22,0,48,2085,69,200,39,100,21,2094,12,7,23,11,10,4,908,11,197,8,76,20,99,9,107,921,0,35,24,3,0,3,9,0,3,25,89,222,0,8,33,1200,1663,160,77,36,43,17,9,78,110,547,296,136,6,14,4,0,"South Australia - South East",16,3,0,0,31,30,827,11,271,351,12172,11,1154,10,11,64,102,1053,19,205,6,1170,3,429,7,115,6,17,124,8,74,31,95,580,443,274,51,0,0,527,11,21,13,4891,0,181,2512,2349,507,36,1309,16,8,44,0,3,168,62,4,168,28,39,9,83,13,442,132,0,19,208,17,13,2269,6,63,270,446,11,24,13,119,118,88,368,1368,23,3,43,16,3,11,8,0,17,182,487,37,12,29,279,96,14,935,19,96,16,371,5,231,37,2102,4,16,47,13,358,40,"407",176,11,0
49,3,143,10,11,192,46,69,5,52,3,0,85,12,0,69,242,27,149,290,3,898,52,3,37,1293,49,152,52,107,72,1448,6,8,19,4,3,4,690,15,144,5,56,11,93,7,93,1226,5,22,11,3,4,4,5,7,3,22,54,149,4,3,30,1035,1179,135,95,55,50,3,7,164,112,337,201,107,0,4,9,0,"Bunbury",6,0,0,0,26,23,759,5,234,219,9256,7,1349,4,9,60,59,853,5,173,8,949,3,416,3,63,9,3,98,29,58,24,68,501,275,253,68,0,0,427,3,56,11,5769,0,291,1835,1393,326,38,1613,11,0,32,4,0,108,40,3,149,43,32,12,56,29,247,103,0,11,144,13,9,1825,4,65,205,239,3,8,7,135,124,78,201,907,33,0,37,14,0,20,5,0,16,126,267,36,14,53,270,70,23,781,11,191,14,245,3,151,23,1711,0,11,46,13,210,77,"501",152,7,4
22,3,59,0,3,77,8,27,3,9,0,0,39,4,0,22,35,6,60,112,0,250,19,0,6,240,26,70,12,25,24,479,3,5,4,3,0,6,293,0,47,0,22,4,35,0,49,301,3,7,7,0,0,0,0,0,6,10,13,30,0,3,13,483,374,50,30,15,32,4,0,70,34,67,76,42,0,0,0,0,"Mandurah",8,0,0,0,10,10,330,3,51,55,2908,3,407,3,3,17,16,315,3,61,0,230,0,124,3,32,3,0,48,7,10,8,14,262,65,44,16,0,0,123,3,18,0,1702,0,93,603,353,38,17,473,3,3,13,3,0,38,19,3,85,21,8,3,27,20,43,28,0,8,52,14,0,423,0,23,57,55,0,0,0,41,50,19,46,303,15,0,3,3,0,4,0,0,3,44,90,9,3,19,89,24,6,321,3,58,0,80,0,51,17,478,3,0,7,0,60,22,"502",50,0,0
113,10,101,8,10,265,60,36,27,76,4,0,79,56,0,82,393,25,152,157,3,954,85,3,18,1206,162,117,36,113,84,1348,22,17,4,28,4,26,934,11,162,10,51,11,190,12,286,906,8,56,19,13,0,6,8,4,6,23,70,116,5,0,28,927,1406,223,136,68,45,32,4,198,87,350,202,349,3,24,3,0,"Perth - Inner",13,0,4,10,24,18,795,7,248,212,10526,22,668,13,12,33,121,1272,14,127,3,870,22,445,4,282,13,9,247,24,32,34,56,468,238,162,66,3,10,444,22,53,30,3975,0,289,1523,1273,345,123,879,10,31,92,33,0,69,121,17,185,35,26,8,45,69,224,101,0,34,149,55,20,2812,9,22,181,223,9,13,12,163,101,75,151,1597,42,0,11,4,21,41,22,0,14,77,234,29,21,57,296,75,17,1143,13,279,15,215,6,199,154,1798,3,8,30,21,193,67,"503",415,18,0
66,4,87,5,4,177,37,58,21,37,3,0,102,21,0,32,239,27,126,324,0,1698,42,0,13,1325,60,127,46,91,82,1318,11,14,10,14,6,12,789,16,145,4,42,11,117,6,154,1598,3,40,11,0,3,0,8,3,10,13,55,166,0,3,31,1222,1101,140,100,47,49,13,3,143,115,284,180,181,3,17,6,0,"Perth - North East",14,0,0,4,36,25,858,3,244,210,9367,10,1406,8,11,41,49,871,12,153,6,1047,10,420,3,156,5,0,151,21,46,30,98,623,275,216,80,0,8,335,11,36,13,7659,0,292,1701,1277,335,52,1876,9,13,56,8,4,81,58,7,233,36,18,6,61,36,267,100,3,14,199,22,9,1937,3,41,217,258,8,3,4,104,87,58,188,1235,18,0,26,8,11,14,6,4,11,82,259,32,11,37,588,55,13,805,3,140,12,223,3,161,61,1564,5,9,36,21,212,64,"504",182,8,0
120,13,156,7,19,316,74,73,18,67,5,0,167,21,0,88,381,32,198,346,3,1619,72,3,29,1919,89,186,59,157,98,2003,20,17,10,20,7,16,1398,10,235,10,65,8,179,5,326,1399,8,42,33,3,3,3,5,5,8,42,144,241,9,11,28,2190,1797,200,173,76,67,10,10,250,189,489,273,269,3,19,0,0,"Perth - North West",12,0,0,3,35,45,1684,8,395,298,15281,28,1323,22,5,63,122,1398,18,238,6,1497,9,740,6,363,37,6,258,30,42,39,122,1235,426,311,113,0,9,561,17,74,29,7352,3,447,2723,2050,465,100,1682,29,15,70,21,0,113,99,10,416,53,28,16,100,66,385,160,6,20,249,49,20,3064,8,66,373,389,7,20,7,185,153,97,276,2164,24,0,32,21,15,37,18,5,12,136,446,54,30,78,639,76,17,1356,14,252,14,343,3,287,170,2498,0,11,62,26,330,116,"505",329,11,3
120,12,169,15,19,420,95,111,25,104,14,0,165,24,0,99,510,47,211,740,0,4735,94,5,59,2555,127,212,92,258,178,2492,27,16,21,20,6,20,1475,21,285,7,82,11,203,5,317,4119,3,51,40,4,8,6,12,12,14,52,158,315,0,8,57,2075,2272,282,223,108,98,25,9,345,256,620,361,328,0,23,7,0,"Perth - South East",7,0,0,13,50,35,1531,8,542,377,18523,22,3091,18,14,67,159,1664,22,272,4,2019,16,995,6,322,28,11,277,48,80,47,172,1018,536,420,163,3,13,688,19,69,41,18924,0,630,3323,2614,667,100,4284,22,25,104,22,3,138,111,14,424,94,35,19,122,96,510,188,8,34,345,40,18,4062,8,62,459,517,19,19,11,216,161,108,377,2485,44,0,46,28,24,45,29,0,17,179,511,51,33,82,1548,99,22,1481,14,350,27,371,4,366,175,3301,5,13,54,32,400,146,"506",390,27,0
104,17,157,8,16,311,49,92,26,129,5,0,166,34,0,78,355,43,151,401,0,1955,136,0,31,1821,127,165,44,188,108,1888,15,19,20,29,6,19,1228,20,215,7,61,15,156,15,261,2002,3,44,22,4,3,0,8,5,21,22,111,213,3,7,38,1981,1707,213,174,64,87,20,16,351,159,424,258,235,0,13,5,0,"Perth - South West",11,0,0,4,57,35,1351,7,389,266,14344,15,1844,12,12,65,108,1242,20,205,7,1436,15,715,4,238,25,8,243,46,55,42,138,1039,413,283,111,0,23,512,12,105,17,9647,0,464,2567,1844,471,86,2348,27,14,79,10,0,113,88,16,394,90,28,8,92,84,365,141,3,36,218,33,14,2955,4,39,342,369,14,21,15,156,145,84,237,1874,69,0,39,23,16,25,17,0,19,128,372,48,20,121,798,76,10,1213,5,495,8,328,3,256,114,2497,3,13,41,28,298,115,"507",275,12,0
51,7,118,5,3,147,56,60,12,34,8,3,71,12,0,58,178,34,127,301,3,796,33,0,36,1195,71,103,35,83,42,1269,9,11,18,18,10,9,525,18,129,3,56,5,83,7,72,1006,9,29,21,4,3,0,0,4,11,11,73,169,0,3,31,652,926,76,98,33,49,15,7,142,79,235,152,100,3,4,8,0,"Western Australia - Wheat Belt",3,0,0,0,34,13,414,3,179,192,7348,6,1112,0,5,58,57,590,11,128,7,790,3,392,3,36,8,6,57,30,59,32,68,212,237,157,53,0,10,437,4,32,3,4917,0,216,1485,1077,290,33,1342,9,3,43,3,0,105,28,4,77,29,23,12,56,28,189,100,12,18,138,8,12,1451,5,44,190,168,6,11,6,83,82,65,167,800,24,0,47,8,3,9,9,0,16,108,209,30,11,53,272,76,13,615,10,166,18,191,8,125,26,1166,5,13,44,15,175,45,"509",90,3,0
46,16,32,3,3,78,10,35,5,656,8,0,24,477,0,6,85,5,25,272,0,3216,526,0,16,690,1595,30,12,156,183,1059,4,12,3,548,0,13,229,21,172,5,17,9,42,4,23,3599,4,11,11,0,0,65,4,5,47,42,113,109,0,3,26,355,399,36,222,26,79,150,18,612,160,120,58,55,0,3,3,9,"Western Australia - Outback (North)",8,4,5,7,82,8,162,3,266,86,8960,11,2333,4,4,4,26,226,5,60,11,907,3,755,3,22,50,0,19,73,34,52,112,87,142,178,115,0,104,139,11,153,10,13771,0,580,1782,497,211,30,3888,7,12,52,10,0,28,54,0,51,126,22,12,21,200,105,56,5,334,121,16,6,2719,0,18,189,83,6,3,9,32,45,14,92,815,179,0,26,7,13,8,4,7,8,23,82,10,11,387,402,15,0,202,0,1874,3,76,0,53,5,2077,0,0,4,17,78,141,"510",42,3,0
44,3,79,6,4,106,26,52,6,106,5,0,46,20,0,28,113,27,90,332,0,2118,84,5,14,662,103,97,28,95,97,1019,5,5,9,33,6,9,432,12,137,3,22,3,71,3,42,2027,3,23,20,6,3,4,9,7,20,21,69,87,6,0,34,568,700,94,121,21,43,15,10,256,79,132,135,91,3,0,3,0,"Western Australia - Outback (South)",3,4,5,0,61,11,353,3,189,124,6254,12,1567,4,8,30,39,489,13,116,3,752,4,455,3,42,53,4,50,25,42,24,88,231,145,134,89,0,20,255,7,54,4,8864,0,353,1283,709,129,34,2256,17,4,45,0,0,62,29,4,89,53,28,10,38,101,117,63,3,22,131,20,3,1319,0,21,160,105,5,3,6,83,67,43,100,676,48,0,28,15,4,14,9,3,0,74,147,10,12,61,480,48,7,466,3,320,6,169,0,78,15,1083,4,5,28,18,141,55,"511",75,3,4
80,7,110,8,11,243,33,45,4,3,3,0,77,7,0,43,266,19,172,207,0,792,9,0,19,1224,34,136,23,84,25,1489,15,6,10,4,0,6,810,3,110,4,42,10,108,0,149,834,0,23,11,6,3,3,9,7,6,17,65,115,0,12,25,1089,1272,150,47,35,46,8,3,103,86,315,257,127,0,3,8,0,"Hobart",13,0,0,0,6,23,768,7,130,253,8669,14,1090,22,3,29,112,929,7,175,3,714,9,292,10,190,3,7,163,20,39,17,35,577,310,167,56,3,3,300,8,26,14,4552,0,175,1711,1377,257,45,1240,9,6,32,11,0,102,61,3,218,30,11,8,57,15,242,71,0,3,159,23,8,1505,4,35,198,270,5,23,12,117,72,55,168,1070,16,0,18,6,10,26,9,3,8,100,305,34,4,17,293,38,8,752,9,53,6,235,7,168,59,1467,0,3,26,7,237,37,"601",158,10,0
58,7,91,13,5,183,31,51,7,5,0,0,65,8,0,41,179,17,135,165,0,616,7,0,27,850,30,126,31,43,18,1137,6,5,7,0,3,0,562,0,120,8,43,11,89,0,77,787,0,18,3,10,3,0,8,0,0,20,28,90,0,0,27,673,1087,107,39,16,18,5,0,50,55,223,200,83,0,5,3,0,"Launceston and North East",7,0,0,3,18,7,489,4,99,170,6409,7,861,0,7,28,55,672,7,131,0,465,3,183,0,71,3,6,92,5,35,20,29,328,208,108,25,3,0,283,3,13,4,3979,0,90,1402,1160,180,30,1119,6,8,23,5,0,93,54,3,115,15,22,3,49,12,164,57,0,9,99,16,9,1084,3,38,112,190,3,15,4,80,67,61,173,747,6,0,3,8,6,17,3,3,10,107,273,11,10,9,285,42,8,554,11,34,7,264,3,143,31,1053,4,9,41,14,223,20,"602",105,9,0
8,3,30,3,3,52,11,13,3,0,0,0,6,0,0,11,40,7,42,47,0,84,3,0,3,278,5,32,6,12,3,337,0,0,4,4,0,0,141,0,55,0,12,0,14,3,13,104,0,3,5,0,0,0,0,0,0,8,11,20,0,0,12,104,269,30,19,5,6,3,0,9,17,76,48,24,0,3,0,0,"South East",3,0,0,0,8,0,85,0,30,49,1797,0,146,0,0,15,18,172,5,38,0,169,0,70,0,17,4,7,17,0,14,6,17,40,82,44,4,0,0,90,0,0,7,600,0,20,416,356,59,10,157,3,0,7,0,0,31,8,0,21,7,11,0,4,0,62,11,0,0,34,0,4,316,0,8,42,77,0,0,4,18,22,16,43,177,3,0,0,3,0,3,0,0,4,34,87,4,3,3,32,10,3,144,0,4,4,51,4,29,6,345,0,0,13,6,47,8,"603",29,0,0
54,3,109,8,6,167,25,58,3,8,9,0,49,4,0,27,157,20,122,186,3,562,25,0,14,903,31,113,29,71,29,1162,11,6,3,0,0,0,477,12,104,5,29,7,46,3,52,648,0,4,4,3,4,3,0,0,5,23,50,115,3,8,19,665,924,87,46,18,37,12,0,118,69,218,192,70,0,10,3,0,"West and North West",0,0,0,0,16,11,454,6,129,181,6303,3,782,6,3,25,58,583,3,133,0,583,3,255,4,60,6,10,78,22,29,14,53,297,255,118,68,3,3,205,10,29,7,3480,0,189,1472,1045,164,25,1005,12,4,16,4,0,87,38,3,124,41,11,0,46,12,142,43,3,10,107,10,8,1008,3,47,144,180,4,5,12,72,67,34,156,688,18,0,19,0,4,18,4,0,8,76,258,16,0,31,224,30,7,498,7,88,5,194,3,115,13,1064,9,7,37,13,173,42,"604",81,10,0
26,5,23,4,3,93,24,27,5,256,3,0,46,137,0,36,149,6,47,159,0,968,215,0,12,828,436,35,17,70,43,775,4,3,13,154,4,11,249,18,118,3,12,0,34,3,62,892,3,22,4,3,0,18,0,4,16,35,47,106,0,3,23,503,584,76,103,11,39,44,7,229,83,200,96,89,0,5,3,0,"Darwin",4,0,0,0,27,17,258,3,202,113,6198,3,710,5,0,10,40,426,3,56,6,663,6,334,7,40,18,5,74,33,28,16,76,202,164,119,56,0,35,164,0,65,7,4113,0,201,1147,782,196,33,934,18,9,35,4,0,17,39,3,75,51,17,0,39,67,187,63,0,81,89,15,4,1658,0,5,141,151,3,4,6,46,27,14,103,664,83,0,30,7,8,20,10,3,5,35,144,17,7,125,354,14,0,313,0,718,3,122,0,73,16,1277,0,0,3,11,114,48,"701",125,7,0
55,30,26,0,10,92,16,57,5,26,0,0,16,5,0,18,124,8,26,109,3,491,20,0,7,578,34,38,21,44,30,470,8,10,4,3,3,4,263,10,134,3,12,5,59,17,23,473,0,16,13,0,3,3,0,17,8,26,34,122,0,3,20,341,501,51,41,36,24,7,0,65,57,150,51,41,0,0,4,4,"Northern Territory - Outback",21,0,0,6,23,10,164,4,109,87,3535,6,421,7,0,9,47,203,3,30,3,375,9,218,3,29,12,0,26,13,52,34,45,73,101,55,27,0,3,140,13,19,16,2230,0,123,633,569,132,73,563,7,52,34,30,0,21,158,21,39,17,22,5,13,15,69,45,3,8,65,10,11,831,3,13,68,71,17,5,16,35,59,19,111,524,11,0,45,7,9,17,7,0,8,54,93,9,9,18,131,15,0,193,3,86,4,76,0,90,12,594,0,4,13,20,74,24,"702",46,9,0
91,16,77,13,8,253,43,73,25,26,3,0,104,3,0,42,331,22,104,276,6,923,31,3,17,1456,34,85,24,125,69,1242,25,17,3,3,7,16,842,13,155,4,35,15,103,8,180,882,7,38,28,5,0,3,4,12,3,28,92,164,3,5,24,1611,1298,158,130,42,58,11,3,133,117,329,159,154,3,11,3,0,"Australian Capital Territory",10,0,3,3,27,19,1086,10,254,220,10054,24,897,22,0,23,133,965,3,129,4,991,20,523,9,193,16,10,213,14,58,32,69,881,277,216,60,3,3,304,11,37,20,4730,0,274,1547,1354,414,103,1103,6,10,75,23,0,59,87,16,313,32,17,13,66,35,297,100,3,9,199,47,13,2203,3,21,206,300,12,18,3,103,72,38,173,1396,20,4,33,7,16,42,13,0,14,75,248,44,15,39,415,29,7,729,9,120,8,204,3,235,88,1720,3,7,18,17,196,61,"801",263,18,0
0,0,8,3,3,10,6,4,0,0,0,0,0,0,0,0,3,5,8,30,0,29,0,0,0,39,0,5,0,3,3,79,0,0,0,0,0,0,24,0,8,0,0,0,3,0,0,30,0,4,0,0,0,0,0,0,0,0,9,3,0,0,0,13,41,0,3,0,7,0,0,12,3,5,7,4,0,0,0,0,"Other Territories",0,0,0,0,0,0,12,0,14,6,319,0,33,0,0,3,5,19,0,3,0,37,0,22,0,0,0,0,0,0,0,0,5,5,8,4,4,0,3,33,0,0,0,165,0,22,75,47,8,0,28,0,0,0,0,0,6,0,0,0,6,0,3,0,3,6,0,0,0,6,0,0,51,0,3,12,13,0,0,0,7,0,3,6,23,0,0,0,0,0,0,0,0,0,4,10,0,0,3,14,4,0,27,0,12,3,14,0,3,0,47,0,0,0,0,15,0,"901",0,0,0
