tot_spks_eng_only_2015, tot_spks_eng_only_2016, tot_spks_eng_only_2006_10, tot_tot_2013, tot_tot_2014, tot_tot_2015, _85_yrs_ov_multilingual_spks_eng_notwell_arrival_notstated, tot_tot_2016, tot_tot_2011, tot_tot_2012, tot_multilingual_eng_profic_notstated_tot, tot_multilingual_eng_profic_notstated_2000_05, _85_yrs_ov_tot_2000_05, tot_multilingual_eng_profic_notstated_2006_10, _85_yrs_ov_multilingual_spks_eng_well_2006_10, tot_multilingual_spks_eng_notwell_2000_05, _85_yrs_ov_multilingual_spks_eng_well_bef_2000, tot_multilingual_spks_eng_notwell_2011, tot_multilingual_tot_2011, tot_multilingual_tot_2012, tot_multilingual_tot_2013, _85_yrs_ov_multilingual_spks_eng_well_2011, tot_multilingual_tot_2014, _85_yrs_ov_multilingual_spks_eng_well_2012, _85_yrs_ov_multilingual_spks_eng_well_2013, _85_yrs_ov_multilingual_spks_eng_well_2014, _85_yrs_ov_multilingual_spks_eng_well_2015, _85_yrs_ov_multilingual_spks_eng_well_2016, tot_lang_and_eng_profic_notstated_2006_10, _85_yrs_ov_multilingual_tot_bef_2000, tot_multilingual_tot_tot, _75_84_yrs_lang_and_eng_profic_notstated_arrival_notstated, tot_multilingual_tot_2016, tot_multilingual_tot_2015, tot_spks_eng_only_2014, tot_multilingual_spks_eng_notwell_2014, tot_lang_and_eng_profic_notstated_tot, tot_spks_eng_only_2013, tot_multilingual_spks_eng_notwell_2015, tot_spks_eng_only_2012, tot_multilingual_spks_eng_notwell_2012, tot_spks_eng_only_2011, tot_multilingual_spks_eng_notwell_2013, _75_84_yrs_lang_and_eng_profic_notstated_tot, tot_lang_and_eng_profic_notstated_2000_05, tot_multilingual_spks_eng_notwell_2016, tot_tot_2006_10, _85_yrs_ov_multilingual_spks_eng_notwell_tot, _85_yrs_ov_spks_eng_only_2006_10, tot_multilingual_eng_profic_notstated_2011, tot_multilingual_eng_profic_notstated_2012, tot_multilingual_eng_profic_notstated_2013, tot_multilingual_eng_profic_notstated_2014, _85_yrs_ov_lang_and_eng_profic_notstated_arrival_notstated, _85_yrs_ov_spks_eng_only_bef_2000, tot_multilingual_eng_profic_notstated_2015, tot_multilingual_spks_eng_notwell_bef_2000, tot_multilingual_eng_profic_notstated_2016, _75_84_yrs_tot_bef_2000, tot_tot_bef_2000, tot_multilingual_tot_2006_10, tot_multilingual_spks_eng_notwell_2006_10, tot_multilingual_eng_profic_notstated_bef_2000, _75_84_yrs_tot_2000_05, _85_yrs_ov_multilingual_eng_profic_notstated_2000_05, tot_spks_eng_only_2000_05, tot_tot_arrival_notstated, tot_spks_eng_only_bef_2000, _85_yrs_ov_lang_and_eng_profic_notstated_2000_05, tot_multilingual_spks_eng_well_tot, tot_tot_2000_05, tot_spks_eng_only_arrival_notstated, _85_yrs_ov_tot_tot, _85_yrs_ov_multilingual_spks_eng_well_arrival_notstated, tot_multilingual_eng_profic_notstated_arrival_notstated, tot_multilingual_spks_eng_well_2000_05, _85_yrs_ov_spks_eng_only_tot, tot_multilingual_spks_eng_notwell_arrival_notstated, _75_84_yrs_tot_2014, _85_yrs_ov_lang_and_eng_profic_notstated_2013, _85_yrs_ov_multilingual_spks_eng_notwell_2000_05, _75_84_yrs_tot_2013, _85_yrs_ov_lang_and_eng_profic_notstated_2012, _75_84_yrs_tot_2016, _85_yrs_ov_lang_and_eng_profic_notstated_2011, tot_lang_and_eng_profic_notstated_2016, _75_84_yrs_tot_2015, _85_yrs_ov_multilingual_tot_2000_05, tot_lang_and_eng_profic_notstated_bef_2000, tot_lang_and_eng_profic_notstated_2015, tot_lang_and_eng_profic_notstated_2014, _85_yrs_ov_lang_and_eng_profic_notstated_2016, tot_lang_and_eng_profic_notstated_2013, _75_84_yrs_tot_2012, _85_yrs_ov_lang_and_eng_profic_notstated_2015, tot_lang_and_eng_profic_notstated_2012, _75_84_yrs_tot_2011, _85_yrs_ov_lang_and_eng_profic_notstated_2014, _85_yrs_ov_multilingual_tot_tot, tot_lang_and_eng_profic_notstated_2011, _75_84_yrs_tot_arrival_notstated, _85_yrs_ov_multilingual_spks_eng_notwell_bef_2000, _85_yrs_ov_tot_bef_2000, _85_yrs_ov_multilingual_tot_arrival_notstated, _85_yrs_ov_spks_eng_only_2012, _85_yrs_ov_spks_eng_only_2011, _85_yrs_ov_lang_and_eng_profic_notstated_2006_10, tot_lang_and_eng_profic_notstated_arrival_notstated, _85_yrs_ov_spks_eng_only_2000_05, _85_yrs_ov_spks_eng_only_2014, _85_yrs_ov_multilingual_spks_eng_notwell_2006_10, _85_yrs_ov_spks_eng_only_2013, _85_yrs_ov_spks_eng_only_2016, _85_yrs_ov_spks_eng_only_2015, _85_yrs_ov_tot_2006_10, _85_yrs_ov_multilingual_eng_profic_notstated_tot, tot_multilingual_tot_2000_05, _85_yrs_ov_multilingual_eng_profic_notstated_bef_2000, tot_multilingual_tot_arrival_notstated, _85_yrs_ov_multilingual_eng_profic_notstated_2013, tot_tot_tot, _85_yrs_ov_multilingual_eng_profic_notstated_2014, _85_yrs_ov_tot_arrival_notstated, _85_yrs_ov_multilingual_eng_profic_notstated_2011, _85_yrs_ov_multilingual_eng_profic_notstated_2012, tot_spks_eng_only_tot, sa4_name16, _85_yrs_ov_multilingual_spks_eng_notwell_2014, _85_yrs_ov_spks_eng_only_arrival_notstated, _85_yrs_ov_multilingual_spks_eng_notwell_2015, _85_yrs_ov_multilingual_spks_eng_notwell_2016, _85_yrs_ov_multilingual_spks_eng_notwell_2011, tot_multilingual_spks_eng_well_2015, _85_yrs_ov_multilingual_spks_eng_notwell_2012, _85_yrs_ov_multilingual_eng_profic_notstated_2015, _85_yrs_ov_lang_and_eng_profic_notstated_tot, tot_multilingual_spks_eng_well_2016, _85_yrs_ov_multilingual_spks_eng_notwell_2013, _85_yrs_ov_multilingual_eng_profic_notstated_2016, tot_multilingual_spks_eng_well_arrival_notstated, _85_yrs_ov_multilingual_eng_profic_notstated_2006_10, _85_yrs_ov_multilingual_eng_profic_notstated_arrival_notstated, tot_multilingual_spks_eng_notwell_tot, _75_84_yrs_tot_tot, _85_yrs_ov_multilingual_spks_eng_well_2000_05, tot_multilingual_spks_eng_well_2006_10, tot_multilingual_tot_bef_2000, _75_84_yrs_lang_and_eng_profic_notstated_2015, _75_84_yrs_lang_and_eng_profic_notstated_2014, _85_yrs_ov_lang_and_eng_profic_notstated_bef_2000, _75_84_yrs_lang_and_eng_profic_notstated_2016, tot_multilingual_spks_eng_well_2012, _85_yrs_ov_multilingual_tot_2013, tot_multilingual_spks_eng_well_2011, sa4_code16, _85_yrs_ov_multilingual_tot_2014, tot_multilingual_spks_eng_well_2014, _85_yrs_ov_multilingual_tot_2006_10, _85_yrs_ov_multilingual_tot_2015, _85_yrs_ov_tot_2015, tot_multilingual_spks_eng_well_2013, _85_yrs_ov_multilingual_tot_2016, _85_yrs_ov_tot_2016, tot_multilingual_spks_eng_well_bef_2000, _85_yrs_ov_multilingual_tot_2011, _85_yrs_ov_multilingual_tot_2012, _75_84_yrs_tot_2006_10, _85_yrs_ov_multilingual_spks_eng_well_tot, _85_yrs_ov_tot_2013, _85_yrs_ov_tot_2014, _85_yrs_ov_tot_2011, _85_yrs_ov_tot_2012
189,80,1056,510,603,594,13,336,515,516,117,9,3,11,0,60,186,28,298,291,318,0,430,0,0,0,0,0,4,269,9130,9,252,404,167,63,292,191,76,220,19,215,29,24,3,80,2643,93,5,3,4,0,3,15,589,9,484,5,2800,18633,1588,106,49,20,0,1007,1284,14130,0,7976,1762,716,1003,17,18,691,668,90,0,0,0,3,0,3,0,3,0,0,52,0,3,0,0,0,0,0,3,0,311,0,126,78,866,40,0,0,0,232,0,0,4,0,0,0,8,12,752,5,335,0,27399,0,119,0,0,17975,"Capital Region",0,65,0,0,0,323,0,0,21,170,0,0,223,0,4,1036,2979,0,1469,4450,0,0,6,0,271,0,272,"101",0,360,3,0,0,287,0,0,3915,0,0,27,204,0,0,0,0
312,168,2720,852,787,713,11,415,948,972,114,4,41,16,0,150,306,45,468,491,472,0,436,0,0,0,0,0,10,384,13802,26,250,398,347,89,206,379,91,482,61,479,60,50,0,98,5064,100,15,3,0,0,5,38,1332,7,681,0,4760,32067,2332,254,68,144,0,2942,1724,25078,0,12037,4511,1145,1973,23,13,1414,1479,116,8,0,9,12,0,3,0,0,11,11,63,0,5,0,0,7,0,0,12,0,436,3,232,77,1729,35,3,0,0,122,27,4,0,0,0,0,12,7,1576,0,455,0,48054,0,171,0,0,34052,"Central Coast",0,99,0,0,0,300,4,0,50,155,0,0,335,0,3,1650,5254,3,2064,6927,0,0,10,0,432,3,422,"102",0,343,3,0,3,408,0,0,6174,0,4,65,336,3,4,0,5
90,67,686,384,357,333,6,213,366,577,63,3,8,12,0,57,94,24,245,379,216,0,250,0,0,0,0,0,3,113,5170,0,143,243,107,50,384,164,54,191,27,119,23,10,0,45,1791,27,3,0,3,7,3,8,335,0,181,4,1361,9374,1107,100,23,16,0,646,947,7513,0,4492,1197,405,519,15,9,491,371,55,0,0,0,0,0,0,0,0,0,0,34,3,0,0,0,4,0,0,0,0,135,0,75,16,453,22,0,0,0,343,8,0,0,0,0,0,7,7,547,3,206,0,15540,0,53,0,0,9983,"Central West",0,29,0,0,0,189,0,0,12,94,0,0,135,0,3,623,1483,0,994,1834,0,0,3,0,352,0,220,"103",0,195,0,0,0,189,0,0,1625,0,0,19,108,0,0,0,0
137,56,722,437,448,459,4,286,321,444,67,12,9,13,0,43,77,28,151,281,307,0,353,0,0,0,0,0,0,99,4935,9,230,328,97,99,101,128,133,166,59,172,90,10,3,112,1754,20,3,0,3,0,0,11,409,4,136,8,1386,9525,1031,134,31,33,0,684,668,7881,0,3959,1117,386,583,8,4,375,449,72,3,0,0,0,0,3,0,0,3,0,34,0,0,0,0,0,0,0,3,0,109,0,65,19,520,13,0,0,0,58,6,0,0,0,0,0,3,3,428,0,222,0,15466,0,56,0,0,10427,"Coffs Harbour - Grafton",0,36,0,0,0,185,0,0,25,116,0,0,146,0,0,910,1509,0,884,1614,0,0,13,0,217,0,121,"104",0,255,0,0,0,208,0,0,1446,0,0,9,82,0,0,0,0
48,24,286,261,223,235,0,155,235,284,23,3,0,5,0,11,32,3,154,211,200,0,161,0,0,0,0,0,3,42,3018,0,130,188,59,20,148,58,42,80,16,78,17,8,0,31,1180,13,0,0,3,0,0,0,104,0,80,0,467,3335,895,28,6,5,0,234,411,2601,0,2706,473,161,159,6,4,228,112,29,0,0,0,0,0,0,0,0,3,0,8,0,0,0,3,0,0,0,0,0,47,0,22,14,147,9,0,0,0,132,0,0,0,0,0,0,0,3,242,3,119,0,6794,0,14,0,0,3636,"Far West and Orana",0,5,0,0,0,145,0,0,0,97,0,0,82,0,0,285,505,0,856,725,0,0,0,0,190,0,150,"105",0,139,0,0,0,179,0,0,638,0,0,3,33,0,0,0,0
161,89,1437,504,448,412,8,203,584,535,60,6,9,7,0,44,100,19,229,287,255,0,247,0,0,0,0,0,4,133,5790,17,112,253,197,47,288,250,53,246,20,358,30,31,3,41,2779,39,3,0,3,0,0,11,433,7,188,0,1785,13745,1336,94,32,28,0,1204,1037,11437,0,5129,1787,573,643,10,4,526,483,51,9,0,0,6,0,4,0,0,5,0,23,0,0,0,0,3,0,0,0,0,143,0,97,33,570,12,0,0,0,258,9,0,0,0,0,0,0,3,582,3,208,0,22041,0,54,0,0,15964,"Hunter Valley exc Newcastle",0,31,0,0,0,190,0,0,17,76,0,0,151,0,0,599,1961,0,1234,2285,0,0,4,0,263,0,208,"106",0,199,0,0,0,222,0,0,2062,0,0,28,107,0,0,0,0
311,178,1766,1609,1916,1844,89,1305,974,1303,315,12,19,16,0,273,680,87,594,915,1222,0,1572,0,0,3,0,0,11,1214,29141,23,1127,1529,345,357,170,386,340,392,135,373,225,46,3,346,4605,619,4,4,5,3,3,15,1042,3,3492,3,6429,38761,2833,321,160,36,0,1689,2346,22507,0,22818,3613,1014,2636,65,107,1639,1178,421,7,0,12,15,0,3,0,0,0,10,84,0,0,0,0,13,0,0,3,0,1436,0,346,517,2272,197,0,0,0,78,6,0,0,0,0,0,4,60,1921,14,1259,0,58274,0,327,0,0,28957,"Illawarra",0,115,0,0,0,1184,0,0,26,775,3,0,734,0,45,6011,6889,0,2493,16174,0,0,13,0,773,5,506,"107",3,1207,0,0,0,995,0,0,12520,0,0,41,756,3,3,0,0
115,57,797,307,268,259,3,148,290,326,61,3,11,3,0,31,116,14,147,166,157,0,146,0,0,0,0,0,3,136,4018,13,88,145,119,16,162,149,33,159,13,142,19,34,3,20,1467,18,5,0,0,3,3,21,748,0,113,3,2752,15131,666,50,30,47,0,943,985,13158,0,3601,1364,710,1060,22,7,378,862,37,0,0,4,0,0,0,0,0,4,3,57,0,0,0,0,7,0,0,8,0,164,0,116,10,887,26,0,0,0,97,9,0,0,0,0,0,8,3,422,3,175,0,20535,0,152,0,0,16357,"Mid North Coast",0,96,0,0,0,110,0,0,29,61,0,0,128,0,0,350,2961,0,612,1916,0,0,10,0,153,0,130,"108",0,120,0,0,0,137,0,0,1770,0,0,35,140,0,0,0,0
79,58,411,275,328,319,7,181,344,382,37,0,3,7,0,15,74,59,242,274,201,0,253,0,0,0,0,0,0,94,3814,3,121,239,70,80,38,73,80,111,46,100,53,13,0,36,1401,28,0,0,0,0,0,0,193,0,119,0,908,5497,988,117,18,14,0,414,414,4372,0,3133,674,263,357,11,3,244,236,33,0,0,0,4,0,0,0,0,0,0,26,0,0,0,3,4,0,0,4,0,114,0,51,21,293,14,0,0,0,6,3,0,3,0,0,0,5,0,258,0,140,0,9808,0,52,0,0,5956,"Murray",0,40,0,0,0,159,0,0,5,86,0,0,97,0,0,643,995,0,858,1099,0,0,3,0,228,0,181,"109",0,175,3,0,0,143,0,0,963,0,0,11,82,0,0,0,0
117,52,588,502,565,796,0,415,365,495,57,4,5,15,0,29,37,21,219,336,375,0,470,0,0,0,0,0,0,49,5251,3,358,685,96,70,66,130,177,156,36,155,26,7,0,115,1655,16,0,0,5,0,6,0,208,3,83,4,825,6257,1069,80,12,5,0,571,686,5215,0,4411,982,347,287,0,9,381,229,133,0,0,0,0,0,3,0,3,0,0,18,0,0,0,0,0,0,0,0,0,56,0,54,11,252,3,0,0,0,48,7,0,3,0,0,0,4,0,413,0,297,0,12739,0,24,0,0,7418,"New England and North West",0,20,0,0,0,499,0,0,0,240,0,0,157,0,0,779,904,0,972,1030,0,0,0,0,295,0,192,"110",0,395,3,0,0,339,0,0,936,0,0,6,43,0,0,0,0
403,232,2094,1267,1496,1587,28,1077,1100,1419,126,19,16,16,0,137,356,58,621,875,910,0,1124,0,0,0,0,0,3,517,17555,76,842,1184,369,235,357,355,262,547,98,479,141,103,4,271,4940,194,4,5,6,3,4,113,773,8,997,4,3363,23654,2845,227,43,35,0,1917,1823,16781,0,14770,3571,852,1634,36,25,1493,896,240,7,0,6,3,0,3,0,0,6,8,78,0,4,0,0,4,0,0,8,0,598,0,241,159,1322,70,0,0,0,263,10,0,0,0,0,0,11,10,1653,3,711,0,41933,0,285,0,0,24019,"Newcastle and Lake Macquarie",0,107,0,0,0,915,0,0,142,566,0,0,444,0,3,2666,3699,4,2604,6792,0,0,35,0,779,0,562,"111",0,885,0,0,3,761,0,0,5750,0,0,29,392,0,0,0,0
234,145,1821,603,529,527,7,325,621,616,89,8,28,8,3,51,145,15,262,270,315,0,283,0,0,0,0,0,3,202,6707,10,181,291,250,27,142,283,55,346,14,355,32,39,0,56,3045,62,4,4,3,6,0,17,916,4,186,0,2826,19392,1221,67,41,93,0,1950,1362,16566,0,6070,2768,993,1348,26,17,755,1066,49,4,0,3,5,0,3,0,0,3,7,68,4,0,0,0,0,0,0,9,0,244,0,162,51,1129,33,0,3,0,62,25,3,0,3,0,0,7,12,814,6,305,0,29781,0,162,0,0,22937,"Richmond - Tweed",0,114,0,0,0,235,0,0,35,120,0,0,244,0,4,545,3148,3,1143,2757,0,0,13,0,256,0,245,"112",0,252,3,0,0,277,0,0,2530,0,0,37,174,3,3,3,3
131,52,592,754,689,761,24,390,502,795,77,15,0,13,0,107,145,54,359,665,631,0,575,0,0,0,0,0,0,255,8606,4,335,631,110,142,188,124,191,132,114,143,130,6,0,155,2325,129,0,0,3,0,3,3,201,3,464,0,1016,6532,1723,191,20,19,0,571,999,4208,0,6734,1407,297,539,20,9,718,235,241,0,0,0,3,0,4,0,0,0,0,8,0,0,0,0,3,0,0,3,0,301,3,72,103,458,44,0,0,0,176,0,0,0,0,0,0,5,3,835,3,523,0,15146,0,76,0,0,6355,"Riverina",0,30,0,0,0,437,0,0,3,181,0,0,274,0,0,1791,1124,0,1515,2312,0,0,0,0,546,0,301,"113",0,436,5,0,0,502,0,0,1830,0,0,8,171,0,0,0,0
93,43,736,222,305,299,13,202,247,252,38,0,5,4,0,26,123,20,94,131,141,0,192,0,0,0,0,0,0,160,4769,5,156,205,112,31,208,87,64,120,22,152,17,18,0,75,1397,52,6,0,0,0,0,0,626,0,252,0,2791,15322,659,49,23,38,0,812,959,12631,0,4135,1159,594,922,18,7,313,721,50,0,0,0,0,0,3,0,0,0,0,49,0,0,0,0,0,0,0,5,0,200,0,101,37,788,30,3,0,0,154,7,0,0,0,0,0,4,0,343,0,204,0,20364,0,110,0,0,15387,"Southern Highlands and Shoalhaven",0,79,3,0,0,140,0,0,3,84,0,0,149,0,0,600,2968,0,614,2644,0,0,3,0,104,0,74,"114",0,161,0,3,3,120,0,0,2370,0,0,24,148,0,0,0,3
477,297,2736,1599,1735,1649,29,1057,1651,1779,241,37,45,25,8,691,345,228,1154,1221,1113,0,1262,3,0,0,3,0,4,600,46596,36,763,1175,474,313,180,485,338,556,264,499,245,43,4,240,9889,326,3,3,0,0,3,73,500,5,2456,4,3157,40707,7148,961,125,174,0,3051,1779,16980,0,40228,11105,626,1383,31,23,7325,570,402,14,0,17,18,0,10,0,0,15,33,34,0,0,0,4,22,0,0,33,0,738,0,161,249,1114,59,0,0,0,127,16,0,8,3,0,3,27,12,8050,3,1021,0,72960,0,171,0,0,26176,"Sydney - Baulkham Hills and Hawkesbury",4,37,3,0,0,823,3,0,79,519,0,0,602,0,3,6135,3749,17,6162,23693,0,0,8,0,953,3,921,"115",4,942,17,3,7,870,0,0,21110,5,6,139,406,6,4,5,5
523,332,3360,4305,4201,3926,61,2602,3739,4247,881,142,41,150,15,1406,653,420,3169,3593,3658,0,3652,0,3,0,0,0,28,1278,107235,13,2262,3396,541,606,515,641,663,649,563,565,587,30,8,627,25878,727,3,25,25,30,34,22,422,35,5590,22,4484,62851,22495,1852,375,267,0,3786,3867,18665,0,93290,22162,966,1972,39,50,16818,477,752,26,0,25,27,0,25,0,5,13,32,74,10,6,0,6,32,0,4,20,0,1468,8,198,607,1701,102,0,0,0,369,4,0,24,3,0,0,41,26,18361,23,2533,0,137773,0,164,0,0,30021,"Sydney - Blacktown",0,40,4,3,0,2701,5,0,23,1615,4,0,1727,0,3,13067,5297,14,20493,44112,0,0,5,0,3011,5,2726,"116",3,3012,37,4,4,3035,3,3,38144,0,9,206,718,4,3,0,5
2808,1859,5994,8073,10600,13628,127,9128,5193,6661,558,59,31,59,5,964,391,375,3396,4620,5985,0,8133,0,0,3,0,0,16,1156,93832,13,7250,10808,2458,1447,222,2085,2031,2037,634,1791,929,18,10,1549,19352,922,3,13,21,23,34,8,291,51,6872,41,4672,47728,13336,1362,189,129,0,4950,6392,20635,0,75317,13416,1493,1786,87,69,7435,335,1799,3,0,25,6,0,4,0,21,12,29,41,6,9,0,5,18,0,0,21,0,1438,10,278,758,1458,230,0,0,0,105,0,3,9,0,0,0,12,24,8459,6,4796,0,140171,0,264,0,0,46119,"Sydney - City and Inner South",0,27,0,0,0,8730,0,0,11,5662,3,0,2924,0,14,17963,5239,5,11916,27049,0,0,5,0,3963,3,3011,"117",5,6655,14,0,3,5033,0,0,19991,4,0,85,490,4,3,4,3
2159,1234,6940,5018,5870,7368,36,5120,3658,4266,270,14,58,21,6,343,981,102,1615,2200,2887,0,3793,3,0,0,0,0,6,1468,52571,26,3876,5207,2072,374,554,2136,668,2060,151,2040,239,34,8,639,13230,532,16,4,7,11,14,10,1031,18,2771,15,5111,44232,6276,422,137,181,0,5957,3746,24009,0,46061,10460,1235,2755,44,24,4135,1152,529,9,0,13,21,0,5,0,7,8,16,55,3,3,0,0,15,0,4,20,0,1584,0,181,473,2504,84,6,0,0,459,37,0,7,4,0,0,27,11,4499,11,2055,0,102966,0,148,0,0,49840,"Sydney - Eastern Suburbs",0,50,0,0,0,4518,0,0,22,3222,0,0,1498,0,0,6240,5663,9,5839,20171,0,0,9,0,2037,0,1510,"118",0,3405,9,0,0,2642,0,0,17261,0,0,100,1039,4,0,0,4
725,487,3323,9877,10520,10731,365,6819,6446,7715,1473,139,112,169,13,5010,1610,1318,5706,7017,9091,0,9788,0,0,0,0,0,31,4107,222118,21,6314,9990,723,2304,386,780,2664,690,1739,734,2379,37,23,1964,36788,2980,0,37,37,62,51,11,888,53,29820,47,14638,130440,33441,6275,705,508,0,3535,9063,22555,0,164082,28956,1285,5892,164,174,20250,1020,3079,49,0,88,59,0,32,0,20,56,99,92,17,11,0,5,54,0,11,46,0,4861,9,818,2451,5005,561,0,0,0,178,12,0,57,0,0,0,71,70,25402,40,7591,0,257357,0,681,0,0,34846,"Sydney - Inner South West",7,116,3,0,4,7271,9,0,21,4302,3,0,4338,0,24,56555,16638,12,26998,107791,0,0,7,0,5236,3,4342,"119",9,7430,62,4,4,6650,0,0,77270,4,11,382,1809,3,9,4,11
860,508,3701,5780,6512,6926,144,4166,3860,4803,582,49,49,82,4,1529,1049,516,2958,3925,4900,0,5668,0,3,0,0,3,5,2548,93436,10,3650,6061,844,1149,177,880,1372,876,717,902,908,12,8,922,18615,1691,11,10,29,23,35,18,438,36,9284,26,7212,57010,14913,2086,242,168,0,3517,4363,18574,0,72969,13183,946,3413,86,40,8080,532,1406,17,0,32,15,0,18,0,4,23,41,44,0,3,0,4,29,0,3,23,0,2858,4,346,1482,2987,234,3,0,0,102,8,0,23,0,0,0,40,16,9658,16,3321,0,125222,0,318,0,0,31610,"Sydney - Inner West",0,70,0,3,0,4653,0,0,23,2704,0,0,1868,0,3,19884,7993,6,12743,38397,0,0,7,0,3179,4,2424,"120",0,4482,28,3,3,3969,3,4,28870,0,0,133,1150,7,3,4,3
1823,1044,8205,6054,6426,7261,48,4318,5289,5680,452,40,89,84,8,1349,796,487,3389,3909,4311,0,4701,0,0,0,3,0,10,1262,92254,7,3269,5434,1723,936,160,1737,1315,1764,615,1896,770,22,6,940,24528,562,24,21,19,5,27,21,1436,21,4626,15,6730,72765,16315,1928,189,292,0,8472,4322,37559,0,77740,21588,1585,3158,62,32,11715,1659,1108,39,0,34,29,0,18,0,6,37,44,59,8,3,0,3,31,0,0,46,0,1471,3,231,444,2714,114,3,4,0,58,44,0,16,0,3,0,54,18,13113,19,2674,0,158225,0,266,0,0,65813,"Sydney - North Sydney and Hornsby",3,137,3,0,0,4097,4,0,31,2312,3,0,1533,0,3,14068,7681,16,14309,35154,0,0,18,0,3274,3,2884,"121",3,3738,24,10,10,3535,0,3,30332,3,3,223,887,6,5,12,9
1013,537,6239,2468,2630,2470,20,1439,2245,2316,192,27,39,23,5,244,398,59,875,986,1174,0,1447,0,0,0,4,0,10,599,27851,33,905,1460,1182,197,274,1290,224,1332,80,1376,111,50,6,239,10913,231,7,6,3,10,11,110,962,4,1429,5,3906,36635,4668,335,101,130,0,6276,2108,24600,0,24548,9841,1113,1925,49,17,3293,1105,207,6,0,10,15,0,4,0,0,23,12,52,3,4,0,3,9,0,0,5,0,696,4,186,193,1576,69,5,3,0,199,23,3,4,3,0,4,19,9,3564,9,801,0,73076,0,268,0,0,44944,"Sydney - Northern Beaches",0,93,0,0,0,1232,0,0,118,661,0,0,578,0,0,3113,4356,5,4319,11981,0,0,13,0,901,0,810,"122",0,1242,7,5,11,1056,0,0,10451,0,0,73,456,8,3,3,5
280,142,1543,1597,1372,1368,13,834,1531,1476,367,45,14,49,4,477,200,149,1193,1143,1220,0,1098,0,0,0,0,0,8,374,40297,8,685,1083,274,174,157,373,196,336,137,336,199,24,13,160,8702,207,3,10,11,9,14,11,426,7,2542,4,2998,37711,7151,641,186,90,0,1917,1980,17879,0,34998,7853,888,972,27,29,5406,496,258,6,0,10,5,0,8,0,4,8,17,63,0,0,0,3,7,0,3,8,0,455,3,125,166,801,46,0,0,0,60,0,0,4,0,0,0,12,14,5931,9,1033,0,64423,0,122,0,0,23967,"Sydney - Outer South West",0,70,3,0,3,880,0,0,12,519,3,0,746,0,5,4937,3333,3,6466,19770,0,0,7,0,997,3,1032,"123",0,910,10,3,3,1014,0,0,17038,3,0,78,237,3,0,3,4
269,135,1812,1229,1159,1040,25,668,1113,1267,220,21,16,37,5,288,343,67,763,830,936,0,882,0,0,0,0,0,6,509,27595,18,524,773,275,151,438,296,149,440,91,349,122,33,7,129,6370,194,6,10,6,10,0,10,763,10,1449,3,4035,38670,4547,381,107,72,0,2299,2169,24608,0,24322,5791,963,1469,25,18,3179,877,235,5,0,0,7,0,7,0,0,8,9,52,0,0,0,0,12,0,0,7,0,582,0,186,161,1280,49,0,0,0,368,7,0,4,0,0,3,9,3,3493,3,837,0,59480,0,156,0,0,31448,"Sydney - Outer West and Blue Mountains",0,103,3,0,0,617,0,0,14,399,0,0,585,0,3,3049,4386,4,4132,14010,0,0,8,0,737,0,689,"124",0,729,11,3,3,806,0,0,12455,0,0,42,378,0,0,0,0
791,562,3156,11577,11005,11017,156,7248,7240,9526,1351,176,73,199,9,4942,867,1529,6580,8754,10785,0,10162,0,0,0,0,3,20,2082,194453,20,6665,10210,829,2166,1298,785,2454,766,2428,653,3046,31,19,1921,39869,1477,4,53,66,57,67,13,637,73,17869,50,7638,89736,36692,6592,489,443,0,3089,8274,17688,0,147599,29710,1136,3303,104,127,21480,773,2536,25,0,63,50,0,31,0,19,31,69,80,18,16,0,9,63,0,11,51,0,2516,9,478,1198,2718,278,0,0,0,1113,3,0,39,0,0,0,49,36,26600,16,6021,0,225200,0,420,0,0,29446,"Sydney - Parramatta",3,126,4,5,12,7686,0,0,17,4694,6,0,3358,0,23,45504,9168,11,29903,71973,0,0,4,0,6259,6,4998,"125",3,7923,47,3,3,7679,8,8,53611,14,0,359,995,3,3,15,0
422,298,1654,3356,4036,4442,98,2688,2629,3159,350,42,58,47,3,1178,447,415,2257,2770,2989,0,3664,0,0,0,3,0,6,907,64664,18,2375,4019,365,824,181,363,1006,385,524,367,585,29,9,699,12284,620,3,0,11,12,15,37,435,14,4402,11,3451,36254,10621,1644,154,192,0,1903,2730,10957,0,52150,10520,540,1746,70,38,7388,526,886,17,0,41,24,0,8,0,8,33,46,41,3,3,0,4,18,0,0,26,0,1162,3,203,452,1347,179,0,0,0,101,9,0,11,0,0,0,16,16,8612,3,2093,0,82098,0,299,0,0,17256,"Sydney - Ryde",4,78,0,0,3,2993,0,0,50,1669,0,0,1165,0,12,12164,4128,5,8933,25263,0,0,8,0,2245,3,1843,"126",5,2824,13,4,4,2383,0,0,20703,7,0,154,535,3,4,6,0
336,152,1725,6408,5056,4678,239,3111,4190,4569,1314,137,100,122,15,4721,923,1335,3823,4154,6052,0,4717,0,0,0,0,0,14,2844,165231,3,2948,4335,330,2021,261,357,2012,412,1493,357,2547,15,12,1913,21863,2342,3,15,15,32,32,10,342,38,27794,28,9012,110450,20123,5477,765,364,0,1934,5659,15251,0,112516,21132,763,3789,41,129,14329,383,2088,61,0,75,63,0,35,0,15,42,97,89,5,7,0,4,52,0,3,53,0,3384,10,380,1892,3201,286,3,0,0,113,3,0,59,0,0,0,79,42,19185,26,4792,0,187114,0,326,0,0,21629,"Sydney - South West",9,31,12,3,15,2285,8,0,21,1003,24,0,2570,0,8,51396,10326,21,14529,95108,0,0,8,0,2643,24,2474,"127",13,2668,76,14,14,3467,3,8,66556,15,10,268,1001,24,16,15,8
263,118,1968,874,816,728,23,368,837,874,127,6,14,6,0,192,290,59,445,506,479,0,484,0,3,0,0,0,0,446,18051,8,245,466,333,77,64,388,127,371,84,392,70,10,3,70,4282,185,0,0,0,0,0,6,627,4,1282,3,2826,25032,2311,280,81,52,0,2190,1155,14620,0,15532,4418,620,1253,28,18,2024,707,153,5,0,4,9,0,0,0,0,3,14,25,0,0,0,0,6,0,0,6,0,527,0,135,148,1082,60,0,0,0,31,4,0,5,0,0,0,6,13,2221,8,500,0,39379,0,139,0,0,21267,"Sydney - Sutherland",3,73,0,0,0,332,0,0,14,170,0,0,326,0,7,2388,3094,5,2033,10388,0,0,5,0,420,4,382,"128",3,412,6,0,0,411,0,0,9024,0,0,45,326,4,7,0,0
111,53,694,366,342,381,4,289,332,419,40,9,4,6,3,27,116,13,192,253,231,0,233,0,0,0,0,0,0,141,5243,5,227,273,111,51,98,134,50,162,28,135,32,11,0,55,1963,24,3,0,4,0,0,4,304,0,148,0,1489,9589,1276,96,17,21,0,654,702,7777,0,4641,1233,444,525,8,8,539,351,51,0,0,0,0,0,0,0,3,5,0,34,0,0,0,0,0,0,0,3,0,161,3,67,22,451,12,0,0,0,61,0,0,0,0,0,0,4,0,580,0,197,0,15619,0,56,0,0,10287,"Ballarat",0,40,0,0,0,220,0,0,11,177,0,0,132,0,0,559,1600,0,1172,1789,0,0,7,0,222,0,173,"201",0,183,3,0,0,197,0,0,1619,0,0,13,126,0,0,0,0
83,37,647,444,361,380,4,220,331,330,56,3,7,7,0,32,50,44,227,227,336,0,289,0,0,0,0,0,3,67,4814,7,184,293,74,101,268,110,130,98,40,105,100,13,0,91,2031,21,3,3,3,0,5,3,271,4,90,0,997,7586,1381,217,20,12,0,656,885,6423,0,3831,1134,393,394,3,8,442,313,94,0,0,0,3,0,3,0,0,0,3,16,0,0,0,0,4,0,0,0,0,77,0,82,15,343,7,0,0,0,248,10,0,3,0,0,0,4,4,476,4,249,0,13708,0,43,0,0,8618,"Bendigo",0,32,0,0,0,162,0,0,5,98,0,0,146,0,0,932,1115,0,1159,1150,0,0,0,0,189,0,180,"202",0,190,3,0,0,231,0,0,1036,0,0,10,56,0,0,0,0
321,171,2151,1361,1163,1378,37,910,1045,1128,207,14,7,22,3,136,512,75,570,767,1003,0,837,0,0,0,0,0,6,746,18762,13,732,1053,323,153,378,361,240,365,121,469,209,34,3,219,5580,264,3,3,3,9,7,11,884,6,1465,9,4239,25407,3421,308,114,42,0,1680,1847,17125,0,15396,3113,828,1869,61,22,1290,990,234,3,0,0,4,0,0,0,0,8,0,70,3,3,0,0,7,0,0,3,0,856,0,208,224,1645,96,0,0,0,293,8,0,3,0,0,0,13,20,1431,14,726,0,42931,0,204,0,0,23793,"Geelong",0,93,0,0,0,806,0,0,25,510,0,0,469,0,3,3160,4542,0,3087,8218,0,0,12,0,641,0,488,"203",3,678,5,0,0,787,0,0,6638,0,0,32,573,3,3,0,3
119,62,624,273,287,408,6,291,344,351,67,4,8,9,0,24,210,28,208,245,181,0,173,0,0,0,0,0,0,275,5475,7,230,285,113,33,122,91,82,115,22,138,20,18,0,91,1648,70,0,0,0,5,0,4,413,3,275,5,1839,11117,1022,76,37,21,0,646,829,8637,0,4671,1030,453,761,12,7,352,449,96,0,0,0,3,0,3,0,0,3,0,54,3,0,0,0,3,0,0,3,0,289,3,72,55,705,20,0,0,0,54,8,0,0,0,0,0,4,6,382,6,321,0,16582,0,52,0,0,10990,"Hume",0,26,0,0,0,196,0,0,20,136,0,0,218,0,0,742,1952,0,942,2428,0,0,13,0,216,0,183,"204",0,142,0,0,0,164,0,0,2119,0,0,7,219,0,0,0,0
146,88,1222,488,540,529,13,243,469,559,94,4,11,6,0,64,357,29,234,309,285,0,350,0,0,0,0,0,0,474,8976,17,161,384,189,68,436,205,98,249,49,227,52,42,6,47,2826,123,4,0,0,0,0,14,925,0,528,0,4190,22628,1600,135,62,37,0,1110,1627,17972,0,7690,1796,880,1549,8,11,608,1019,125,3,0,0,3,0,0,0,0,0,3,92,3,0,0,0,4,0,0,5,0,498,0,194,111,1416,20,3,0,0,333,8,0,0,0,0,0,4,7,683,6,415,0,31713,0,109,0,0,22296,"Latrobe - Gippsland",0,71,0,0,0,281,0,0,26,111,0,0,276,0,0,1193,4439,3,1459,4559,0,0,17,0,257,0,207,"205",0,276,0,0,0,237,0,0,3974,0,0,20,373,0,0,0,3
4688,3106,10006,12663,16226,20713,125,14393,8511,10668,883,67,43,107,10,1181,1385,451,5181,7076,9026,0,12257,3,3,0,0,0,20,3576,137845,10,11273,15999,3958,1500,404,3625,2310,3588,688,3324,999,26,4,2077,29108,2328,12,26,21,41,63,23,800,72,12113,59,10439,73782,19083,1604,319,183,0,7261,8482,32142,0,112164,17737,2330,4762,66,98,9225,889,1879,14,0,24,6,0,7,0,12,5,35,75,15,8,0,12,18,0,3,10,0,3848,8,353,2151,4375,202,3,0,0,254,6,0,10,4,0,0,28,49,10467,37,5909,0,212282,0,288,0,0,74033,"Melbourne - Inner",0,59,3,0,0,13625,5,0,27,9134,0,0,3931,0,12,24798,11162,9,17374,41574,0,0,6,0,6362,3,4703,"206",0,10703,21,3,3,7984,3,3,29133,0,4,118,1476,9,0,3,7
905,545,3635,5524,6515,7189,78,4347,4049,4931,506,43,58,56,13,1435,1228,623,3214,4047,4810,0,5801,3,0,3,3,0,10,2272,97330,19,3797,6278,699,1460,214,712,1806,879,838,825,1048,36,4,1195,19182,1177,10,7,15,16,28,53,1149,25,7304,16,8643,62016,15540,2513,257,201,0,3788,4443,22225,0,77115,14495,917,3882,79,43,9222,1262,1485,33,0,36,27,0,17,0,7,20,50,45,5,5,0,0,39,0,0,36,0,2557,0,338,1022,3421,164,0,4,0,129,9,0,25,0,0,0,39,34,10699,23,3393,0,132677,0,314,0,0,35133,"Melbourne - Inner East",0,93,6,3,3,4447,5,0,61,2583,3,0,1865,0,8,19712,9559,10,12975,39744,0,0,5,0,3196,3,2584,"207",9,4313,33,4,5,3750,6,6,32176,7,8,216,1347,3,6,12,11
1279,786,6391,4452,5430,5756,56,3443,3878,4345,408,34,77,47,12,503,1363,268,2352,2787,3147,3,4162,0,0,0,0,0,10,2147,68156,25,2652,4468,1261,655,292,1306,819,1553,323,1527,447,66,3,624,17252,867,23,9,11,18,9,41,1795,22,4657,12,8230,61838,10855,945,214,213,0,6077,3395,32563,3,57867,12675,1271,4395,58,31,6060,1992,634,18,0,23,16,0,9,0,9,16,34,121,3,3,0,3,26,0,5,14,0,2333,0,293,766,3970,120,3,0,0,140,37,0,11,0,0,0,52,27,6595,20,1988,0,122457,0,279,0,0,54007,"Melbourne - Inner South",3,115,0,0,0,3628,4,0,75,2013,0,0,1316,0,9,9881,8978,11,9861,29154,0,0,28,0,2446,0,2072,"208",3,3501,19,0,0,2685,0,0,24286,4,4,143,1440,0,7,3,10
711,422,4235,5972,5790,5697,190,3568,4365,5011,867,60,22,133,8,1239,1199,544,3449,4054,5183,0,5063,3,4,0,0,0,16,2625,108759,20,3134,4978,728,1006,259,788,1167,951,642,921,1081,35,7,902,23740,1639,4,14,23,36,28,23,720,32,11409,28,10348,73119,19494,2124,416,136,0,3601,4982,23738,0,86366,14079,1219,3820,92,106,9175,809,1404,20,0,12,15,0,13,0,14,10,15,76,3,3,0,4,25,0,3,20,0,2981,0,585,1406,3356,288,0,0,0,141,7,5,13,0,0,0,30,32,10471,25,3621,0,146326,0,382,0,0,37307,"Melbourne - North East",0,66,0,0,5,3782,3,0,32,2202,3,0,2110,0,4,21521,11312,6,17236,49309,0,0,6,0,3388,5,2888,"209",3,4033,26,0,0,4069,0,0,37489,5,7,133,1309,5,8,6,7
432,215,2460,5134,4532,4146,189,2879,3643,3885,832,60,37,119,3,1525,1085,626,3024,3324,4621,0,4089,0,0,0,0,0,24,2243,92748,15,2653,3714,434,864,438,504,949,556,601,616,1206,33,10,1081,18908,1394,4,20,32,37,37,22,661,41,9193,21,8311,59320,16425,2079,390,108,0,2401,4316,17160,0,72685,12088,891,3319,52,84,8089,715,1108,18,0,23,41,0,16,0,7,22,30,74,5,7,0,0,13,0,0,24,0,2575,5,449,1133,2912,248,0,0,0,303,5,0,24,0,0,0,33,29,9676,18,3124,0,118853,0,315,0,0,25667,"Melbourne - North West",3,45,3,4,3,2726,4,0,31,1558,4,0,1930,0,9,19239,9113,4,14228,42090,0,0,12,0,2696,4,2387,"210",3,3192,25,3,9,3380,4,4,32503,3,4,115,1148,7,3,3,4
505,244,4147,3395,3322,3167,49,1592,3261,3623,380,49,59,59,11,981,1014,522,2512,2860,2832,0,2784,4,0,0,0,0,9,1549,70079,11,1348,2650,542,818,226,562,927,761,690,741,819,48,9,567,19097,612,8,6,11,12,20,28,1873,13,4208,14,8866,69289,14945,2144,148,198,0,4448,3439,40555,0,57255,14083,1463,3874,85,60,8589,2064,769,32,0,23,19,0,5,0,4,21,30,106,4,0,0,0,15,0,3,37,0,1772,3,315,520,3437,163,3,0,0,77,24,0,3,0,0,0,23,30,9616,5,1894,0,124273,0,337,0,0,53963,"Melbourne - Outer East",5,147,3,0,0,1716,0,0,41,775,0,0,1073,0,23,12444,9699,10,12741,28628,0,0,14,0,2159,0,1990,"211",5,1944,11,3,3,2007,0,0,24274,3,5,183,1123,0,3,3,6
1211,830,8809,13937,13201,13619,187,8656,10304,13000,1776,204,123,296,9,4345,1571,1601,8666,11173,12454,0,11931,4,3,0,0,3,36,3479,245311,28,7811,12396,1262,2542,590,1472,3104,1809,2461,1638,3065,70,45,2419,60327,2204,27,39,68,94,77,26,1928,76,20621,54,15822,140981,51477,6583,683,404,0,8159,9705,49477,0,194090,39093,2261,6284,146,174,26340,2194,2714,55,0,62,70,0,31,0,10,36,82,203,15,10,0,22,54,0,11,81,0,4020,7,677,1868,5447,356,3,0,0,230,39,3,48,0,3,0,86,64,30891,37,7219,0,322825,0,562,0,0,76926,"Melbourne - South East",9,183,10,3,8,9220,0,0,71,5334,12,0,4330,0,24,49450,17692,18,44595,91302,0,0,39,0,8646,15,7024,"212",12,9309,60,12,12,9290,5,10,69999,8,3,470,1751,13,11,5,5
1509,800,9528,12240,11374,10829,156,6555,9534,11391,1715,177,66,310,18,3114,1406,1278,7334,8976,10266,0,9674,0,0,0,0,0,36,3095,217672,31,5736,9291,1692,1880,1198,1966,2292,2405,1707,2189,2274,58,38,1844,55679,1896,13,36,75,63,59,17,945,71,21487,54,12322,123606,46107,5611,706,269,0,7265,9500,35797,0,172219,33377,2062,4593,110,177,22785,1067,2251,28,0,33,40,0,27,0,15,23,45,140,24,16,0,12,46,0,14,58,0,3501,9,553,1663,4051,284,0,0,0,894,15,0,27,3,0,0,56,47,26073,31,6541,0,284084,0,391,0,0,65215,"Melbourne - West",0,90,4,0,5,6934,4,0,23,3844,5,0,4112,0,19,43738,13625,15,40197,87668,0,0,12,0,7198,3,6020,"213",0,7731,49,7,7,7925,0,0,65477,9,6,261,1554,10,0,9,5
376,180,3667,1141,1033,861,48,502,1300,1163,182,21,22,18,0,145,397,46,488,501,518,0,622,0,0,0,0,0,6,516,16712,15,317,486,413,99,156,626,121,659,36,800,67,40,7,94,6490,154,12,3,0,3,5,5,1482,3,826,3,5906,36792,2819,220,101,96,0,3313,1957,28278,0,14701,5241,1294,2338,59,22,1752,1686,174,14,0,7,9,0,4,0,8,9,7,79,3,0,0,0,9,0,0,16,0,631,4,243,104,2007,106,3,3,0,50,20,0,0,0,0,0,15,13,1923,15,610,0,56474,0,287,0,0,39603,"Mornington Peninsula",0,171,0,0,0,364,0,0,26,218,0,0,420,0,3,1835,6368,0,2582,8428,0,0,14,0,460,0,441,"214",0,520,4,0,0,442,0,0,7499,0,0,64,459,0,0,3,5
94,57,441,504,430,528,3,386,429,490,76,4,0,9,0,103,103,77,324,386,379,0,358,0,0,0,0,0,3,179,7208,3,320,428,77,105,248,127,162,104,125,102,78,17,3,153,2005,71,0,0,6,0,3,4,194,4,504,4,1073,6575,1566,269,31,14,0,401,976,4182,0,5361,1015,292,444,21,15,512,231,202,0,0,0,0,0,0,0,8,0,0,27,0,0,0,0,0,0,0,3,0,200,0,70,64,380,27,0,0,0,202,0,0,0,0,0,0,0,7,612,3,479,0,13329,0,59,0,0,5870,"North West",0,32,0,0,0,259,0,0,12,165,0,0,266,0,3,1771,1167,0,1287,2364,0,0,7,0,255,0,240,"215",0,250,0,0,0,297,0,0,1830,0,0,3,127,0,0,0,0
103,52,511,714,596,598,14,347,462,513,88,12,0,24,0,174,103,60,325,394,586,0,479,0,0,0,0,0,3,177,8243,0,287,494,118,146,78,127,153,121,96,139,152,9,4,126,2499,95,0,0,0,4,0,3,197,3,490,0,1190,6900,1985,279,32,14,0,475,689,4408,0,6343,1354,298,446,16,10,696,220,130,3,0,0,3,0,0,0,0,0,0,19,3,3,0,0,0,0,0,6,0,220,0,67,81,385,31,0,0,0,46,0,0,3,0,0,0,0,3,879,0,344,0,14674,0,57,0,0,6360,"Shepparton",0,23,0,0,0,331,0,0,7,160,0,0,206,0,0,1808,1294,0,1689,2462,0,0,3,0,299,0,265,"216",0,322,0,0,0,432,0,0,1941,0,0,8,120,0,0,0,3
94,33,614,262,265,333,0,253,246,282,23,0,3,3,0,27,61,11,103,163,158,0,169,0,0,0,0,0,0,77,2845,3,219,242,99,56,45,101,110,114,18,139,16,8,3,110,1195,11,3,0,0,0,0,0,214,0,52,3,803,5248,584,49,12,10,0,587,440,4493,0,2304,901,270,340,0,0,286,248,71,0,0,0,0,0,0,0,0,0,3,22,0,0,0,0,0,0,0,0,0,86,0,38,11,291,0,0,0,0,13,0,0,0,3,0,0,3,3,313,3,164,0,9429,0,37,0,0,6541,"Warrnambool and South West",0,33,0,0,0,128,0,0,3,109,0,0,92,0,0,521,865,0,530,732,0,0,4,0,149,0,93,"217",0,112,0,0,0,146,0,0,673,0,0,7,65,3,0,0,0
561,278,6367,1368,996,984,10,520,1791,1637,105,9,37,27,3,98,189,30,501,545,527,0,435,0,0,0,0,0,15,257,13032,16,244,423,553,56,149,839,75,1090,42,1285,40,31,3,52,9426,85,23,0,3,4,0,7,692,4,521,3,2835,25664,3043,139,38,130,0,5328,1366,20512,0,11767,7170,926,1143,18,11,1720,826,93,11,0,3,12,0,0,0,0,10,11,48,3,0,0,0,9,0,0,12,0,305,0,126,62,957,25,3,3,0,73,31,4,3,5,0,0,30,0,1831,0,368,0,50916,0,103,0,0,37734,"Brisbane - East",0,61,0,0,0,346,0,0,21,189,0,0,263,0,0,1159,3240,6,2882,5101,0,0,9,0,503,0,477,"301",0,382,8,0,0,481,0,0,4540,0,0,95,215,5,3,3,3
449,233,3783,1911,1908,1628,5,1109,1956,2112,188,17,15,35,0,178,205,102,1173,1331,1391,0,1372,0,0,0,0,0,8,341,25176,11,880,1183,527,180,205,514,194,779,147,779,166,18,0,274,11014,153,10,9,3,8,7,20,507,5,854,7,2137,20841,7225,408,69,60,0,3029,1547,13819,0,22279,5951,699,993,12,26,2726,577,209,10,0,5,9,0,0,0,0,3,5,27,0,8,0,4,11,0,0,9,0,396,0,94,132,851,35,0,0,0,144,13,0,4,0,0,0,13,16,2926,5,699,0,49984,0,102,0,0,24596,"Brisbane - North",0,50,0,0,3,980,0,0,24,598,0,0,467,0,7,2716,2374,3,6783,6998,0,0,3,0,1182,5,1066,"302",0,1186,5,0,0,1214,0,0,6069,3,3,36,231,3,0,3,3
877,469,5233,6179,6287,6342,51,3831,4967,5322,487,65,38,97,3,1510,404,566,3920,4288,5320,4,5397,0,0,0,0,0,16,793,88275,12,3347,5446,883,1134,236,858,1406,1037,803,1043,1174,29,11,1062,25441,484,3,19,18,18,22,11,655,36,4711,19,3771,46400,20191,2590,143,164,0,4802,4138,20872,0,71567,16757,1086,1760,38,51,10372,781,1268,19,0,22,18,0,8,0,18,14,33,54,19,6,0,3,18,0,0,20,0,952,8,211,384,1454,99,0,0,0,87,7,0,15,0,0,0,21,10,11948,3,2960,0,125675,0,224,0,0,37168,"Brisbane - South",3,109,0,0,0,3996,3,0,24,2266,0,0,1651,0,8,16221,4372,8,17505,25473,0,0,4,0,3464,3,3329,"303",3,4241,13,3,3,4121,3,3,20622,3,5,134,464,3,3,3,3
560,428,4284,2067,2367,2798,11,2246,1820,2051,124,11,28,16,0,149,146,56,942,1200,1382,0,1739,0,3,3,0,0,4,212,24316,12,1820,2229,630,194,91,679,303,849,101,873,119,25,4,341,8586,80,16,0,5,9,8,19,467,12,719,7,1789,22047,4303,265,40,72,0,4016,1354,14834,0,21782,6882,661,858,13,18,2709,566,169,6,0,8,9,0,8,0,0,7,7,36,0,0,0,3,16,0,0,9,0,261,0,100,60,693,25,0,0,0,46,23,0,0,3,0,3,20,3,2866,5,648,0,52226,0,96,0,0,27815,"Brisbane - West",0,49,0,0,0,1925,0,0,31,1477,0,0,464,0,0,2410,2082,6,4023,7181,0,0,11,0,1096,3,883,"304",0,1532,0,0,3,1251,0,0,6421,3,0,66,175,6,0,3,6
1417,1072,4880,4150,5082,6260,40,4958,2946,3587,176,6,15,24,0,234,201,104,1615,2330,2904,0,3792,0,0,0,0,0,8,382,37876,3,3877,4836,1289,458,86,1245,838,1263,184,1328,284,3,0,994,11303,224,7,8,10,13,10,0,303,23,975,25,1648,23399,6417,335,40,32,0,4130,3007,16264,0,32587,7132,978,797,16,23,2756,339,713,9,0,3,0,0,7,0,5,11,3,26,3,4,0,3,7,0,0,3,0,450,0,91,176,687,60,0,0,0,41,7,0,0,0,0,0,6,6,2997,3,1991,0,71833,0,86,0,0,33863,"Brisbane Inner City",0,23,0,0,0,3975,0,0,5,2862,0,0,1253,0,3,5119,1824,0,6063,7115,0,0,5,0,2138,0,1503,"305",0,3327,0,0,0,2610,0,0,6103,0,0,26,221,0,3,0,3
489,371,3089,1489,1415,1551,10,1085,1427,1508,185,7,22,31,3,197,221,141,806,911,958,0,956,0,0,0,0,0,9,349,18605,0,704,1057,451,222,137,530,265,596,132,615,207,13,3,254,7205,151,3,4,9,10,11,0,433,4,779,9,2636,23544,4105,412,81,64,0,2783,1939,17285,0,15472,4777,977,909,19,20,1777,502,332,3,0,5,4,0,0,0,9,11,3,58,3,7,0,0,7,0,0,10,0,399,3,107,128,788,32,0,0,0,46,18,0,0,3,0,0,6,8,1990,3,913,0,45928,0,80,0,0,27188,"Cairns",0,49,0,0,3,784,0,0,4,441,4,0,560,0,3,2947,2901,0,3665,6206,0,0,3,0,773,4,662,"306",0,729,7,0,0,737,0,0,5339,3,0,61,240,3,0,3,0
68,37,625,416,341,289,5,154,344,433,41,0,7,13,0,31,35,16,189,277,279,0,252,0,0,0,0,0,3,57,3690,0,114,224,87,30,31,137,64,156,20,157,31,4,0,28,1668,30,4,0,8,0,4,0,140,0,109,0,771,5387,1041,91,16,13,0,484,506,4502,0,3155,731,293,233,3,3,209,162,78,0,0,0,3,0,0,0,0,0,0,17,0,0,0,0,0,0,0,4,0,65,0,35,24,199,5,0,0,0,9,7,0,0,0,0,0,9,0,241,0,207,0,10265,0,18,0,0,6541,"Darling Downs - Maranoa",0,12,0,0,0,156,0,0,3,83,0,0,125,0,0,498,833,0,942,871,0,0,0,0,260,0,168,"307",0,224,3,0,0,245,0,0,748,0,0,10,40,0,3,0,0
248,144,2167,1091,883,802,0,441,1132,1430,66,12,7,7,0,93,36,53,556,817,642,0,575,0,0,0,0,0,11,45,9189,4,298,554,309,61,100,449,113,611,148,575,75,4,0,94,5242,16,3,3,6,6,4,3,206,3,109,8,923,10060,3063,321,15,22,0,1410,913,8570,0,7952,2304,526,313,7,5,795,254,103,0,0,0,3,0,0,0,3,0,0,23,0,0,0,0,9,0,3,0,0,54,0,72,12,249,5,0,0,0,57,7,3,0,0,0,3,3,0,891,0,327,0,24294,0,46,0,0,15005,"Central Queensland",0,33,0,0,0,431,0,0,3,203,0,0,221,0,0,1167,1046,0,2728,1468,0,0,0,0,666,0,497,"308",0,505,0,0,3,568,0,0,1339,0,0,18,40,0,4,0,0
2119,1365,17315,5383,5807,5465,36,3500,5183,5493,375,40,122,54,9,688,580,225,1886,2330,2725,0,3410,0,0,0,0,0,25,790,54237,11,2125,3330,2393,540,391,2649,698,3154,310,3285,428,48,19,627,28006,259,53,12,13,19,18,14,2167,24,2138,9,8520,74996,10663,998,149,484,0,13889,5680,56143,0,46545,20802,3366,3654,106,37,6171,2637,675,39,0,13,44,0,35,0,7,34,29,136,16,9,0,9,44,0,0,37,0,989,6,445,202,2980,143,8,12,0,165,93,5,10,3,9,8,66,11,6897,10,2149,0,160312,0,445,0,0,105680,"Gold Coast",0,289,0,0,0,2611,0,0,35,1492,0,0,1440,0,8,7322,10000,20,9610,18716,0,0,18,0,2012,0,1647,"309",3,2852,15,0,8,2282,3,5,16432,0,0,334,718,4,9,13,9
575,270,5197,2741,2209,2069,3,1122,2700,2946,368,43,13,81,0,655,163,241,1630,1815,1819,0,1561,0,0,0,0,0,19,323,37380,32,851,1495,643,367,833,916,462,1128,311,1066,398,42,7,355,14259,177,8,21,25,24,9,29,519,20,3197,11,2873,33127,9042,1249,104,97,0,4089,2894,20047,0,29409,9142,1067,968,11,35,4343,578,365,11,0,10,6,0,3,0,8,6,9,54,0,4,0,4,16,0,4,10,0,358,3,117,156,848,12,3,0,0,730,5,0,3,0,3,0,14,4,5038,4,1095,0,73205,0,85,0,0,34995,"Ipswich",0,36,0,0,0,1007,0,0,36,486,0,0,705,0,0,7601,3215,0,7716,13025,0,0,0,0,1489,0,1369,"310",0,1176,3,0,0,1401,0,3,9726,4,0,70,173,3,0,5,3
686,343,6426,3391,2371,2085,36,1448,2650,2985,398,46,33,91,4,578,172,307,1509,1662,2410,3,1609,0,0,0,0,0,30,345,37239,9,1113,1393,755,405,244,974,435,1319,333,1142,712,25,15,562,15173,220,9,18,7,24,16,13,737,18,1912,12,3532,41048,8720,1235,127,132,0,5526,2754,28235,3,29995,10509,1534,1348,26,27,4336,880,372,7,0,3,19,0,4,0,0,11,8,86,0,9,0,9,9,0,6,13,0,442,3,165,165,1094,65,0,6,0,90,18,3,3,3,0,0,12,7,4962,9,1127,0,84415,0,182,0,0,46933,"Logan - Beaudesert",0,107,0,3,0,944,3,0,23,533,0,0,730,0,3,6851,3980,7,7398,12731,0,0,11,0,1322,0,1183,"311",0,1186,5,0,5,1676,3,3,10689,0,3,80,215,5,3,7,5
231,136,2052,722,775,710,3,376,1019,1058,53,0,11,18,0,32,46,17,457,569,405,0,474,0,0,0,0,0,3,63,7460,5,239,481,299,70,56,318,123,489,34,563,30,10,0,75,4457,22,0,3,4,3,3,0,166,0,105,0,826,8744,2406,113,10,13,0,1387,839,7313,0,6652,2060,448,271,8,14,642,194,152,3,0,0,3,0,4,0,3,0,0,22,0,3,0,0,7,0,0,0,0,75,0,37,19,232,16,0,0,0,27,9,0,0,0,0,0,0,3,672,0,359,0,20759,0,33,0,0,13241,"Mackay - Isaac - Whitsunday",0,19,0,0,0,352,0,0,3,162,0,0,198,0,3,749,922,0,2278,1401,0,0,3,0,531,0,437,"312",0,402,0,0,0,366,0,0,1289,0,0,19,57,0,0,0,0
374,180,4362,990,785,968,3,635,1319,1286,121,12,28,13,0,115,134,37,493,531,438,3,412,0,0,0,0,0,7,169,10482,14,448,594,374,107,307,549,210,750,45,823,68,39,3,223,6359,36,7,10,3,0,3,25,843,8,317,3,3246,24555,1985,158,53,132,0,3371,1710,20588,0,8866,4550,979,1178,9,10,1048,956,220,5,0,0,3,0,0,0,0,10,3,69,0,0,0,0,12,0,0,14,0,185,0,126,32,1019,7,3,3,0,218,27,3,0,0,3,3,11,6,1175,4,511,0,43143,0,101,0,0,32357,"Moreton Bay - North",0,70,0,0,0,372,0,0,35,227,0,0,277,0,0,1496,3632,3,1816,3899,0,0,11,0,483,0,449,"313",0,302,0,0,3,368,0,3,3526,3,0,82,145,0,3,3,3
509,278,5700,1316,1003,940,0,635,1693,1660,97,12,12,27,0,71,86,27,634,625,475,0,441,0,0,0,0,0,11,101,12409,13,358,434,564,46,94,840,72,1035,47,1060,56,13,3,128,9601,28,14,0,5,4,3,19,329,0,221,7,1336,17607,3890,190,39,78,0,4000,1004,14054,0,11390,5728,659,517,4,3,1643,380,68,6,0,0,18,0,6,0,3,10,0,23,0,0,0,3,14,0,0,8,0,122,0,58,22,429,8,0,3,0,51,8,0,6,0,0,0,19,3,1722,0,294,0,41203,0,46,0,0,28691,"Moreton Bay - South",0,28,0,0,0,362,0,0,19,221,0,0,222,0,3,920,1612,0,3675,3537,0,0,3,0,576,0,612,"314",0,389,5,0,0,412,0,0,3277,0,0,78,87,0,0,3,0
96,66,531,285,297,228,3,149,359,384,25,3,0,3,0,7,17,7,152,197,161,0,203,0,0,0,0,0,0,28,2758,0,83,129,94,35,86,130,23,191,8,204,16,0,3,11,1214,11,0,0,0,3,3,0,39,3,80,0,314,3274,684,25,11,5,0,359,441,2488,0,2470,571,210,72,0,3,191,46,47,0,0,0,0,0,3,0,0,4,0,11,4,7,0,0,0,0,0,3,0,31,0,13,10,63,3,0,0,0,64,0,0,0,0,0,0,0,0,202,0,169,0,7204,0,11,0,0,4356,"Queensland - Outback",0,3,0,0,0,103,0,0,0,65,0,0,117,0,0,270,337,0,656,785,0,0,0,0,188,0,147,"315",0,163,0,0,0,145,0,0,696,0,0,3,17,0,0,0,0
954,479,8171,1803,1689,1752,15,1005,1780,1979,110,11,65,17,3,71,284,33,457,633,656,0,744,0,0,0,3,0,13,334,13342,24,522,797,945,85,232,1152,128,1341,43,1316,59,58,13,121,10978,65,33,0,5,7,3,38,1476,0,235,0,5504,37631,2790,116,47,324,0,6678,2128,32659,0,12221,8084,1549,2245,38,14,1319,1778,122,12,0,3,21,0,7,0,0,17,11,95,3,0,0,0,19,0,7,18,0,404,3,205,48,1834,53,0,4,0,99,54,0,3,7,0,3,39,10,1396,3,475,0,68824,0,288,0,0,55253,"Sunshine Coast",0,200,0,0,0,665,0,0,61,401,0,0,341,0,8,1014,6310,7,2653,4869,0,0,29,0,585,0,423,"316",0,659,3,3,6,593,0,0,4589,0,0,180,330,7,0,7,3
172,87,1181,1091,985,1171,0,748,642,801,65,6,16,13,0,80,44,49,423,574,871,0,796,0,0,0,0,0,3,55,9323,0,658,1001,184,172,55,227,283,228,85,213,154,5,3,184,3567,18,10,0,6,3,3,11,268,10,100,0,901,7389,2384,198,13,36,0,1078,690,6144,0,7822,2102,306,389,5,4,934,314,129,0,0,0,7,0,0,0,0,3,7,18,5,3,0,0,3,0,0,7,0,69,0,39,7,325,13,0,0,0,18,9,0,0,0,0,0,10,0,1024,0,363,0,19190,0,43,0,0,9812,"Toowoomba",0,23,0,0,0,700,0,0,8,468,0,0,229,0,0,1438,1016,3,2168,1225,0,0,3,0,480,0,374,"317",0,621,0,0,0,717,0,0,1121,0,0,21,51,0,0,0,0
353,219,2326,922,934,1047,8,602,1037,1028,97,14,12,20,0,55,152,47,563,549,571,0,599,0,0,0,0,0,6,257,10893,6,371,693,337,83,119,352,156,478,44,473,99,10,6,84,5248,121,8,0,3,3,4,0,281,6,417,0,1579,13971,2919,174,29,35,0,1768,1108,10869,0,9457,2864,582,622,13,12,1016,326,165,5,0,3,0,0,3,0,11,8,3,22,3,0,0,0,7,0,0,0,0,294,0,88,108,535,21,0,0,0,77,3,0,0,0,0,0,10,3,1088,3,449,0,28766,0,56,0,0,17749,"Townsville",0,36,0,0,0,527,0,0,3,290,0,0,267,0,3,1340,1755,5,2728,3082,0,0,0,0,503,0,517,"318",0,508,3,0,5,469,0,0,2639,0,0,26,167,0,0,0,0
285,128,1916,589,604,819,6,462,553,639,82,9,25,3,0,44,148,24,254,301,308,0,362,0,0,0,0,0,5,185,7773,21,324,537,244,69,208,274,162,343,37,298,45,40,3,121,3319,39,6,0,0,3,0,17,771,0,212,6,3797,23371,1392,88,43,130,0,1895,1628,20168,0,6727,2569,1025,1147,16,13,621,907,157,9,0,0,9,0,5,0,3,10,8,73,0,0,0,0,12,0,0,3,0,213,0,191,30,966,23,0,0,0,109,19,4,0,3,0,0,14,7,671,7,496,0,34557,0,132,0,0,26581,"Wide Bay",0,96,0,0,0,374,0,0,25,197,0,0,330,0,0,962,4209,8,1296,3129,0,0,8,0,259,0,228,"319",0,288,3,0,0,262,0,0,2872,0,0,49,172,3,7,0,0
559,412,2933,3341,4075,4796,53,2930,2396,3207,285,14,27,41,0,343,932,231,1838,2514,2769,3,3574,0,0,0,0,0,3,1694,47006,11,2512,4238,495,598,192,570,741,694,331,554,377,23,7,594,11413,815,7,5,12,8,14,12,1209,16,2692,16,6489,38302,8476,743,129,73,0,2600,2471,22270,0,39518,6211,858,3203,38,25,3248,1355,556,3,0,9,12,0,7,0,0,7,16,57,4,5,0,3,11,0,0,15,0,1817,3,236,741,2914,92,3,0,0,105,11,0,4,0,0,0,19,28,3600,20,1504,0,79140,0,224,0,0,31943,"Adelaide - Central and Hills",0,121,0,0,3,3478,0,0,19,1906,0,0,928,0,3,7205,6903,3,7690,15971,0,0,14,0,2169,0,1597,"401",0,2965,6,0,0,2382,0,0,13148,6,0,50,981,0,0,4,3
308,190,3173,4299,3352,3548,49,2398,3444,3758,506,59,28,99,6,1010,680,609,2962,3225,3869,0,2982,0,0,0,0,0,26,1190,64672,34,2210,3236,370,840,482,421,987,531,848,476,1117,93,7,1132,20102,583,7,15,19,29,16,45,2222,19,4636,23,9225,60852,16901,2377,162,86,0,2475,3511,40022,0,49915,9282,1426,3849,52,53,5731,2439,701,11,0,10,9,0,13,0,0,3,12,156,4,0,0,3,12,0,3,21,0,1340,0,344,500,3432,108,0,0,0,272,17,0,22,0,0,0,31,17,6800,13,1817,0,114544,0,349,0,0,49390,"Adelaide - North",0,195,0,0,0,2223,0,0,67,1050,5,0,1059,0,4,14251,9803,3,14426,20671,0,0,23,0,2366,5,2341,"402",0,2129,28,0,0,2715,0,0,15876,0,0,70,739,5,3,3,0
734,357,6624,2292,2468,2694,27,1805,2301,2636,194,15,25,32,8,209,620,147,1180,1366,1524,0,1758,0,0,0,0,0,11,845,30437,18,1443,1958,715,315,194,766,452,1268,179,1124,228,54,8,478,13213,253,6,9,6,10,12,16,1976,15,1299,12,6698,45464,6581,513,76,122,0,4025,2234,34492,0,26160,6956,1321,3138,52,21,2700,2147,262,20,0,0,11,0,5,0,4,14,13,104,3,0,0,0,13,0,0,21,0,951,0,247,213,2839,84,5,3,0,66,11,0,3,0,0,0,18,15,2920,8,848,0,82058,0,248,0,0,51430,"Adelaide - South",0,139,0,0,0,1493,0,0,32,954,0,0,564,0,8,4081,7229,4,6034,10869,0,0,14,0,1182,0,1027,"403",0,1429,8,0,0,1292,0,0,9491,0,0,84,692,0,3,3,6
328,248,2283,2482,2578,3019,88,1920,1846,2175,355,27,13,40,3,647,915,207,1416,1680,2061,0,2181,0,0,0,0,0,3,1922,44636,13,1670,2687,399,430,163,417,593,493,232,435,386,37,11,502,10505,1097,3,12,9,12,12,17,758,21,5614,13,5977,33765,8218,931,181,63,0,1409,2068,13967,0,34184,4956,546,2957,58,36,2872,825,555,3,0,8,4,0,4,0,4,5,12,73,0,3,0,0,0,0,0,10,0,2094,0,230,988,2692,151,4,0,0,70,4,0,10,0,0,0,16,20,3543,14,1458,0,65314,0,222,0,0,20525,"Adelaide - West",0,59,0,0,0,2071,0,0,33,1155,0,0,870,0,4,10096,6339,4,7252,19732,0,0,15,0,1439,0,1196,"404",0,1735,7,0,0,1659,0,0,13935,0,0,45,979,0,3,0,4
29,23,451,179,137,129,3,61,159,142,22,0,4,6,0,10,55,3,90,69,126,0,95,0,0,0,0,0,0,68,1820,3,39,96,39,15,36,48,12,72,7,67,17,14,0,7,785,18,0,0,0,0,0,0,296,4,58,0,1262,8063,331,23,10,7,0,336,427,7274,0,1642,474,344,402,3,4,130,311,7,0,0,0,0,0,3,0,0,0,0,22,0,0,0,0,0,0,0,0,0,80,0,45,13,365,5,0,0,0,13,4,0,0,0,0,0,3,0,137,0,73,0,10552,0,30,0,0,8697,"Barossa - Yorke - Mid North",0,16,0,0,0,85,0,0,3,29,0,0,55,0,0,160,1323,0,302,760,0,0,0,0,61,0,88,"405",0,75,3,0,0,111,0,0,697,0,0,4,65,0,0,0,0
49,22,326,198,163,185,3,77,218,242,27,3,0,4,0,7,59,5,142,160,136,0,106,0,0,0,0,0,0,70,2673,8,52,131,53,14,87,57,18,84,8,74,9,13,0,11,984,17,0,0,0,0,0,0,223,0,110,0,977,5858,659,19,8,4,0,206,402,4858,0,2422,408,237,336,5,8,189,251,27,0,0,0,0,0,0,0,0,0,0,20,0,0,0,0,0,0,0,0,0,81,0,56,14,295,11,0,0,0,64,0,0,0,0,0,0,0,0,201,0,101,0,8734,0,33,0,0,5976,"South Australia - Outback",0,28,0,0,0,110,0,0,0,47,0,0,71,0,0,224,1039,0,633,978,0,0,0,0,152,0,141,"406",0,97,0,0,0,128,0,0,857,0,0,7,64,0,0,0,0
141,76,948,589,619,698,16,361,479,618,75,3,3,16,0,76,204,73,328,448,445,0,485,0,0,0,0,0,3,261,7403,8,286,556,131,141,245,147,254,172,127,148,100,35,3,129,2419,67,8,0,3,4,0,7,659,3,345,0,2831,14839,1471,267,28,25,0,763,1290,12344,0,5610,1228,624,1031,20,15,384,721,213,3,0,0,0,0,0,0,0,4,0,53,3,0,0,0,3,0,0,9,0,297,0,138,51,924,34,0,0,0,184,3,0,0,0,0,0,8,3,465,0,482,0,23146,0,94,0,0,15498,"South Australia - South East",0,55,0,0,0,304,0,0,13,157,0,0,254,0,0,1716,3031,0,1195,2439,0,0,5,0,320,0,252,"407",0,345,3,0,0,334,0,0,2073,0,0,21,230,0,0,0,0
303,111,3049,1155,913,854,3,399,1025,1148,86,10,18,13,0,32,137,29,425,500,639,0,526,0,0,0,0,0,6,199,8274,7,288,551,382,57,119,514,121,650,40,601,64,9,3,101,5192,61,15,0,3,0,4,3,587,10,196,10,2248,18311,2134,118,33,53,0,2076,1277,16167,0,7308,2783,815,914,11,6,666,689,123,3,0,0,9,0,3,0,0,7,4,31,0,3,0,3,5,0,0,10,0,215,3,96,47,790,18,0,3,0,57,15,0,0,3,0,0,12,10,704,10,402,0,33058,0,86,0,0,24666,"Bunbury",0,68,0,0,0,422,0,0,10,176,0,0,273,0,0,886,2473,4,2008,2111,0,0,7,0,451,0,395,"501",0,464,0,0,0,575,0,0,1881,0,0,43,150,3,3,3,0
293,145,3098,951,777,556,3,262,1054,1147,53,11,3,10,3,18,62,11,283,388,374,0,336,0,0,0,0,0,3,69,4916,4,119,266,439,30,76,580,37,755,22,773,28,29,3,23,4478,14,5,3,8,3,0,8,537,4,54,4,2209,13063,1374,69,14,56,0,1646,717,11854,0,4543,2113,573,700,8,3,440,607,35,10,0,0,5,0,0,0,0,11,0,40,0,0,0,0,5,0,3,6,0,86,0,100,6,615,7,0,0,0,26,3,0,3,0,0,0,11,3,466,0,124,0,25129,0,70,0,0,20143,"Mandurah",0,53,0,0,0,224,0,0,9,96,0,0,85,0,0,316,2444,0,1300,1171,0,0,3,0,366,0,273,"502",0,306,3,0,0,341,0,0,1104,0,0,45,70,0,0,0,0
1112,671,3961,3317,3802,4199,15,2714,2468,3009,176,8,19,19,3,168,338,102,1176,1620,2183,0,2735,4,0,0,3,0,4,594,28132,6,2043,3089,1057,330,109,1128,478,1380,123,1289,206,17,0,406,8308,276,11,0,4,18,11,14,693,22,1034,7,2649,25366,4334,248,47,73,0,3254,2014,17667,0,24522,5451,875,1495,24,36,2022,811,327,7,0,6,4,0,0,0,0,14,6,37,3,3,0,0,9,0,6,4,0,665,0,126,251,1291,46,3,0,0,54,14,0,0,0,0,3,15,12,2197,3,1086,0,60640,0,145,0,0,32401,"Perth - Inner",0,86,0,0,0,2592,0,0,23,1624,0,0,720,0,9,3434,2931,5,4069,7666,0,0,4,0,1487,0,1071,"503",0,2394,4,3,7,1956,0,3,6581,0,4,48,373,0,0,0,3
513,302,5785,2837,2328,2194,20,1292,3085,3836,323,43,25,58,0,517,354,192,1737,2164,1860,0,1696,0,0,0,0,0,12,616,38431,23,992,1677,622,276,680,977,411,1667,257,1345,306,45,13,315,15453,270,0,13,13,9,18,38,860,11,2532,12,4245,40877,9658,978,110,96,0,3821,2787,27413,0,31997,7999,1125,1682,20,30,3602,959,333,14,0,3,7,0,9,0,0,10,7,71,3,4,0,0,13,0,3,11,0,677,0,188,247,1481,48,3,0,0,576,19,0,0,0,0,0,7,17,4166,9,1083,0,82680,0,155,0,0,43570,"Perth - North East",0,67,0,0,0,1256,0,0,47,661,0,0,718,0,5,6113,4674,3,8622,13394,0,0,3,0,1893,0,1537,"504",0,1409,3,0,3,1545,0,0,10751,4,0,84,387,0,0,3,3
2078,1146,23217,8183,6613,5952,61,3386,8989,10448,637,73,122,136,7,1113,770,418,3647,4458,4225,3,3886,0,0,0,0,0,20,1287,82326,28,2237,3867,2718,743,403,3945,880,5989,579,5340,738,67,12,736,42064,580,55,34,28,37,21,42,1960,26,4843,17,9157,91665,18820,1824,204,461,0,15495,5336,62876,0,68994,25705,2800,3824,58,60,9008,2305,831,36,0,12,43,0,18,0,8,47,21,148,0,7,0,12,34,0,5,48,0,1459,0,373,496,3265,122,5,7,0,182,99,4,10,3,3,3,74,26,10200,20,2344,0,208333,0,330,0,0,125608,"Perth - North West",0,161,0,0,3,2965,0,0,61,1491,3,0,1454,0,3,12696,10561,7,16863,28640,0,0,20,0,3844,3,3192,"505",3,3123,17,0,3,3457,0,3,23593,7,0,349,856,9,7,11,4
1306,685,11080,9291,8302,7949,47,4952,8413,10469,634,66,64,163,8,969,627,592,5773,7546,7172,0,6603,0,0,0,0,0,30,922,105397,50,4247,6625,1691,1121,774,2117,1478,2908,950,2637,1055,91,11,1171,41191,363,27,22,39,45,35,56,2019,28,2829,30,8495,76756,30085,3113,157,233,0,7829,5754,53869,0,90425,19443,2222,3501,77,54,10569,2320,1064,30,0,8,28,0,13,0,9,19,23,137,18,14,0,10,25,0,14,30,0,1103,0,405,287,2969,132,3,5,0,528,44,0,8,0,0,0,40,14,11600,7,3008,0,192515,0,404,0,0,86344,"Perth - South East",0,218,0,0,3,5117,3,0,77,3048,0,0,1889,0,8,14344,9485,10,26807,22748,0,0,24,0,6559,4,5156,"506",0,5446,15,0,0,6071,0,0,19759,3,4,205,725,4,0,11,9
1542,621,13112,5235,4262,3804,17,1860,5692,6788,336,36,71,49,5,400,509,171,2484,3115,2705,0,2339,0,0,0,0,3,13,893,50182,32,1234,2261,1911,314,505,2527,389,3672,263,3199,281,67,8,284,25029,417,31,18,27,9,11,45,1610,9,2390,7,7412,64055,11906,858,123,211,0,7776,3495,46211,0,44145,13026,1982,2945,40,35,4806,1852,348,24,0,16,17,0,9,0,4,13,19,138,8,6,0,4,16,0,0,20,0,997,5,271,374,2546,61,0,4,0,316,45,4,10,4,0,3,41,11,5243,7,1196,0,133240,0,263,0,0,82556,"Perth - South West",0,152,0,0,0,1859,4,0,96,940,0,0,813,0,5,5700,8168,12,10996,17699,0,0,44,0,2823,0,2294,"507",0,2009,14,3,5,2415,3,6,15183,0,4,174,568,4,4,3,4
193,79,1358,604,473,558,10,300,531,704,56,4,3,9,0,31,94,24,268,346,372,0,277,0,0,0,0,0,7,112,5452,3,220,364,195,56,590,228,94,354,42,263,69,30,5,77,2817,25,3,8,0,8,0,8,444,4,86,3,1880,14141,1446,187,11,49,0,1234,1515,12710,0,4619,1690,677,644,7,10,418,495,106,9,0,0,5,0,0,0,0,3,0,48,3,0,0,0,3,0,0,3,0,135,0,83,15,564,14,0,0,0,520,3,0,3,0,0,0,7,3,457,0,318,0,23334,0,62,0,0,17287,"Western Australia - Wheat Belt",0,35,0,0,0,270,0,0,16,142,0,0,201,0,0,783,2045,0,1252,1378,0,0,8,0,304,0,236,"509",0,220,3,0,0,301,0,0,1280,0,0,20,103,0,0,0,0
216,118,2144,907,804,744,0,372,1001,1234,65,6,0,19,0,20,3,14,436,545,493,0,462,0,0,0,0,0,12,5,6606,0,258,521,335,45,78,405,99,690,30,570,25,3,4,47,4185,0,0,0,8,7,7,0,12,3,58,0,138,5543,2031,51,11,3,0,1014,701,4520,0,6098,1622,405,18,0,9,574,16,52,0,0,0,0,0,0,0,0,0,0,17,3,3,0,13,3,0,0,0,0,4,0,5,0,11,0,0,0,0,30,0,0,0,0,0,0,3,0,597,0,263,0,17111,0,0,0,0,10426,"Western Australia - Outback (North)",0,0,0,0,0,421,0,0,0,205,0,0,208,0,0,444,156,0,1962,1002,0,0,0,0,508,0,416,"510",0,415,0,0,0,457,0,0,931,0,0,8,4,0,0,0,0
239,120,2099,841,646,598,8,352,1203,1253,75,5,5,22,0,26,34,19,543,585,455,0,365,0,0,0,0,0,11,50,6537,3,226,360,285,33,85,387,47,666,24,660,38,9,5,53,3987,25,3,4,6,0,3,0,185,3,166,9,836,8604,1878,78,16,20,0,1130,780,7272,0,5930,1721,512,292,6,4,565,223,57,0,0,0,3,0,3,0,3,0,0,27,0,0,0,0,3,0,0,0,0,70,0,51,13,242,19,0,0,0,41,6,0,0,4,0,0,3,0,595,0,228,0,19990,0,38,0,0,13372,"Western Australia - Outback (South)",0,18,0,0,0,313,0,0,3,164,0,0,172,0,0,537,929,0,1783,1310,0,0,0,0,553,0,515,"511",0,332,0,0,0,418,0,0,1123,0,0,16,45,4,0,0,0
226,165,1300,1127,1235,1338,11,986,818,942,113,10,8,13,0,106,257,93,530,689,883,0,987,0,0,0,0,0,0,325,12836,6,817,1112,246,210,96,240,222,255,111,286,184,21,0,253,3763,84,6,3,0,8,9,7,689,12,344,7,2622,16830,2467,233,36,33,0,1285,1100,13183,0,10806,2528,552,1170,21,16,1131,789,162,9,0,4,8,0,11,0,0,12,3,33,0,3,0,0,5,0,0,8,0,372,0,111,65,1021,32,4,0,0,56,10,0,3,0,0,0,11,8,1244,3,489,0,30671,0,118,0,0,17736,"Hobart",0,79,0,0,0,874,0,0,13,556,5,0,312,0,0,1915,2838,0,2218,3613,0,0,3,0,578,6,439,"601",0,765,0,0,0,690,0,0,3235,0,0,26,283,6,0,3,3
133,75,690,609,621,546,0,466,394,381,43,4,6,6,0,24,100,73,286,285,488,0,491,0,0,0,0,0,3,124,5325,3,393,411,128,158,62,119,108,98,60,112,159,11,0,150,1701,28,3,3,0,0,3,4,421,3,88,7,1612,9938,1010,140,9,14,0,632,644,8577,0,4243,1043,396,620,9,7,385,470,81,3,0,0,7,0,7,0,0,0,0,33,0,0,0,0,3,0,0,4,0,143,5,68,20,547,14,0,0,0,26,5,0,3,0,0,3,8,0,409,0,228,0,16335,0,56,0,0,10945,"Launceston and North East",0,39,0,0,3,300,0,0,8,233,0,0,137,0,0,1042,1735,0,865,1326,0,0,7,0,224,0,215,"602",0,327,3,0,3,326,0,0,1226,3,0,9,110,0,0,4,0
27,13,253,40,51,58,0,32,43,64,3,0,0,0,0,5,8,3,16,36,16,0,29,0,0,0,0,0,0,11,694,0,16,36,25,3,17,20,9,29,3,27,4,4,0,4,332,3,0,0,0,0,0,0,74,0,17,0,442,3409,78,0,0,3,0,224,157,3027,0,628,282,128,97,0,0,56,81,13,0,0,0,0,0,0,0,0,0,0,13,0,0,0,0,0,0,0,0,0,13,0,12,3,87,0,0,0,0,3,0,0,0,0,0,0,0,0,63,0,26,0,4477,0,8,0,0,3773,"South East",0,9,0,0,0,28,0,0,4,12,0,0,16,0,0,63,470,0,78,376,0,0,0,0,32,0,13,"603",0,23,0,0,0,17,0,0,355,0,0,9,9,0,0,0,0
63,36,451,141,147,201,0,107,168,197,20,0,0,3,0,8,31,5,75,116,85,0,90,0,0,0,0,0,0,47,1960,3,72,135,52,16,45,54,34,87,10,98,8,11,3,18,810,12,0,0,0,0,0,5,281,0,53,3,1206,6876,362,19,11,14,0,399,367,6088,0,1744,593,269,369,3,4,184,308,28,0,0,0,0,0,0,0,0,0,0,30,3,0,0,0,0,0,0,3,0,54,0,58,9,330,6,0,0,0,13,0,0,0,0,0,0,3,3,192,3,83,0,9601,0,31,0,0,7592,"West and North West",0,25,0,0,0,99,0,0,5,49,0,0,50,0,0,199,1290,0,341,758,0,0,3,0,106,0,67,"604",0,71,0,0,0,77,0,0,694,0,0,7,38,0,0,0,0
492,274,1957,2010,1918,2169,3,1335,1585,1921,171,9,6,38,0,121,48,77,1042,1267,1487,0,1462,0,0,0,0,0,3,90,20750,3,1056,1682,459,186,136,519,237,661,108,538,182,4,4,229,7277,50,0,6,9,14,8,6,110,15,849,7,965,12767,5314,383,52,12,0,1120,1393,7530,0,17996,2598,545,238,6,14,1357,123,202,3,0,3,4,0,4,0,4,0,3,16,0,0,0,3,8,0,3,3,0,105,0,56,43,202,6,0,0,0,102,3,0,0,0,0,0,3,3,1481,0,751,0,34979,0,18,0,0,14092,"Darwin",0,11,0,0,0,1430,0,0,6,817,0,0,538,0,3,2583,1069,0,4888,5216,0,0,0,0,1156,0,951,"701",0,1265,0,0,0,1290,0,0,4314,0,0,18,56,0,3,0,0
311,191,648,501,585,679,0,405,455,567,59,3,0,13,0,12,9,10,272,310,291,0,291,0,0,0,0,0,0,22,4595,0,217,371,291,34,33,213,57,255,14,177,28,0,3,44,1969,5,0,5,0,10,3,0,23,3,70,4,198,3385,1326,47,9,4,0,434,514,2606,0,4150,915,215,48,0,5,456,24,69,3,0,0,0,0,4,0,0,0,0,9,0,0,0,0,0,0,0,0,0,21,0,9,8,45,4,0,0,0,24,0,0,0,0,0,0,0,0,475,0,275,0,9970,0,7,0,0,5342,"Northern Territory - Outback",0,0,0,0,0,312,0,0,0,167,0,0,195,0,0,388,227,0,1258,774,0,0,0,0,296,0,256,"702",0,254,0,0,0,256,0,0,695,0,0,0,14,0,0,0,0
906,501,3237,4084,5085,5629,18,3655,3581,3895,378,38,25,66,0,564,576,239,2583,2920,3278,0,4199,0,0,3,0,0,12,905,65068,18,3151,4716,881,640,237,800,755,973,327,998,420,25,5,686,16069,361,5,8,11,17,23,27,1013,17,2383,17,5225,48784,12817,1081,151,71,0,3133,2893,27294,0,57094,11364,1006,2126,35,19,7611,1097,507,16,0,10,14,0,3,0,3,12,14,47,3,8,0,3,17,0,0,15,0,995,0,166,321,1926,61,0,0,0,149,8,0,9,0,0,0,17,13,8218,8,1744,0,105039,0,151,0,0,39730,"Australian Capital Territory",0,69,3,0,0,3947,0,0,28,2447,0,0,1213,0,3,7600,5615,7,11678,21446,0,0,6,0,2582,0,2340,"801",3,3533,13,5,3,2839,0,0,18909,0,0,87,624,0,3,0,0
8,7,47,26,42,36,0,34,23,18,9,0,0,0,0,9,0,0,17,10,17,0,29,0,0,0,0,0,0,4,780,0,23,27,14,5,231,8,7,8,0,6,4,0,0,3,144,3,0,0,0,0,0,0,9,0,164,0,53,703,93,15,3,0,0,44,333,272,0,544,96,27,11,0,3,52,6,22,3,0,0,0,0,0,0,0,0,0,0,0,0,0,0,0,0,0,0,0,8,0,3,0,10,3,0,0,0,225,0,0,0,0,0,0,0,0,54,0,80,0,1452,0,4,0,0,443,"Other Territories",0,0,0,0,0,26,0,0,0,18,0,0,61,0,0,228,60,0,71,428,0,0,0,0,11,0,17,"901",0,20,0,0,0,14,0,0,261,0,0,0,4,0,0,0,0
