m85ovr_c_own_chld_childr, f55_64_ca_ow_ch_ch_oth_ch_ch, f55_64_c_own_chld_childr, f15_19_u_ch_care_ns, p45_54_u_ch_care_ns, p20_24_ca_ow_ch_ch_oth_ch_ch, f55_64_c_oth_ch_chiln, f35_44_yr_t, mt_u_ch_care_ns, p20_24_d_not_prov_ch_care, mt_c_oth_ch_chiln, p45_54_yr_t, f15_19_os_v, p15_19_yr_t, f75_84_os_v, m15_19_yr_c_for_t, ft_os_v, f20_24_ca_ow_ch_ch_oth_ch_ch, m85ovr_t, f20_24_d_not_prov_ch_care, m25_34_os_v, m45_54_c_own_chld_childr, f65_74_c_own_chld_childr, f15_19_d_not_prov_ch_care, p15_19_u_ch_care_ns, f55_64_os_v, f45_54_os_v, p25_34_ca_ow_ch_ch_oth_ch_ch, f75_84_d_not_prov_ch_care, m85ovr_u_ch_care_ns, m55_64_d_not_prov_ch_care, m35_44_yr_c_for_t, m45_54_yr_c_for_t, f20_24_yr_t, p35_44_c_own_chld_childr, m55_64_c_own_chld_childr, p15_19_yr_c_for_t, p20_24_u_ch_care_ns, m85ovr_d_not_prov_ch_care, f15_19_yr_c_for_t, f45_54_c_oth_ch_chiln, m25_34_c_own_chld_childr, f55_64_yr_c_for_t, f65_74_d_not_prov_ch_care, m20_24_u_ch_care_ns, m35_44_c_own_chld_childr, m55_64_c_oth_ch_chiln, f45_54_u_ch_care_ns, f20_24_yr_c_for_t, p15_19_d_not_prov_ch_care, m25_34_yr_c_for_t, m15_19_c_oth_ch_chiln, m45_54_yr_t, m45_54_u_ch_care_ns, p35_44_yr_t, m85ovr_c_for_t, mt_os_v, m35_44_ca_ow_ch_ch_oth_ch_ch, mt_c_for_t, p35_44_yr_c_for_t, m75_84_c_own_chld_childr, f55_64_u_ch_care_ns, m45_54_d_not_prov_ch_care, m15_19_c_own_chld_childr, f15_19_yr_t, m25_34_u_ch_care_ns, p20_24_yr_t, f75_84_yr_t, f55_64_yr_t, m75_84_yr_c_for_t, p20_24_c_oth_ch_chiln, mt_ca_ow_ch_ch_oth_ch_ch, p35_44_c_oth_ch_chiln, m45_54_c_oth_ch_chiln, p25_34_os_v, sa4_name16, m55_64_yr_t, ft_u_ch_care_ns, f25_34_yr_c_for_t, p20_24_os_v, f75_84_c_own_chld_childr, m65_74_yr_t, m65_74_os_v, p15_19_os_v, p25_34_c_oth_ch_chiln, m25_34_d_not_prov_ch_care, f20_24_u_ch_care_ns, m85ovr_os_v, m20_24_d_not_prov_ch_care, ft_c_own_chld_childrn, ft_ca_ow_ch_ch_oth_ch_ch, mt_t, p20_24_yr_c_for_t, m75_84_os_v, f75_84_ca_ow_ch_ch_oth_ch_ch, f25_34_ca_ow_ch_ch_oth_ch_ch, p45_54_ca_ow_ch_ch_oth_ch_ch, m55_64_ca_ow_ch_ch_oth_ch_ch, m15_19_u_ch_care_ns, f35_44_c_oth_ch_chiln, f55_64_d_not_prov_ch_care, p35_44_u_ch_care_ns, p45_54_c_own_chld_childr, f15_19_c_oth_ch_chiln, m75_84_ca_ow_ch_ch_oth_ch_ch, f45_54_d_not_prov_ch_care, ft_c_oth_ch_chiln, f75_84_c_oth_ch_chiln, p25_34_yr_t, m35_44_c_oth_ch_chiln, m15_19_ca_ow_ch_ch_oth_ch_ch, m35_44_yr_t, m35_44_u_ch_care_ns, m65_74_c_own_chld_childr, f45_54_ca_ow_ch_ch_oth_ch_ch, p45_54_os_v, f20_24_c_oth_ch_chiln, p45_54_yr_c_for_t, f85ov_ca_ow_ch_ch_oth_ch_ch, f75_84_yr_c_for_t, p20_24_c_own_chld_childr, f35_44_u_ch_care_ns, f25_34_c_oth_ch_chiln, f65_74_u_ch_care_ns, p35_44_os_v, f15_19_c_own_chld_childr, m65_74_yr_c_for_t, f45_54_c_own_chld_childr, m85ov_ca_ow_ch_ch_oth_ch_ch, p35_44_d_not_prov_ch_care, f20_24_c_own_chld_childr, f25_34_yr_t, m15_19_d_not_prov_ch_care, ft_c_for_t, m85ovr_c_oth_ch_chiln, mt_c_own_chld_childrn, p25_34_d_not_prov_ch_care, m45_54_os_v, m65_74_ca_ow_ch_ch_oth_ch_ch, f65_74_os_v, f15_19_ca_ow_ch_ch_oth_ch_ch, m55_64_os_v, f25_34_c_own_chld_childr, m75_84_d_not_prov_ch_care, f35_44_yr_c_for_t, m55_64_u_ch_care_ns, m65_74_d_not_prov_ch_care, f65_74_c_oth_ch_chiln, f85ovr_t, f85ovr_c_for_t, f35_44_ca_ow_ch_ch_oth_ch_ch, p35_44_ca_ow_ch_ch_oth_ch_ch, m35_44_d_not_prov_ch_care, m25_34_c_oth_ch_chiln, ft_t, m20_24_c_oth_ch_chiln, p25_34_u_ch_care_ns, p45_54_c_oth_ch_chiln, m45_54_ca_ow_ch_ch_oth_ch_ch, f45_54_yr_t, f85ovr_u_ch_care_ns, p15_19_c_oth_ch_chiln, m15_19_yr_t, f85ovr_os_v, f35_44_c_own_chld_childr, m20_24_yr_t, m75_84_u_ch_care_ns, f20_24_os_v, m20_24_os_v, ft_d_not_prov_ch_care, m75_84_yr_t, mt_d_not_prov_ch_care, m20_24_c_own_chld_childr, f25_34_os_v, m75_84_c_oth_ch_chiln, f65_74_ca_ow_ch_ch_oth_ch_ch, f25_34_u_ch_care_ns, f35_44_os_v, f25_34_d_not_prov_ch_care, m25_34_ca_ow_ch_ch_oth_ch_ch, p25_34_c_own_chld_childr, p15_19_c_own_chld_childr, f75_84_u_ch_care_ns, f35_44_d_not_prov_ch_care, f85ovr_c_oth_ch_chiln, m20_24_ca_ow_ch_ch_oth_ch_ch, m55_64_yr_c_for_t, f65_74_yr_c_for_t, m65_74_c_oth_ch_chiln, f85ovr_c_own_chld_childr, m65_74_u_ch_care_ns, p15_19_ca_ow_ch_ch_oth_ch_ch, p25_34_yr_c_for_t, m20_24_yr_c_for_t, f45_54_yr_c_for_t, m25_34_yr_t, p45_54_d_not_prov_ch_care, f65_74_yr_t, m35_44_os_v, m15_19_os_v, sa4_code16, f85ovr_d_not_prov_ch_care
14,21,286,743,3032,38,3002,13916,11111,8530,4738,33198,85,13171,18,335,704,31,1996,3856,241,4227,94,4913,1655,85,68,391,5314,414,13284,7111,4888,5593,14477,848,950,1223,1545,619,1355,3413,3311,9587,703,6568,1315,1319,1101,10383,3864,287,16473,1714,27664,30,719,223,20743,15908,26,1383,9809,42,6365,1483,11655,6856,16983,307,624,434,793,562,462,"Capital Region",17182,9508,6124,277,20,13990,42,176,979,6966,519,3,4675,18072,957,95343,1624,5,3,303,255,23,911,471,12196,2661,8013,518,0,10033,8809,309,24969,322,4,13743,1567,149,159,133,397,10185,0,337,963,1096,608,1391,118,91,1511,3784,0,8972,671,12410,5473,27839,18,15567,11978,67,4,41,7,56,5207,5183,8796,1654,10816,2123,3294,31,419,639,5008,366,95392,231,2546,1914,94,16724,804,806,6805,9,7905,6061,1041,121,152,57333,6538,62770,289,215,277,8,1056,57,5007,83,8617,135,1193,3965,25,5,2187,2230,1358,8,1625,10,9984,528,5302,12557,19841,13249,59,90,"101",2454
8,51,479,778,2440,68,5188,20296,9468,14321,7556,43184,71,19954,43,558,613,57,3809,6502,71,5883,114,8024,1629,112,93,668,9322,766,15145,11054,6895,8868,22952,1030,1514,1145,3005,956,2029,5376,5716,13385,604,10226,2176,1221,1763,16691,6127,504,20736,1227,39191,36,428,373,31559,25298,33,1253,12568,41,9834,1046,18072,11794,21928,488,997,789,1189,836,161,"Central Coast",19756,10680,9779,92,31,16705,60,120,1511,9903,542,3,7815,28615,1735,125872,2515,22,0,495,493,28,850,739,14851,2088,11663,846,4,13007,14625,582,35224,450,8,18894,1071,179,319,144,687,15024,0,617,1454,1017,924,1616,122,104,2420,5786,0,11681,1014,18075,8671,44979,21,23215,17182,52,17,77,8,77,8358,7757,14250,1303,12834,3586,6392,49,786,1158,6713,580,138432,307,1981,2868,179,22446,1500,1348,10126,13,12724,9206,1221,58,34,82158,9488,84414,436,89,448,16,932,64,7277,166,13729,146,1819,4972,39,15,3232,3717,2228,15,1383,15,15907,758,8130,17148,25571,18799,61,47,"102",4825
20,17,249,909,2618,74,2805,11997,10187,8167,4405,26999,25,13103,11,360,260,58,1813,3677,38,3263,92,4843,1833,44,20,473,5135,367,10034,6318,3951,5695,12887,605,1029,1427,1409,673,1464,3935,3067,7801,881,5859,1282,1137,1422,10198,4455,300,13449,1481,23708,32,212,182,19119,14207,25,1156,7999,57,6444,1564,11778,6602,13175,242,731,435,754,591,90,"Central West",13327,8537,6692,78,20,11036,21,45,1028,5704,541,0,4485,17101,983,81516,2106,11,4,364,233,9,926,475,8906,2251,6247,557,3,7810,8376,271,23302,279,3,11711,1334,101,138,49,467,8534,0,299,1304,917,623,1246,57,112,1185,2991,0,7193,894,11542,5361,26462,12,14272,9626,23,12,27,5,36,5702,4508,7893,1360,8465,1684,3223,49,386,571,4032,404,83088,258,2433,2049,100,13546,598,855,6655,0,7028,6083,919,48,31,47831,5679,52003,412,56,211,8,873,28,3923,108,9639,167,1156,3160,34,17,1894,1783,1070,18,1366,5,11150,690,4588,11763,15806,10858,32,18,"103",2579
4,24,205,456,1440,22,1928,7802,5709,4552,2886,18342,34,8064,14,228,468,19,1562,2024,99,2186,56,3033,945,64,46,279,4184,332,8233,3771,2618,3101,8049,510,609,540,1211,385,873,2051,2160,7244,304,3474,834,705,751,6453,2343,207,8636,742,14868,18,370,128,11752,8919,20,834,5251,22,3902,601,6355,5343,11227,184,400,308,468,354,230,"Coffs Harbour - Grafton",10616,5707,3756,153,11,9453,45,65,574,3377,230,0,2522,10758,659,56046,1116,20,0,214,191,29,492,298,8162,1101,4374,327,5,5792,5454,196,13259,169,3,7064,598,83,116,74,251,5786,0,210,694,509,351,962,87,50,856,2184,0,4763,481,6841,3413,16880,8,8558,5844,25,5,43,4,46,3192,3931,5144,957,7612,1215,2551,21,276,407,2651,225,60006,147,1095,1228,75,9711,587,530,4165,0,4575,3254,755,92,63,36951,4896,38218,206,126,161,7,492,47,2462,64,5239,66,930,2109,13,3,1377,1273,774,7,941,11,6093,361,3175,6414,11038,9518,42,33,"104",1937
8,8,158,448,1745,35,1474,6483,6551,4307,2234,15217,23,6366,3,162,225,23,1021,1952,37,1547,31,2286,945,42,30,226,2846,204,6144,3163,1906,3259,6375,295,494,874,797,335,847,2046,1635,4492,504,2932,670,796,896,4892,2294,142,7562,954,12829,14,157,80,9605,7104,9,835,4686,18,3086,1067,6568,3674,7867,115,386,197,447,314,92,"Far West and Orana",8117,5653,3778,68,7,6539,18,33,586,3580,365,3,2349,8986,479,46413,1325,8,4,174,109,5,503,299,5350,1489,2955,258,0,4507,4449,152,14309,144,3,6348,855,43,65,52,249,4228,0,167,904,635,386,852,27,72,556,1417,0,4217,624,7330,2606,13918,6,7175,6310,17,0,17,3,29,3217,2571,3943,981,5042,772,1701,22,197,282,2324,197,47222,144,1832,1158,48,7656,302,401,3272,0,3448,3308,561,43,23,27430,3252,30099,279,53,106,0,761,17,2732,51,5263,88,658,1890,15,8,973,810,510,7,930,5,6076,426,2322,6976,9195,6169,13,9,"105",1367
11,26,290,726,2514,75,4265,16306,9638,11208,6278,34604,54,16481,15,459,464,57,1868,5024,83,4386,85,6306,1545,71,46,694,5810,328,12382,9097,5278,7434,18392,683,1368,1153,1514,906,2109,5584,4580,9631,690,8438,1988,1145,1874,13485,6281,408,16954,1367,32311,24,325,254,26740,20262,27,1166,10276,48,7993,1526,15189,7257,16836,305,892,615,1047,763,182,"Hunter Valley exc Newcastle",16414,8589,9433,113,31,13302,41,87,1307,7710,465,3,6182,23700,1377,102765,2717,19,3,510,310,25,818,638,11016,2391,8236,764,0,10317,11844,297,31802,407,5,16004,1402,135,184,78,596,11418,0,331,1748,986,789,1325,62,134,1755,3845,0,9601,1219,16194,7180,36923,16,19848,13296,35,5,61,8,39,8133,5132,11164,1288,10213,2365,3348,29,570,823,5475,513,106483,290,2611,2870,126,17648,604,1170,8491,9,9957,7752,922,67,45,60507,6376,66068,531,99,277,13,1079,34,5580,186,13718,185,1098,4127,14,14,2693,2460,1614,16,1294,13,15716,840,6145,15605,20589,13480,30,26,"106",2702
5,46,441,637,2013,53,4893,18750,7705,17459,7475,38248,134,19273,26,489,998,40,2701,7958,142,5368,96,7776,1327,148,108,582,7438,438,12977,10499,6190,10216,21479,889,1361,1151,2218,874,1892,4767,5377,9305,605,9780,2145,971,1445,16354,5387,440,18671,1047,36629,48,798,303,29512,23597,37,1000,11361,44,9425,1064,21256,9275,18452,555,1033,659,1116,674,302,"Illawarra",17131,8089,8834,495,37,13170,54,230,1474,11309,545,5,9500,25462,1531,115933,2151,25,3,448,414,40,686,697,11935,1762,10326,762,3,11382,13920,563,35966,417,7,17878,944,163,267,184,673,13303,0,604,1061,813,991,1185,167,98,2561,4955,0,11108,733,18071,8576,40912,39,21384,19455,70,9,78,11,79,7394,6108,13095,992,9521,3406,4609,54,700,1002,6344,488,122457,367,1995,2561,149,19571,798,1199,9850,3,11700,11045,899,264,233,72457,7586,77918,328,164,517,20,924,72,8144,136,12163,148,1211,4766,49,13,3083,3523,2387,9,1028,12,14215,709,7110,17900,22744,14089,89,99,"107",3750
8,28,293,670,2071,37,2895,10882,8721,6154,4358,27239,46,11603,22,305,396,30,3037,2779,67,3131,69,4369,1444,66,55,350,7729,631,12601,5327,3740,4275,11353,642,880,758,2383,574,1365,2801,3216,13076,437,4904,1342,964,1115,9206,3180,256,13050,1109,20840,24,317,165,16757,12484,21,1196,8154,50,5650,850,8653,9613,17242,245,503,386,655,525,144,"Mid North Coast",15915,8702,5285,88,22,16381,47,72,764,4392,325,3,3374,15291,787,86001,1648,24,0,261,221,27,773,401,12765,1480,6159,456,0,8648,8043,264,17661,258,3,9955,798,133,134,104,311,8259,0,283,1104,682,474,1613,57,101,1399,3024,0,6812,770,9174,4839,24124,16,12019,7562,48,8,36,6,33,4547,7290,7162,1276,13360,1856,4759,31,315,482,3813,293,92450,189,1500,1886,89,14190,1036,715,5949,12,6447,4380,1277,49,39,59224,8833,60203,335,72,228,7,645,36,3170,89,7349,153,1572,3006,25,11,2001,1942,1259,4,1571,14,8465,529,4519,8487,16806,16667,21,28,"108",3688
5,9,156,364,1242,22,1656,6636,5130,4765,2361,15059,26,6827,7,177,244,21,1237,2208,74,1926,41,2638,810,41,27,245,3082,284,6313,3533,2280,3235,7223,352,529,622,950,356,751,1988,1821,4741,329,3298,716,591,687,5448,2236,147,7445,656,13041,9,255,78,10414,7917,13,702,4478,33,3378,582,6479,4033,8231,127,402,213,411,304,126,"Murray",8241,4918,3427,96,18,6846,21,41,531,3364,292,0,2559,9228,513,46641,996,4,0,180,128,11,446,258,5663,1085,3664,300,0,4433,4760,146,12733,155,0,6397,583,60,78,56,274,4844,0,166,569,501,354,746,48,51,675,1736,0,3986,394,6481,2810,14495,3,7840,5811,27,3,17,6,37,2901,2789,4391,817,5322,1006,1925,22,206,289,2262,184,48108,129,1134,1051,50,7613,392,444,3446,0,3923,3239,607,50,52,28445,3530,30838,175,54,114,7,546,24,2448,64,4889,81,778,1725,16,0,1076,1059,613,6,825,6,5667,308,2568,6256,8914,6567,26,12,"109",1508
9,19,239,733,2190,51,2292,10456,8551,7768,3520,23563,51,11632,11,276,444,43,1460,3545,129,2736,85,4233,1620,60,44,391,4642,280,9354,5230,3306,5479,10701,486,871,1113,1154,595,1162,3251,2545,7262,555,4851,1021,1031,1299,9039,3638,229,11643,1161,20490,17,434,154,15722,11809,18,1182,7140,43,5611,1092,10932,5989,12290,195,609,343,664,496,251,"New England and North West",12207,8150,5712,174,31,10057,23,103,802,5312,558,0,4222,14557,810,72259,1876,11,0,306,198,14,880,436,8500,1936,5177,446,0,7112,6837,236,20708,226,5,10030,1077,97,130,76,402,7041,0,266,1220,862,501,1252,93,139,953,2442,0,6643,850,10538,4811,22204,11,11859,9143,33,5,34,9,36,4907,4155,6582,1297,7754,1336,2735,45,292,441,3663,301,75003,203,1963,1660,66,11922,592,683,6022,0,5851,5446,875,82,94,44211,5235,47554,366,117,178,8,873,39,3831,86,8159,180,1068,2984,23,10,1528,1432,849,16,1327,10,9354,576,3732,10170,14257,9971,62,50,"110",2098
12,51,495,560,2214,69,6071,22699,8938,20752,9351,46013,128,21675,29,582,984,53,3505,9688,149,6451,136,8797,1234,132,89,685,8993,710,16235,12351,7472,12416,25495,1144,1613,1145,2738,1032,2305,6132,6608,12326,589,11497,2722,1041,1860,18639,7018,517,22394,1176,44045,47,688,369,36041,28120,36,1153,13675,61,10518,1086,25100,11436,22809,628,1275,776,1382,868,303,"Newcastle and Lake Macquarie",21514,9888,10860,482,33,16823,62,190,2018,14491,560,3,11069,30893,1800,141261,2708,12,3,527,434,49,672,903,14920,1872,12558,921,9,13802,17599,720,45885,486,3,21347,1018,174,271,162,841,16164,0,761,1373,851,1297,1375,139,103,3168,6114,4,13904,966,23139,9843,50295,36,25920,25628,74,14,64,11,88,9038,7347,15770,1273,12287,4490,6383,69,868,1238,7900,726,151434,431,2079,3168,157,23616,1693,1436,11153,9,13997,12677,1123,307,175,90267,9105,95591,406,153,581,13,995,69,11129,161,15177,167,1662,6005,54,14,3920,4647,2989,10,1308,17,17881,847,8686,22743,27475,18407,68,57,"111",4613
5,45,443,794,2928,29,3576,14918,10499,8236,5108,33301,119,14026,58,371,1011,20,3105,3801,186,4245,93,5326,1712,94,88,387,7352,654,13834,7119,4962,5518,15058,1057,1019,1040,2423,654,1424,3200,4059,11469,559,6600,1507,1472,1026,11084,3694,318,15731,1457,28117,26,755,217,21213,16643,27,1712,9248,48,6895,1075,11147,9297,19622,306,598,512,840,565,444,"Richmond - Tweed",18311,11019,6048,334,29,15359,77,218,986,6031,482,11,4437,19209,1144,97412,1532,41,0,303,393,31,914,542,13759,2424,8505,543,3,10071,9645,331,23024,302,5,13195,1193,146,252,163,364,10893,0,362,909,1228,580,1646,160,106,1641,4262,0,8896,642,12035,5754,30000,14,15594,10762,77,9,88,3,89,5164,6449,9520,1793,11959,2252,5006,47,517,736,4816,404,106418,229,2081,1991,145,17570,1146,859,7131,7,8461,5622,1180,218,115,64387,7970,64941,267,255,274,11,1005,92,4727,83,8362,151,1531,4080,38,9,2596,2357,1488,14,1686,10,9737,508,5936,10987,19317,15556,64,100,"112",3805
4,24,208,518,1740,43,2072,9036,7378,7915,3161,19819,27,10520,3,277,448,30,1407,3669,135,2450,63,3848,1202,67,39,320,3684,272,7415,4804,2912,5183,9845,440,864,959,1111,588,1015,2848,2307,5159,597,4498,926,712,1022,8397,3195,249,9927,1028,18244,17,408,95,14062,10737,14,863,5968,31,4978,1129,10623,4737,9694,193,560,262,544,408,272,"Riverina",9884,5937,5084,251,10,7180,21,54,774,5418,361,5,4244,12865,648,62488,1495,9,0,251,144,16,685,334,6460,1721,4636,481,0,5849,6243,214,19589,212,3,9208,1071,64,82,59,385,6201,0,227,893,649,496,796,46,95,810,2190,0,5740,600,9713,4545,19756,10,10642,9244,21,7,21,10,39,4328,3162,5931,1050,5467,1219,2516,38,245,342,3311,280,63014,171,1797,1421,62,9890,545,730,5544,0,5354,5441,664,124,127,36863,4031,40642,286,135,177,0,666,26,3828,71,7182,125,820,2428,21,6,1379,1282,736,11,885,13,8279,474,3286,9872,11817,7261,20,30,"113",1929
3,25,233,434,1412,22,2154,7779,5884,4762,3282,18596,44,8290,9,202,282,18,1818,2040,34,2414,45,3291,954,44,41,240,4899,369,7963,4036,2877,3067,8426,517,598,620,1429,390,890,2093,2412,8261,382,3710,904,662,763,6676,2381,176,8854,749,15100,10,202,138,12638,9352,11,818,5183,23,4167,740,6532,6106,11245,209,392,300,485,385,72,"Southern Highlands and Shoalhaven",10193,5576,3701,51,15,10306,29,70,556,3489,235,3,2727,11182,672,58342,1100,6,0,182,216,20,515,296,7978,1176,4846,328,0,5593,6172,256,13293,188,0,7326,704,76,132,75,260,6325,0,267,685,475,324,967,63,64,1138,2429,0,4510,485,6644,3385,18021,12,9056,5982,39,0,30,7,27,3195,4647,5315,765,8230,1644,2767,27,296,440,2558,230,62463,130,1155,1267,83,9740,652,506,4127,4,4715,3464,747,31,21,38581,5609,39615,206,37,201,7,411,39,2495,57,5294,81,926,1952,17,3,1441,1694,1063,8,911,6,6085,335,3444,6647,10776,10951,20,24,"114",2082
0,55,523,422,1314,15,3317,17019,3893,12590,5002,33792,91,16666,67,390,1418,13,1453,5845,113,5925,172,6962,865,467,168,213,3815,227,10588,9482,6356,6807,21042,997,962,480,1195,573,830,2890,3903,6250,261,9165,1271,629,654,14690,3176,360,16382,683,32100,25,978,147,24695,22173,25,531,9228,32,8042,456,14211,4773,14565,413,659,359,535,313,220,"Sydney - Baulkham Hills and Hawkesbury",13638,4303,5398,144,31,9907,233,152,731,7520,214,5,6741,23409,909,87950,997,48,4,172,291,27,443,364,9662,1078,11739,544,3,9791,9489,419,23092,164,3,15086,532,203,176,291,423,13174,0,448,318,543,478,521,234,25,2205,5817,0,8630,217,11833,7729,33802,22,19332,13362,121,19,277,7,253,4746,3431,12690,506,6978,3085,2542,43,450,600,4977,250,93313,243,935,1143,118,17410,514,898,8623,9,11872,7407,305,86,56,53789,4204,58392,100,109,392,34,481,137,5844,39,7634,54,446,3651,36,8,2293,3284,1988,8,496,9,8580,342,6816,11265,19021,10330,91,66,"115",1980
14,61,582,825,2614,58,3609,25867,9428,18426,5751,42688,78,23461,104,616,2237,35,1257,8447,163,5701,161,9384,1778,806,350,569,4343,175,12863,13813,6327,11207,28666,999,1663,1527,1059,1048,1668,7004,4252,7731,885,13190,1437,1168,2004,19897,7763,544,21054,1447,51977,15,1375,224,33929,30598,33,1049,13166,60,11332,1878,23079,5443,18130,326,1276,550,1190,536,372,"Sydney - Blacktown",16766,8389,13700,218,29,10750,365,124,1716,15769,642,7,9980,34769,1291,129905,2914,73,14,419,290,39,954,784,12020,3074,10738,878,3,13213,11469,323,52914,405,7,26109,1731,186,194,468,828,13228,0,368,1582,1339,1101,975,255,158,1679,5035,0,18057,1136,27345,10513,47527,7,27629,27707,113,19,438,13,378,12179,3509,16783,1054,7874,2254,2314,29,519,740,10442,615,134856,449,3372,2208,93,21625,266,1417,12132,12,15473,11872,471,118,96,76703,4388,85173,446,210,286,27,1497,126,11942,143,19186,223,633,7619,20,16,2471,2446,1467,9,836,23,21466,915,6899,25571,26376,11589,130,45,"116",2008
3,22,431,891,6486,20,1595,26700,25320,32161,3766,43495,1326,16099,118,210,12658,20,1387,17191,2892,4342,116,6039,1795,1173,1844,124,3747,286,11161,8112,4811,23280,15985,934,527,5484,1050,310,700,2857,2054,6049,2909,7489,581,2372,648,11449,3577,182,24219,4110,58697,28,11721,160,19991,17725,39,1886,13348,21,8574,7267,43493,5071,14794,342,680,320,1236,393,6012,"Sydney - City and Inner South",16686,19350,5754,4894,43,9972,545,2332,1907,37775,2577,25,14969,17646,679,168169,952,155,0,85,262,22,901,768,9684,7826,8248,279,0,10264,7064,343,100637,467,3,32003,4732,151,186,3797,455,9605,0,384,247,3098,1230,1322,3475,27,1067,3910,0,29668,176,49132,5403,25393,22,15907,72148,1950,12,555,3,1287,4435,3321,9613,2710,6798,1667,2185,29,348,512,17319,675,158736,228,13144,1094,75,19279,493,467,7520,29,8493,20211,844,2861,2030,101336,4659,111145,75,3121,300,12,5879,1633,34378,43,7295,56,829,12353,22,6,1539,1802,905,10,1569,3,9336,305,4794,51504,23611,9723,1842,1003,"117",1637
6,34,629,554,3023,5,1852,21244,12276,19074,4091,33305,420,14287,52,246,3336,3,2313,9601,645,5953,140,5794,1235,363,310,106,4825,385,9005,8856,6332,12055,19055,1203,603,2150,1846,354,607,2154,2518,6511,1150,8372,593,1333,477,11715,2616,226,16347,1688,41801,73,2734,144,22408,20621,42,1192,8067,15,7117,3078,23661,6585,13438,568,539,338,1003,259,1406,"Sydney - Eastern Suburbs",12344,11579,4803,1747,51,9557,166,732,1424,19452,999,9,9474,21445,778,110884,691,45,13,80,328,24,678,665,9369,3988,12007,325,3,8444,8383,688,53902,336,5,20552,2186,189,206,570,366,13204,0,747,139,1803,987,1154,555,25,1687,6060,0,16633,104,28102,5928,30608,64,17975,39193,258,12,176,3,246,3737,3879,11768,1279,6593,2838,4041,67,416,559,9228,433,120390,176,5883,862,125,16961,786,552,7171,16,10686,11602,724,982,758,74860,5215,73465,39,754,519,22,2804,270,19741,27,5890,42,961,7409,50,3,1816,2998,1484,20,1112,11,7417,212,6871,25791,16512,10842,285,312,"118",3172
19,110,1401,1211,4423,56,5306,39556,16238,35626,8651,72668,272,34777,148,572,4216,43,5098,16563,523,10529,368,14493,2603,1146,684,410,12161,709,23356,18339,11181,20556,39740,2379,1607,2712,4275,1036,1783,8676,6812,14866,1367,17578,1787,2192,2258,30047,9636,482,35243,2232,78141,100,2911,249,49380,42162,103,1842,21487,82,17009,3362,42110,14994,32492,1066,1511,582,1564,541,1153,"Sydney - Inner South West",30093,16328,17686,684,91,21175,435,514,2405,34266,1349,12,19064,51259,1431,229717,3088,118,11,325,377,67,1394,1050,22687,4746,20569,904,6,22462,17405,1056,95819,510,15,38584,2497,496,254,1025,990,23263,0,1161,1521,2244,1531,1627,708,108,3427,10044,0,30524,1229,48023,15557,70089,80,40151,60840,338,29,517,25,640,15833,10006,23826,1864,15723,4691,8255,118,611,863,17457,869,240427,525,6501,2321,119,37423,1204,1387,17768,18,22161,21559,1223,378,301,149793,12409,161187,285,630,949,50,3132,422,26573,91,24510,183,1527,13065,88,10,4234,5110,2903,24,1587,38,27320,823,12082,47789,43951,22121,295,246,"119",6918
5,60,706,415,2348,12,2229,22962,8560,20132,4073,38743,224,14076,51,210,2601,8,2246,9968,459,6145,190,5988,945,638,373,160,5581,229,11212,10241,6507,11690,21801,1290,574,1647,1954,364,799,3439,2987,7437,831,9766,701,1178,556,12189,3912,193,18314,1164,44738,51,1848,150,25397,23427,38,997,10453,15,6989,2240,23220,6905,16546,530,578,344,1045,257,906,"Sydney - Inner West",14462,8723,6805,615,44,9939,215,367,1306,21731,810,11,10165,25278,891,119236,830,60,14,123,341,21,528,717,11918,2937,12435,337,3,11557,8642,631,57157,332,3,21778,1479,224,231,557,372,13833,0,687,237,1455,873,759,404,24,1655,6287,0,17976,178,28818,6198,34810,46,20984,41200,185,20,270,4,339,5809,4486,13179,901,7348,2639,3912,59,429,575,9872,441,129576,210,4338,1058,108,20430,414,534,7082,15,12040,11527,461,363,254,83443,5540,83426,67,451,485,23,2101,220,19467,37,9247,35,587,8112,46,3,2010,2854,1417,11,723,6,10713,273,7322,28339,22012,11312,181,144,"120",3429
8,54,1200,574,2452,6,3443,33211,8488,19772,7341,57564,335,24175,129,518,4116,8,3746,9865,582,11322,273,10210,1251,998,504,209,8194,453,16280,16281,11907,11640,35504,2273,1243,1206,3191,721,856,4276,4700,11147,562,15651,1199,1271,693,21117,4868,472,27120,1181,63266,87,2906,226,41969,37677,76,1100,13657,36,11841,1740,22640,10557,24215,1122,781,549,1239,374,1270,"Sydney - North Sydney and Hornsby",21283,9866,8164,660,81,15983,405,563,1546,20065,643,17,9910,40535,1373,157372,1000,119,9,160,602,29,677,839,17424,2999,23245,678,7,15492,14199,1245,57689,402,8,30051,1478,372,392,881,535,25080,0,1333,213,1517,1001,1019,909,38,3386,11926,4,21679,158,30431,10905,56112,75,34077,39811,374,15,515,9,550,7000,6775,21398,957,11360,5543,6571,82,714,937,11875,544,177444,243,3575,1231,209,30446,1010,1150,12336,22,19850,10995,587,448,213,107347,8608,104010,61,682,1040,28,1837,491,19746,52,11277,76,900,9809,68,5,3504,5846,3000,12,838,17,13034,305,13177,27258,29148,18530,417,232,"121",5465
9,24,557,401,1693,6,2691,19586,5785,10982,5131,37041,191,14628,47,295,1359,6,2425,5191,251,7580,121,6064,881,189,173,186,5362,368,10409,10499,8095,6222,22571,1350,748,718,2014,448,670,2530,3269,6797,356,9986,924,827,452,12710,2852,270,17994,868,37910,42,1076,196,27356,24258,38,706,8896,25,7098,907,12781,7026,14437,730,493,442,894,340,506,"Sydney - Northern Beaches",13522,6616,5026,387,38,10269,95,288,995,10210,357,4,5788,25251,1152,96627,700,36,9,162,499,26,478,576,10276,1859,15214,430,3,9418,9895,770,29671,314,8,18331,944,200,323,312,320,16724,0,814,202,915,704,763,287,22,2302,7630,0,11512,131,15456,6647,36296,32,21785,19481,139,10,137,0,132,4163,4436,13756,680,7267,3681,4439,61,599,792,6749,295,104843,174,1814,1011,172,19045,932,694,7526,10,12585,6566,582,210,175,60580,5785,62408,68,256,693,33,908,146,9266,28,6691,45,800,4760,49,0,2299,3834,2096,12,605,8,7875,244,8628,14216,18306,11529,142,103,"122",3440
5,39,377,706,1849,48,3817,18645,6721,14220,5475,33681,50,18175,37,466,844,39,1097,6670,79,4543,95,7261,1457,257,117,496,3598,247,11067,9911,5210,8935,20665,769,1300,1103,829,837,1704,5466,4232,6805,582,9333,1535,943,1687,15320,6136,414,16225,906,36400,16,570,231,26706,22349,10,877,10050,42,8846,1109,17876,4540,15512,246,1051,500,986,568,180,"Sydney - Outer South West",14349,7159,10321,99,16,9592,107,102,1471,10407,522,4,7549,25987,1151,98831,2455,31,3,374,290,24,756,635,10144,1989,8611,714,0,10422,10915,243,37033,353,5,17761,1018,147,192,184,704,11180,0,266,1354,973,918,850,159,111,1621,4072,0,11901,941,19302,8062,38050,11,20727,18210,58,16,142,10,114,9026,3041,12433,841,7088,2152,2107,33,467,701,6747,549,105411,349,2186,2280,94,17457,565,1133,9328,7,11331,8943,485,58,37,59359,3805,64837,408,99,232,19,1080,81,7805,117,14493,154,649,5159,19,14,2328,2267,1461,10,779,12,16457,771,5976,17730,20477,10064,79,52,"123",1501
6,53,449,704,2401,80,4811,21167,8486,16095,6728,40308,107,20364,26,560,1069,56,1557,7435,129,5304,98,8061,1497,235,168,676,5311,224,13903,11041,6129,10115,22876,941,1563,1396,1301,1004,1886,6252,5317,9294,750,10303,1903,1177,1919,17118,7071,493,19399,1223,41472,25,714,308,30975,25061,23,1043,11968,58,9877,1580,20494,6532,19696,349,1141,691,1204,682,290,"Sydney - Outer West and Blue Mountains",17975,8303,11107,179,22,12632,88,189,1745,11891,651,4,8657,28926,1600,118634,2823,22,0,513,421,35,797,768,13103,2567,10352,872,3,12346,13543,380,42299,432,8,20309,1392,170,279,253,764,13343,0,403,1603,1176,1083,1054,246,123,2010,5051,0,13596,1095,21617,9057,44071,18,23552,20909,80,16,122,9,114,9510,4303,14022,1077,9622,2941,3020,33,673,981,7763,662,126454,377,2923,2566,140,20910,374,1367,10490,6,12578,10379,537,111,70,73004,5214,78466,509,158,325,16,1337,130,9014,156,15761,179,787,5840,31,24,2879,3050,1833,6,911,21,18180,903,7211,20677,24314,13522,118,81,"124",2599
10,92,946,900,4090,42,3691,31957,16605,26902,6146,53759,166,25212,113,459,3988,34,2742,11842,609,7219,301,10172,1958,1363,668,376,7202,370,16786,15872,7714,15181,32824,1566,1328,2833,2322,868,1350,8529,4729,10146,1641,15269,1294,1804,1869,21595,9400,401,26686,2285,67522,41,3030,162,39912,34706,59,1463,16405,41,12110,4418,32874,8927,23446,592,1244,435,1216,403,1179,"Sydney - Parramatta",22191,13670,17190,528,68,14522,495,328,2030,31583,1197,10,15062,42269,1140,186126,2611,131,3,279,292,35,1063,783,15890,5375,13846,769,6,16429,12253,589,89386,438,14,35564,3162,317,191,948,817,15886,0,656,1323,2211,1256,1122,646,93,2200,6629,0,26796,1017,43380,11419,55669,32,33322,53864,281,16,498,12,759,15657,6133,18835,1746,10666,2966,4776,53,496,658,16190,778,181921,425,7751,1755,102,27073,682,1166,13105,22,17553,17691,756,280,253,108599,7609,126580,307,567,530,27,3335,313,22286,95,24180,137,964,10607,31,11,2894,3301,1860,15,1162,25,26587,742,8171,46009,32836,15069,338,166,"125",4027
9,32,549,245,966,5,1776,13411,3619,12991,3229,24087,178,11170,67,259,2201,7,1784,6461,314,4211,163,4481,520,527,282,104,3929,163,7716,6838,4439,7548,14703,793,569,656,1577,311,418,2279,2355,4601,319,6615,658,433,364,9777,2557,227,11505,529,26214,35,1634,79,17639,15503,35,454,6364,32,5215,729,14807,4877,11203,444,435,212,448,160,587,"Sydney - Ryde",9909,3883,4279,610,41,6842,237,303,673,10804,336,12,6526,17047,539,74246,556,51,5,85,188,20,278,300,7867,1122,8528,293,3,7005,5980,442,29401,147,7,12798,594,193,123,455,280,9295,0,491,112,526,416,367,404,17,1409,4314,0,9180,83,14995,5294,23563,30,14200,20504,173,19,267,0,305,3778,3011,8663,415,4883,2015,3093,43,276,356,5168,260,80354,154,1475,577,66,12583,387,519,5955,11,8087,7258,266,385,227,50703,3776,51353,34,273,405,15,742,214,9700,22,6058,46,390,4009,28,3,1477,2201,1196,13,318,8,6837,194,4859,14406,13368,7435,192,128,"126",2653
4,104,784,1095,3620,63,4143,28734,11953,24933,5981,54550,53,29156,71,550,1413,38,2121,11654,177,6993,226,11922,2346,374,238,381,6765,241,17655,12198,7583,14758,27579,1450,1548,2088,1837,997,1661,6011,5027,10124,1111,11651,1425,1745,2024,25155,6766,473,26988,1879,55460,39,1027,147,33215,29183,40,1541,17379,74,14071,2137,30045,8160,23681,448,1363,398,1091,507,375,"Sydney - South West",22359,11663,13083,175,49,13766,152,110,1763,19232,974,3,13278,36400,1064,157513,2855,48,5,298,287,36,1246,686,16742,3778,13491,866,0,17212,12326,395,58431,403,3,26727,1938,280,199,388,902,15944,0,454,1432,1839,1084,1176,294,112,1885,6500,3,22206,1082,30118,13234,49792,30,26834,34023,148,13,191,19,230,11698,5638,16988,1559,10601,2551,3445,56,365,510,12458,673,164828,467,4184,2169,85,27562,367,1338,15087,23,15930,15287,714,105,73,101964,6857,111312,347,200,407,35,2050,159,14789,79,17709,183,871,9747,33,20,2913,2811,1590,15,1125,23,19846,833,8359,28316,34591,14306,135,58,"127",3008
5,36,410,326,1121,13,3460,15332,3863,11199,5498,29880,59,13140,37,296,578,9,2114,5305,76,5341,91,5585,682,128,71,220,4911,202,10149,8846,5765,6174,18760,797,732,487,1878,437,805,2898,3898,6104,251,8410,1412,579,573,11618,3305,283,14411,536,29744,30,443,196,23594,20122,40,535,8056,12,6412,563,12650,6053,13818,553,590,404,668,297,170,"Sydney - Sutherland",12990,4273,5522,123,34,9338,67,107,994,8597,229,5,5892,20926,914,83858,841,22,0,178,291,23,353,430,9255,1185,10480,419,9,8699,10126,556,25891,240,3,14408,611,122,173,128,390,11874,0,590,236,575,636,509,93,22,2304,5132,0,8345,174,13357,6035,31969,26,17695,15739,52,8,69,0,71,4710,3925,11279,533,6514,3391,3841,47,494,690,4909,358,90642,202,1162,1103,120,15467,402,698,6726,12,10345,6481,359,57,65,53821,4855,55957,61,97,508,26,602,49,7140,48,7611,30,514,3431,39,3,2232,3502,2176,9,444,7,8823,267,6114,12534,16756,10181,44,45,"128",3378
8,16,252,448,1545,22,2397,9691,5531,7889,3396,21026,35,9767,9,235,277,16,1272,3726,35,2809,63,3809,977,41,40,319,3563,234,7738,5134,3260,5018,10419,467,679,736,1009,449,994,2614,2665,5873,377,4761,983,727,880,8050,2976,196,10082,819,18681,19,207,156,14758,11549,19,782,5979,29,4737,642,10011,4612,10733,209,585,335,594,370,82,"Ballarat",10012,5508,4612,96,14,8076,20,60,835,4886,357,3,4159,13045,814,60909,1291,3,3,240,221,17,524,378,7245,1247,5504,380,3,6341,7020,263,17557,217,0,8991,681,86,145,65,406,7089,3,278,689,565,550,869,50,61,1057,2691,0,5838,457,9018,4250,20883,5,11031,8671,27,5,20,4,28,3826,3127,6412,784,6110,1644,2436,44,378,531,3147,287,65659,183,1220,1365,75,10941,426,581,5026,0,5657,5000,578,60,43,38990,3920,40411,230,43,186,9,577,23,3787,78,6439,92,758,2691,24,6,1462,1710,970,18,888,5,7589,416,3833,8537,12320,8476,29,24,"201",1970
4,22,255,498,1561,35,2371,9374,6029,7292,3397,20240,50,9507,17,223,283,28,1448,3523,47,2783,65,3698,1062,41,35,316,3559,297,7561,4941,3241,4749,10144,490,670,676,1128,449,958,2565,2648,5644,372,4588,999,717,881,7701,2921,203,9701,841,18056,15,206,158,14542,11247,16,754,5589,17,4692,845,9377,4617,10467,201,562,354,551,364,98,"Bendigo",9942,5741,4523,71,15,7760,12,82,854,4544,304,4,3770,12797,859,59276,1340,8,0,241,245,20,559,356,7015,1405,5402,386,0,6066,6765,230,17108,196,0,8679,761,78,155,59,351,6972,0,246,748,642,564,823,47,59,1027,2615,0,5354,506,8762,4002,20424,10,10791,8111,23,8,31,4,28,3707,3105,6311,837,5852,1525,2500,37,400,560,2947,282,63788,205,1459,1323,93,10542,593,589,4814,4,5552,4635,642,40,30,37335,3952,38491,247,54,186,9,620,19,3567,71,6276,78,790,2407,12,10,1513,1600,946,21,867,4,7441,459,3731,8351,11652,8089,21,29,"202",1862
10,39,466,686,2234,47,4156,18160,8703,14356,6167,36062,82,17231,29,380,652,39,2603,6686,110,5421,122,6959,1426,122,106,506,6454,452,12464,10169,6103,8513,20846,879,1089,1221,2112,710,1440,4358,4661,9171,669,9598,1685,1038,1209,14569,4972,335,17195,1199,35295,33,553,242,27539,22802,33,1122,9827,36,8436,1397,17510,8220,17825,435,838,556,1031,529,208,"Geelong",16215,8384,8030,135,35,12626,64,147,1470,10130,555,10,7664,24590,1431,106736,1810,3,7,400,389,25,739,707,11918,2164,10760,626,0,10714,12428,521,34014,326,11,17139,1258,169,234,172,553,13113,3,559,922,903,963,1158,162,71,2260,5337,0,10167,625,17411,7605,38446,28,20807,18449,69,18,58,3,81,6666,5282,12636,1076,9226,3434,4606,48,684,923,5627,509,116009,290,2351,1967,154,18865,790,960,8799,8,11243,8996,831,59,69,68529,6554,69947,300,102,402,26,959,76,8319,103,11024,111,1173,4536,23,5,2583,3584,2070,21,1079,11,12999,595,7006,16604,20542,13976,81,67,"203",3755
14,23,269,677,2086,21,2539,10787,7510,7322,3780,24381,67,10784,15,250,584,16,1720,3113,167,3183,62,3981,1399,46,49,305,4236,371,9681,5578,3714,4548,11475,543,655,986,1326,405,1103,2736,2831,7039,527,5166,1066,983,857,8609,3130,222,11877,1103,20720,24,554,164,16143,12667,18,1034,7022,26,5127,919,9869,5387,12884,226,566,349,664,441,340,"Hume",12473,7378,4874,271,12,10034,42,119,872,5065,459,4,4216,14203,796,71035,1293,9,0,239,240,15,719,419,8965,1858,6086,348,0,7327,7252,247,18857,250,0,9930,967,100,140,87,357,7861,3,257,704,885,541,1054,131,50,1151,2899,0,6061,482,9585,4631,22250,12,12012,8781,43,3,28,3,38,4091,3780,7090,1126,7795,1663,2814,47,366,533,3322,329,73499,206,1729,1542,95,12502,588,577,5651,6,6305,5320,736,123,144,43287,4747,46834,222,176,204,5,813,68,3722,63,6827,81,883,2742,26,6,1621,1733,1048,19,1046,7,8007,441,4146,9276,14344,9856,64,49,"204",2172
17,36,410,865,2900,55,4284,15113,11066,10027,5817,35349,81,15407,13,388,519,40,2686,4538,92,4390,112,5754,1905,76,69,604,6998,553,14484,7768,5177,6729,15988,796,1116,1295,2091,727,1834,4571,4730,12008,697,7186,1798,1395,1517,12263,5164,348,16985,1496,29102,40,375,254,23987,17769,32,1584,10271,38,7423,1405,13660,9090,20012,338,843,581,942,654,204,"Latrobe - Gippsland",18760,10958,8109,138,34,16226,35,123,1258,7246,596,3,5484,21208,1353,105553,2198,13,3,464,329,26,1044,612,13627,2388,8379,617,5,10873,11618,372,28652,323,3,13988,1296,156,206,102,580,11204,4,413,1293,1092,809,1690,99,102,1810,3990,0,8842,902,14742,6507,34172,17,17587,12693,35,6,33,5,35,6840,6473,10001,1611,12682,2460,4466,62,584,835,4874,446,112268,269,2482,2493,127,18364,975,967,7986,13,8800,6930,1267,77,65,66623,8091,70122,399,113,306,13,1077,55,5449,140,11411,139,1673,3969,37,20,2619,2588,1650,24,1694,10,13272,678,6024,13904,21147,16325,51,44,"205",3405
16,51,946,1667,8452,42,3668,47585,30819,58032,8162,74090,1071,30521,121,456,12224,28,3585,31387,2705,10126,207,12990,3118,1347,1676,257,8748,564,19507,15979,10956,39111,32489,1973,1202,6755,2923,743,1422,5088,4672,11825,3179,14827,1284,3990,1385,24348,6555,414,36607,4464,95772,78,10041,285,41386,36289,55,3325,19808,44,16479,8692,71626,11425,29601,803,1503,694,2711,559,6022,"Melbourne - Inner",27294,30756,11423,4849,76,17802,418,1849,4439,63111,3571,21,26642,37370,1593,270151,1991,133,4,206,746,38,1453,1846,20267,10205,19989,687,9,20056,17126,962,167336,865,3,48185,5458,293,475,3067,1032,22708,0,1043,446,4748,3023,2229,2856,50,2655,9867,0,46420,328,86274,11357,56097,62,32534,125985,1388,25,499,7,1069,8197,6807,20317,3421,12439,4412,5828,112,802,1089,25306,1420,292969,473,17350,1977,267,37478,1060,1101,14047,28,17662,32521,1293,2756,2093,193896,9035,187898,114,3317,746,19,8661,1410,62871,49,13285,90,1506,21115,78,16,3302,4640,2337,35,2290,6,17981,600,11755,81063,39863,19191,1439,783,"206",4626
7,69,1044,584,1976,23,3422,23883,7227,26026,6953,50101,362,25022,108,461,3708,15,3917,12393,401,9524,281,10865,1227,870,584,181,9069,451,14976,11887,10003,14194,26318,1815,1108,1299,3374,644,827,3355,4538,10117,697,11408,1133,1013,698,22013,3844,414,23326,959,44882,82,2742,198,34025,28066,78,909,11962,47,12456,1255,29236,11680,22001,1150,821,469,954,321,886,"Melbourne - Inner East",19302,8224,6487,868,82,14195,344,672,1384,18643,599,14,13629,32120,1261,142720,1047,101,11,144,524,35,644,674,15693,1784,19730,612,3,13773,13581,1291,48821,280,9,20998,890,317,367,993,534,21402,0,1386,204,902,934,953,697,28,3257,10203,0,14322,147,24670,11149,46969,74,26605,35169,403,21,392,4,498,5407,7211,16179,833,9866,5209,7022,91,599,796,7915,449,159685,286,2430,1151,152,26772,978,1023,12568,13,14905,15039,772,501,366,100777,9231,98727,57,488,1065,50,1174,393,16523,38,8758,73,1118,6410,74,9,2986,5541,2921,13,726,12,10327,347,11395,24147,25734,16999,309,311,"207",5945
13,64,940,621,2585,22,4082,29547,8809,22630,7401,57917,255,23457,68,519,2350,12,4371,11098,231,11151,253,9887,1320,472,309,263,8885,584,17239,15445,11782,12921,32977,1927,1275,1335,3694,754,1084,4031,5087,10916,706,14758,1427,1347,806,20430,4621,476,27425,1236,56399,74,1515,277,40356,35500,50,1181,14209,33,11519,1491,25830,11450,24102,936,908,639,1306,400,585,"Melbourne - Inner South",22019,10220,7995,645,75,15374,171,435,1624,18755,628,8,11528,37976,1767,154454,1217,40,10,210,708,50,697,890,17359,2555,22675,706,6,15754,14967,1141,52239,414,7,26858,1254,255,477,503,589,24866,0,1230,293,1307,1085,1156,395,37,3155,11520,0,17953,201,27141,10541,54708,62,32312,36089,194,24,252,5,262,6703,6706,20048,1113,11108,5311,7927,106,939,1215,9989,540,173019,322,2945,1486,228,30497,1259,1182,11938,15,18224,12913,786,385,262,105742,8472,103777,92,356,886,41,1462,230,17339,50,10732,74,1265,7958,82,5,3404,5601,2874,18,932,13,12618,415,13082,25094,29963,17925,162,173,"208",6548
20,78,856,1105,3548,58,6053,36369,12745,29177,9170,65375,201,29595,58,568,2598,38,3391,13914,307,10088,215,12258,2290,726,361,547,9277,525,20211,19300,10904,17110,40182,1678,1457,2106,2793,888,1877,8468,6993,12559,1096,18374,2112,1816,1804,25513,9415,506,31414,1728,71435,65,1703,355,49188,43252,57,1614,18644,55,14450,2392,34478,11613,28501,842,1439,760,1695,618,664,"Melbourne - North East",25939,13541,15533,598,66,18003,274,345,2375,25681,1007,3,15259,47244,1962,193667,2594,46,5,439,539,51,1188,1126,19169,3731,19892,791,3,19752,18260,829,76497,568,3,35070,1943,239,340,505,944,22932,4,902,1103,1789,1533,1520,340,80,3465,9810,0,24113,825,38709,13249,67467,41,39258,46199,144,17,316,15,419,13559,7639,23954,1465,12879,5038,5627,89,1012,1373,13677,839,206008,497,4686,2496,199,33960,1014,1302,15147,9,21810,17367,1030,377,223,122397,9553,130035,276,360,777,34,2298,190,20521,107,22030,130,1374,10434,62,15,3844,5291,3206,26,1386,20,24945,789,12029,37789,38397,19688,152,142,"209",4513
11,56,582,941,2955,33,3821,25759,10587,20477,5936,48378,76,23214,42,440,1430,30,2544,9279,156,6900,164,9496,1954,429,227,369,7108,332,14090,13076,7514,11703,27516,1109,1220,1638,2162,772,1424,6317,4458,9330,925,12465,1325,1432,1606,19892,7030,389,23605,1526,50870,42,989,218,33757,29489,51,1294,14458,47,11278,2015,24562,8801,19366,579,1042,469,1171,503,348,"Melbourne - North West",18009,10452,11941,191,59,12451,193,148,1738,18467,717,9,11196,34000,1248,141298,2256,42,4,295,338,39,1015,777,13181,3144,13500,670,5,14865,12132,541,55363,390,8,25112,1645,162,222,339,679,15764,0,600,1187,1495,1100,1244,236,86,1948,6600,0,17994,894,27686,10400,47376,36,27353,32262,104,11,214,12,216,10545,5689,16414,1233,9234,3087,3987,49,596,810,10281,637,147425,363,3776,1921,115,24774,521,1055,11932,7,15045,12854,812,108,84,88168,7116,95967,289,190,527,28,1754,126,13792,73,16871,140,1046,7718,34,4,2468,3280,1776,17,1080,20,18976,655,8248,27676,29326,14061,107,77,"210",3403
16,82,938,880,2899,49,7349,34786,10003,26728,10970,70554,159,32021,67,689,2221,42,3771,12480,175,11164,282,13374,1851,703,312,725,10252,548,23270,19220,12273,14897,39929,1772,1838,1325,3162,1149,2197,7738,8365,14973,746,18135,2722,1482,1709,28042,8738,635,33719,1416,67378,51,1425,495,51457,43481,66,1343,19858,46,15554,1413,30796,12820,32235,913,1452,967,1755,867,430,"Melbourne - Outer East",29480,11041,13878,227,80,20900,279,292,2480,20630,576,4,14249,46417,2543,194122,2515,59,3,573,723,48,975,1164,21826,2783,22002,1033,3,21529,21646,911,63336,592,4,32591,1451,264,480,487,963,25790,3,992,1019,1326,1621,1419,394,96,4222,10838,0,20727,705,32378,14666,70613,34,39525,37461,173,19,340,20,360,11681,8395,24261,1317,15237,6357,6774,67,1314,1805,11762,858,209687,489,2818,3064,241,36838,1110,1672,16463,8,21787,15899,974,133,91,125806,10341,131235,318,258,841,35,1408,238,16832,150,19416,142,1504,8961,47,5,4533,6673,3936,13,1163,24,22621,807,13511,30958,41384,23402,156,133,"211",5587
24,110,1449,1649,5289,120,7831,53130,19769,49541,12900,97125,368,50851,167,1078,5532,95,5035,22384,556,14153,375,20782,3620,1716,797,1015,13622,678,29473,27727,15463,28331,58347,2473,2816,3517,4250,1743,3020,14056,9395,19121,1913,26431,2897,2535,3681,43760,15590,924,47807,2749,105945,89,3829,455,72511,62226,73,2277,29176,129,24544,3665,59603,16990,40801,1177,2594,1096,2282,1046,1147,"Melbourne - South East",37990,19346,26311,1180,99,26191,682,648,3569,38615,1602,20,27157,72331,2672,300181,5368,149,19,796,697,68,1975,1447,27418,5722,27258,1535,9,29418,25340,1154,117069,835,20,52813,3060,431,435,1219,1678,32025,3,1271,2652,2661,2256,2133,750,193,4277,13112,0,37246,1910,58651,22978,100341,66,58515,67039,417,34,796,17,864,23259,11436,34499,2218,19301,6342,8225,109,1145,1602,21681,1312,308805,917,6988,4073,259,49320,1235,2459,26306,29,31912,31270,1584,656,517,183581,14346,204069,743,590,1096,53,3318,406,28430,218,37322,320,1936,15567,78,20,5437,6769,3809,30,1935,37,41903,1680,16564,58419,58594,28821,345,279,"212",6850
19,134,1220,1718,5996,99,7394,56979,22871,41060,11440,91322,236,43170,110,970,4419,70,3170,18756,476,13032,308,17560,3588,1536,674,852,9670,548,26530,29503,14272,24122,61175,2384,2554,3939,2551,1589,2988,14558,8754,15443,2235,28155,2759,2880,3302,36621,16153,834,44953,3116,114410,58,2880,462,71848,65381,71,2411,27286,119,21096,5261,50461,12202,37759,699,2361,1021,2560,1054,1002,"Melbourne - West",34990,21071,28138,619,73,22267,583,405,3860,40722,1700,8,22301,73509,2603,283698,4844,90,10,661,661,94,1870,1673,25064,7488,24960,1402,7,27426,22959,741,126868,884,19,57434,4101,395,468,949,1507,29663,0,823,2382,3389,2461,2163,556,166,3420,11932,0,40987,1731,64252,19066,99070,39,59386,72057,280,32,666,20,756,25018,7777,35875,2462,16286,4740,5563,92,1190,1649,23580,1403,291715,853,9516,4038,189,46366,959,2236,22071,17,33021,26338,1294,352,270,167153,9856,186096,652,524,622,47,4251,304,31334,193,39574,286,1600,17410,56,29,5241,5097,2989,37,1981,31,44295,1540,15394,62617,54708,23369,254,166,"213",4490
14,32,453,678,2364,61,4267,18800,8382,12858,6392,39633,96,16996,32,386,656,41,2974,5866,79,5960,152,6846,1457,117,68,502,7324,512,13365,10120,6743,7756,20837,961,1062,999,2411,679,1526,4436,4759,10854,502,9463,1593,1191,1335,14315,4999,336,18999,1171,36209,38,422,260,28360,22948,30,1180,11034,43,8295,1043,15891,9431,18938,523,851,579,1116,631,191,"Mornington Peninsula",17139,9346,8128,101,47,14193,58,154,1357,9288,497,9,6992,25462,1507,110890,1939,21,3,401,417,32,785,717,12885,2096,11770,595,0,11769,13098,574,32036,396,10,17407,1042,155,270,117,589,14347,0,625,1029,1056,892,1382,137,77,2358,5811,0,11029,700,16621,7473,40064,28,21389,16653,48,15,80,0,49,6833,6348,12826,1127,10623,3890,4698,51,733,998,6190,469,121563,261,2063,2156,148,20632,891,931,8700,12,11374,8139,1037,63,42,71489,7932,73725,329,109,495,20,1018,82,7369,100,11272,126,1454,4835,36,11,2586,4070,2192,10,1160,11,13128,604,7606,15416,22809,16384,56,57,"214",3748
15,13,205,556,1786,55,2101,8234,7283,5725,3023,20043,63,9032,10,229,674,44,1772,2551,231,2428,46,3303,1144,62,41,296,4225,357,8240,4190,2828,3986,8543,401,647,793,1394,417,950,2447,2312,5935,446,3862,953,775,891,7122,2801,196,9940,1008,16287,19,626,132,12852,9462,22,945,6060,35,4334,1000,8194,5449,10390,171,484,292,498,345,443,"North West",10744,6497,4345,360,25,8340,31,118,739,4471,348,3,3182,11371,680,60841,1322,6,3,232,146,19,592,308,7062,1509,4580,345,0,6086,5851,205,16885,191,0,8049,898,80,87,95,319,6019,0,229,782,612,461,995,116,61,815,2153,0,5196,528,8387,3814,17904,9,9543,7626,51,3,34,7,27,3661,3627,5277,1114,6410,1144,3014,35,289,421,2893,281,62072,166,1665,1299,56,10104,606,538,4690,7,4678,4210,790,203,157,37001,4594,40082,254,213,149,3,670,48,3160,66,6106,101,986,2308,26,11,1372,1197,730,17,1086,10,7144,426,3191,8494,12146,8166,69,55,"215",2367
9,16,183,468,1464,31,1776,7478,5607,4973,2526,17288,37,8319,0,237,347,24,1359,2197,61,2150,56,3074,1016,63,38,244,3348,282,6552,3804,2538,3266,7943,361,620,532,1053,375,850,2165,1977,4879,296,3549,748,655,778,6637,2421,204,8493,815,14602,27,221,107,11341,8741,17,701,5120,34,3951,690,6717,4311,8576,152,391,246,459,345,166,"Shepparton",8478,5303,3792,84,18,6820,19,51,574,3734,234,0,2776,10400,549,50890,1125,4,0,180,133,14,546,307,5836,1232,4113,306,0,5198,5078,165,14161,152,0,7123,682,64,85,61,269,5439,0,184,693,547,386,883,48,66,688,1964,0,4589,482,7254,3561,16023,12,8563,6516,22,3,23,5,41,3230,3052,4936,770,5259,995,2186,26,230,331,2610,193,52661,123,1269,1194,50,8793,457,512,4366,0,4394,3446,680,55,32,30988,3893,33723,212,98,137,5,582,23,2778,60,5394,99,779,1973,15,8,1121,1060,620,14,849,7,6211,345,2902,6907,10323,6846,26,19,"216",1700
12,13,189,426,1258,34,1836,6994,4589,4826,2593,17023,46,7570,3,188,552,23,1225,2084,119,2125,51,2846,911,43,86,222,3140,242,6568,3848,2479,3061,7741,414,517,516,960,333,772,1933,2041,4642,286,3595,796,589,658,6047,2199,162,8247,672,13662,19,443,104,11193,8558,18,689,5036,16,3648,444,6477,4102,8752,142,379,235,444,288,255,"Warrnambool and South West",8515,4700,3391,161,19,6588,29,95,576,3408,229,3,2744,9684,578,48091,975,8,0,171,146,6,490,298,5973,912,4127,289,0,5237,5148,202,12557,150,3,6665,484,71,84,152,250,5338,0,222,561,431,356,724,167,35,789,2002,0,4025,375,6380,3198,15411,11,8364,5846,64,0,29,0,34,2855,2647,4710,699,5033,1110,2213,31,268,371,2268,218,50501,129,864,1068,60,8778,457,457,3927,3,4147,3413,541,96,67,29845,3338,31869,185,136,127,4,420,100,2436,52,4788,57,738,1749,18,6,1215,1171,721,8,736,3,5590,317,2862,6175,10280,6573,63,49,"217",1722
0,41,333,351,1250,46,3342,15592,4483,10131,5037,31729,116,14608,48,390,783,31,1716,4675,90,4579,74,5935,717,171,74,418,4681,328,10490,8507,5203,6041,17672,735,1057,528,1371,667,1343,3765,3711,7779,283,7913,1397,642,1052,12649,4265,353,15032,616,29722,13,557,257,23012,19344,17,644,9157,31,7060,540,12336,5820,14561,318,652,525,869,520,205,"Brisbane - East",13374,5037,6660,126,16,10101,93,189,1028,7033,242,3,5455,21108,1152,84957,1550,34,5,304,315,16,366,531,10033,1179,9152,608,3,9863,9633,358,24606,343,6,14129,597,139,211,129,439,11332,0,382,853,584,647,698,118,50,1659,4572,0,9076,586,12686,6718,31892,14,17448,12397,57,6,112,7,98,5710,3986,10842,633,7730,2353,2985,28,544,800,4977,380,92469,221,1091,1860,107,16706,616,961,7549,8,9762,6291,511,68,57,54762,4841,56907,267,107,297,12,554,69,5360,118,9470,76,713,4102,19,12,2155,2433,1511,7,615,11,10922,504,6122,11923,19017,11019,49,69,"301",2336
4,24,275,282,1232,33,2262,15377,4708,11804,3920,26800,127,11523,25,307,1098,28,1787,5745,127,4033,64,4840,595,286,133,290,4731,291,8338,7869,4478,7145,16214,610,761,865,1469,452,902,3581,2562,5989,445,7407,954,619,858,9952,4060,282,12926,611,30005,28,677,173,20285,17650,23,536,7776,25,5698,914,14100,5868,11645,294,626,417,819,331,280,"Brisbane - North",10549,5427,6449,168,19,7586,131,212,1131,10839,417,8,6063,18858,872,80461,1258,17,4,202,278,17,317,533,8264,1346,7750,408,0,8339,7650,368,32658,282,3,14629,708,82,163,196,422,9258,0,393,598,638,735,545,165,41,1269,3719,0,10852,417,16719,5107,27378,19,15948,20079,64,11,151,5,131,5512,3531,9780,500,5677,2000,3491,27,445,616,5986,397,88575,204,1796,1232,109,13873,794,693,5825,6,8800,6951,415,124,48,54677,4262,54790,184,158,277,13,874,90,9241,83,9092,61,714,4867,17,11,1582,2080,1176,5,512,5,10506,402,4787,15941,16116,8767,71,91,"302",2655
8,65,629,527,2099,57,3403,24933,8131,26089,6056,42442,284,21311,89,463,3531,36,2192,12512,501,6619,170,8844,1217,891,487,347,5837,296,12475,12903,7296,15207,26549,1066,1244,1770,1846,786,1256,5712,4095,7919,934,12210,1362,1053,1286,18351,6464,433,20324,1045,49104,33,2425,260,32711,28659,33,847,11716,32,10440,1833,30733,7231,18285,450,1119,554,1222,528,1080,"Brisbane - South",16289,8113,10395,982,40,11055,288,494,1917,21786,837,16,13578,31004,1306,136742,1894,66,3,273,410,36,692,785,12451,2273,12991,718,3,12677,11651,510,61582,429,3,24176,1157,219,271,760,735,15191,0,550,721,1117,1247,812,457,55,2045,6374,0,17713,516,30997,9507,43963,25,26104,40179,275,17,339,10,483,8872,4658,15761,864,7968,2953,4199,50,633,891,9937,668,145623,383,3467,1789,146,22114,530,1153,10870,20,14341,15523,551,568,411,90014,5725,93474,200,577,418,25,1639,282,18393,77,14584,86,760,7775,35,19,2462,3140,1801,11,759,8,16853,603,7897,30582,24392,12213,177,205,"303",3604
3,11,327,268,742,10,1871,12998,2898,14647,3650,23404,238,14387,35,324,1612,7,1195,7075,156,4537,81,6207,586,210,140,196,2929,190,6924,7053,4880,8500,15145,702,820,752,979,493,554,2241,2210,4642,374,6686,711,391,553,12568,2535,313,11028,353,24571,23,1039,167,18399,16373,22,323,5701,9,7211,435,16987,3862,9858,392,595,356,589,216,370,"Brisbane - West",8768,3649,4045,740,27,6804,117,412,729,7740,384,6,7570,16942,865,68945,848,24,0,162,314,20,314,383,7111,789,8998,467,0,6639,6907,428,22002,203,5,11571,398,104,197,244,388,10091,0,453,246,384,470,353,216,19,1463,4461,0,7194,151,11136,6359,24719,16,14393,14162,103,8,144,5,119,3406,2378,9316,295,4944,2316,2347,36,466,632,4020,260,75838,208,903,771,119,12376,641,780,7171,12,8462,8488,265,492,250,45859,3060,46613,86,215,369,12,462,124,6419,32,5649,30,443,3171,31,3,1431,2407,1347,7,273,8,6572,299,5211,10868,12331,7544,98,173,"304",1663
4,16,348,584,3028,19,1795,19452,11218,24241,3761,33705,522,14914,69,270,5086,9,1148,12565,1212,5238,69,6231,1127,498,561,180,2841,232,9160,7931,5649,15888,16261,807,755,2476,887,492,653,2592,2156,4953,1242,7426,727,1320,752,12141,3209,257,17213,1710,39444,19,4489,160,20395,17922,11,1199,9264,12,7830,2818,30119,3824,12504,261,812,338,1045,286,2534,"Brisbane Inner City",12488,10653,5221,2324,20,7773,243,886,1701,23020,1233,11,11669,18315,858,113552,1084,89,3,144,334,17,547,693,8649,3479,10110,465,0,8869,7483,338,60180,347,0,19992,1896,131,218,1148,556,11389,0,356,257,1584,1121,907,1053,24,1183,4874,0,16989,188,29918,5907,26657,16,16293,43672,590,4,257,0,447,3959,2518,9991,1340,5402,1839,2344,32,457,618,9618,576,116291,261,5543,942,122,16491,546,718,7083,6,8837,14232,490,1332,990,73888,3356,77454,69,1327,242,12,2725,508,20651,37,6550,40,555,7371,32,3,1550,1911,1051,4,945,0,8430,330,5744,30257,18133,8031,546,364,"305",1751
8,30,359,945,3911,54,2823,18575,13152,9956,4740,38157,836,15953,203,410,7409,44,1652,4614,1271,4525,78,5485,1936,857,1139,461,4707,325,13281,7469,5254,8124,16026,898,1108,1646,1266,698,1398,3706,3211,9917,823,6825,1220,1883,1417,11511,4298,342,18443,2024,34800,28,5784,243,21934,17918,23,2045,10222,58,7955,1882,15895,6383,18904,284,728,582,1083,572,2892,"Cairns",18233,13036,7119,2224,23,15288,511,1399,1223,8831,824,38,5336,20853,1243,108609,2077,215,0,347,392,30,992,680,12783,3527,8656,572,4,10927,8931,296,34530,404,10,16227,1769,176,231,2078,475,11023,3,321,1293,1759,747,2010,1454,123,1380,4131,0,11893,899,18244,6031,31025,16,16609,16413,936,12,575,8,726,6033,5063,10442,2084,11294,1920,2496,43,569,810,6417,481,114904,254,3805,1970,155,19713,487,914,7996,24,9193,7774,1153,1269,951,63436,6712,67744,392,1619,251,10,1920,884,7582,119,9733,175,1157,5477,27,11,2147,2009,1198,9,2104,16,11422,661,5767,16283,21147,14514,569,564,"306",1941
7,16,161,471,1910,31,1507,7537,6913,4666,2337,17615,24,7342,9,220,303,28,1025,2009,83,2113,38,2536,1003,32,19,266,2952,199,6931,4033,2511,3308,8125,347,625,636,808,407,840,2540,1689,5257,365,3756,630,740,930,5672,2810,172,9219,1172,15269,13,291,98,11761,8889,11,813,5516,47,3435,1094,6864,3710,8538,113,398,231,439,344,153,"Darling Downs - Maranoa",8980,5323,4016,172,16,7521,26,42,507,3691,276,0,2660,10528,549,53310,1380,14,0,209,118,9,529,265,6007,1618,3809,310,0,5028,4423,137,14823,171,0,7728,977,65,68,38,261,5118,0,151,951,639,294,854,60,96,631,1692,0,4697,635,7141,3137,15503,7,9197,6146,18,4,25,3,22,3513,2980,4857,1055,5929,793,1658,21,227,319,2690,215,50684,136,1692,1186,53,8397,325,478,3904,3,4372,3553,588,99,78,29553,3692,34340,313,72,99,3,599,32,2451,63,6057,139,607,2012,14,3,981,828,565,7,936,5,6831,457,2606,7685,10548,6969,33,17,"307",1308
6,29,224,775,3317,86,2665,14413,11310,9565,4569,31803,79,14162,33,466,779,59,1257,4238,320,3643,58,5184,1589,109,96,602,3878,276,11173,7899,4439,6650,15560,611,1290,1396,959,824,1691,5188,2920,7157,797,7311,1376,1283,1684,11169,5835,409,16463,2031,29775,14,926,213,22563,17154,16,1182,9894,54,6855,1928,13740,4934,13541,168,761,544,878,694,493,"Central Queensland",14901,8412,8684,240,19,10275,76,117,1180,7644,597,5,5328,20527,1203,92998,2542,23,0,435,255,23,813,505,9326,3057,6803,683,0,8950,8178,210,30952,372,4,15363,1933,71,151,207,480,9444,0,231,1696,1124,701,1050,226,129,881,3158,0,9343,1144,15229,5986,29911,6,17453,12842,102,6,85,9,80,7542,3709,9257,1634,8148,1219,1988,17,499,714,5366,481,88532,282,3103,2381,100,15338,440,1089,7309,10,8249,7091,711,131,114,49435,4614,58202,548,178,151,14,1170,62,5204,169,12724,190,794,3973,13,29,2010,1294,801,3,1172,9,14514,856,5004,15722,18842,9580,165,42,"308",1526
10,78,819,1592,6274,106,6889,42735,22466,30715,10665,80292,833,36895,406,819,8169,80,4910,14960,924,11028,229,14394,3346,1160,1176,924,12600,1120,24566,20328,12447,20451,43132,1885,2364,3518,3671,1548,2795,9446,7784,21895,1748,19010,2579,3217,2694,29660,10729,746,38155,3053,81807,48,6536,503,54297,47023,71,3188,21762,65,18365,3627,40017,16511,37623,694,1725,1094,2230,1148,2133,"Gold Coast",32883,24481,17450,1831,57,29449,988,1524,2879,23684,1765,81,15752,52590,2535,236569,3957,416,6,706,711,47,1755,1413,25491,6342,21805,1384,9,23725,21314,728,80974,817,3,39069,3151,393,445,2074,1114,26456,0,795,2123,3192,1822,3199,2050,148,3469,10771,0,26385,1498,42020,15264,76435,31,42541,43378,894,22,1044,17,896,14922,11823,26698,2910,22008,5135,7877,65,1166,1672,14749,1063,259244,613,7282,3937,265,42138,1958,2130,18537,92,24115,19568,2115,1031,800,150161,15041,153272,625,1211,615,25,3657,1209,19700,216,24370,214,2716,11635,47,21,4508,5389,3052,22,2985,21,28175,1263,14011,38955,45492,31525,843,693,"309",5763
5,48,366,998,3314,128,3690,21971,13082,15776,6431,41739,100,22160,45,740,1004,110,1555,7239,115,5065,104,8302,2235,267,157,825,4923,269,12555,11056,6087,11069,22475,909,2007,2251,1265,1273,2165,7340,4103,8410,1322,10204,1641,1495,2803,17687,8276,649,20481,1816,43497,18,718,331,31800,24850,20,1255,12509,79,10673,2834,22328,6150,17054,253,1423,773,1400,868,237,"Ipswich",16714,10679,13084,179,20,11358,111,230,1873,11573,930,6,8537,30706,1679,122517,4121,31,6,608,392,32,1237,882,11432,3819,9690,1028,4,12583,12111,296,46998,527,18,21524,2287,158,235,219,948,13116,0,318,2560,1532,1145,1186,140,236,1472,4623,0,14686,1743,24200,9384,44491,13,24594,20653,62,7,143,11,118,11326,4338,13799,1453,8629,1940,2559,30,645,971,8125,724,126732,481,4751,3038,158,21255,507,1672,11483,3,12277,11259,722,90,86,70551,5337,76908,820,119,230,13,1914,76,9080,216,18664,306,861,6562,17,18,2587,2065,1306,8,1143,26,21358,1319,7026,22802,25088,11799,64,130,"310",2018
3,54,402,961,2762,139,3967,21833,9244,15820,6597,40441,149,22404,54,683,1032,112,1398,7032,92,4866,91,8536,1979,230,115,879,4533,190,12798,10964,5901,10745,22511,860,1948,1608,1182,1262,2367,7205,4432,9155,813,10161,1650,1376,2818,18197,8146,587,19507,1381,42571,14,679,263,31486,24775,25,1227,12149,90,10911,1625,21786,5546,17803,272,1416,725,1399,890,249,"Logan - Beaudesert",16601,9303,12598,176,14,12239,87,284,1835,11424,790,3,8788,30134,1651,119142,4191,31,4,642,350,27,1020,866,11913,2771,9292,1036,0,12436,12744,250,43967,534,7,20740,1409,143,204,192,890,12906,0,266,2630,1363,1141,1059,155,201,1604,4429,0,14865,1818,22690,9659,44529,15,24167,19804,79,15,132,19,120,10817,3926,13815,1147,9506,2206,2277,22,597,864,8301,696,125375,528,3183,3259,150,20928,275,1627,11495,12,12346,11043,600,105,70,70515,4833,77729,811,153,244,10,1557,85,8379,243,18019,289,695,6566,22,25,2536,2314,1445,6,1054,27,20739,1368,7002,21282,24586,12655,72,134,"311",1962
7,12,183,580,3490,41,2080,11844,11994,7526,3258,26622,218,10309,43,257,2142,31,889,3507,444,3052,45,3746,1252,216,261,449,2738,153,9136,6561,3626,5725,12669,447,775,1367,715,517,1181,4037,2279,5581,735,6097,963,1188,1121,7929,4533,222,14277,2296,25392,10,1602,172,17717,13896,14,1030,8124,28,5058,2443,11330,3454,10976,129,548,404,686,481,1113,"Mackay - Isaac - Whitsunday",12555,7528,6573,799,14,8367,109,352,907,6754,630,11,4023,15739,890,78105,1631,42,4,337,214,18,674,399,7456,3399,5437,420,0,7199,5998,141,27655,294,0,13547,2298,65,127,493,346,7314,0,163,1047,1103,521,850,302,90,657,2385,0,7795,743,13481,4181,22628,7,14054,11554,231,3,89,7,166,5711,2768,7335,1821,6535,891,1397,12,366,535,4548,383,71748,204,3881,1669,86,12346,206,645,5251,9,6572,5601,507,477,323,39447,3440,46788,307,670,118,4,1438,163,4804,111,9756,115,512,3248,14,8,1431,937,594,4,1066,10,11110,517,3690,14168,15325,7458,146,136,"312",1170
0,27,293,587,2025,87,3259,15067,8429,9914,5008,31405,108,15034,52,432,1184,68,2060,4516,220,3560,65,5849,1272,119,110,623,5580,561,10952,7332,4355,6884,15201,605,1272,1095,1474,833,1752,4402,3569,10410,633,6694,1338,962,1743,12325,4977,381,15029,1065,28792,23,756,262,21573,16978,16,1072,9521,45,7374,1225,13874,7105,15558,219,792,597,983,681,610,"Moreton Bay - North",14031,8405,7771,281,19,12827,92,165,1111,6550,457,5,5401,20272,1290,91538,2591,37,0,457,294,20,688,603,10800,2079,7016,699,0,9916,9743,254,26917,381,5,13729,1135,121,179,192,496,9744,0,269,1706,944,691,1236,205,123,1435,3457,0,9531,1181,13945,6475,31297,17,15964,11442,77,15,110,14,80,6622,5117,9641,1039,10096,1966,3264,26,527,788,5181,411,99380,298,2120,2433,115,16375,1051,1085,7662,6,8511,6994,872,172,113,58485,6241,60777,527,395,197,19,892,127,4887,165,11018,174,1202,4349,20,23,1962,2045,1298,3,1209,16,12751,846,5389,12968,19437,13796,82,65,"313",2182
3,17,245,358,1028,56,2603,15072,3537,9658,4222,26281,81,13026,30,376,608,51,758,4516,49,4181,59,5334,714,133,61,544,2366,145,7382,8442,4749,6160,17547,571,998,603,597,621,1137,4240,2871,5091,322,7902,1091,516,1297,11176,4783,335,12672,513,28848,5,395,249,22187,19110,12,425,7369,42,6396,633,12270,2993,10321,210,722,553,797,446,128,"Moreton Bay - South",9494,3848,7537,95,10,6903,70,134,1069,6753,279,8,5144,21097,1227,71169,1915,17,0,390,335,17,357,508,6897,1110,8029,539,0,7840,8065,232,25856,290,0,13776,559,85,215,101,485,9946,0,245,1133,544,684,430,112,67,1324,3845,0,8518,761,13627,5838,30387,7,17408,12118,39,3,101,9,68,6469,2104,10665,368,5141,1869,1402,11,515,763,4718,391,77150,241,1289,1582,123,13615,290,880,6631,11,9642,6119,265,61,34,42299,2599,45052,374,74,196,17,651,63,5362,154,10705,107,353,3802,6,5,1678,1948,1229,4,374,13,12321,620,5196,12225,15204,7568,50,54,"314",1095
3,21,144,384,1594,54,750,5157,6496,3589,1822,12298,32,4706,6,201,533,43,328,1571,140,1188,25,1419,876,53,41,262,988,71,5015,2731,1528,2972,4825,240,572,952,247,378,609,1809,915,3216,594,2404,416,629,910,3208,2128,157,6610,960,11324,4,443,80,8082,5663,8,723,4089,37,2210,1292,6146,1312,5817,59,396,226,594,292,331,"Queensland - Outback",6664,4293,3129,241,15,5314,45,45,646,3560,353,0,2020,6745,495,39599,1369,9,0,193,102,5,488,347,4125,1505,2072,268,0,3460,3072,69,13577,244,10,6161,980,48,63,75,258,3078,0,85,916,527,394,650,75,96,318,878,0,4083,616,6454,1790,10306,7,6035,5989,35,5,41,14,58,2543,1333,2933,932,4103,373,389,12,162,239,2411,250,34315,142,2003,906,46,5688,81,418,2499,0,2422,3174,319,141,101,19176,1727,24572,296,190,49,6,710,34,2426,68,4352,134,234,1669,8,15,660,403,263,4,852,22,5254,454,1551,7123,7552,4309,38,13,"315",298
6,43,505,724,2814,52,4730,23121,10390,14109,6990,49424,367,21096,333,493,3703,37,3842,6710,318,7059,102,8588,1525,529,387,527,10529,615,17831,11841,7980,9210,25240,1277,1319,1248,3121,824,1820,4967,5284,17800,625,11045,1858,1485,1356,17622,5595,447,22642,1333,43629,36,2864,330,32694,27575,30,1641,13057,44,10504,1148,18143,13088,26377,509,846,737,1239,712,762,"Sunshine Coast",22846,11657,9456,831,34,22480,714,622,1369,10036,626,70,7401,31048,1587,141141,1960,384,3,398,511,39,804,774,18916,2550,14254,740,0,15587,13739,518,36248,460,8,20509,1301,221,313,663,567,17303,0,556,1062,1253,874,1979,419,68,2459,7197,0,13085,746,19149,9034,46372,31,24966,18107,274,10,794,11,392,8189,9987,15733,1452,17517,3675,5855,45,770,1098,7205,494,158458,278,2325,2531,201,26785,1101,1191,10589,45,14192,8930,1326,527,298,96735,12212,95186,318,448,479,11,1174,255,8075,130,13156,108,1675,5880,36,11,3169,3787,2227,13,1797,16,15057,612,9328,17098,28644,24363,162,255,"316",4658
5,11,188,453,1184,41,1907,9318,4608,7872,2881,18690,112,10739,24,299,561,35,1211,3688,130,2343,46,4272,946,57,53,377,3467,267,6337,4741,2730,5127,9878,382,857,681,932,561,970,3031,2106,5332,365,4429,784,621,1019,8795,3456,259,8790,568,17840,15,385,109,13761,10851,13,609,5473,39,5392,649,10245,4409,9034,139,548,305,557,335,274,"Toowoomba",8165,5193,5193,186,15,6308,24,142,807,5338,319,0,4190,13126,767,56488,1497,9,3,272,185,14,491,352,6265,1185,4634,493,4,5828,5908,191,19569,206,0,8528,596,66,129,73,357,6124,0,207,903,585,491,662,73,66,732,2292,0,5735,633,9991,4529,19807,9,10580,9382,23,5,36,3,39,4436,2796,6108,605,4988,1138,2244,25,299,410,3144,316,62637,195,1261,1309,54,9895,621,747,5351,4,5450,5112,499,106,83,37076,3437,37729,271,145,127,10,612,35,4043,109,7469,105,721,2594,16,4,1184,1195,658,10,559,5,8647,474,3390,9577,11301,7221,39,33,"317",1597
3,34,252,719,2559,74,2874,15225,9861,13431,4648,30283,140,16488,49,483,1300,57,1396,6142,253,3531,69,6342,1601,151,112,561,4286,252,10508,7307,4219,8939,15409,600,1293,1866,1123,807,1549,4322,3159,7539,1146,6758,1274,1251,1731,13388,4980,421,14589,1308,29374,16,946,182,20990,17001,9,1225,8987,54,8011,1648,18402,5441,14241,218,884,467,956,591,546,"Townsville",13795,8690,8038,562,17,10924,103,205,1311,8735,715,5,7290,20305,1154,93318,2542,32,0,420,260,22,885,585,9703,2382,6813,676,0,9329,8876,239,31849,363,6,14153,1280,92,158,198,581,9213,0,258,1591,1103,803,1265,163,120,1069,3286,0,9829,1089,16228,7051,30336,12,15876,15431,80,3,111,16,101,6815,3927,9698,1296,8427,1539,2198,37,457,638,5477,516,96512,299,2854,2136,98,15693,353,1093,8478,10,8653,9467,711,348,213,56183,4894,61524,500,293,208,7,1209,78,6694,140,11140,178,849,4352,27,17,1897,1618,974,4,1325,15,13009,813,4998,15618,18317,10537,84,66,"318",1798
13,38,329,825,3208,77,3307,16197,12700,9320,5028,38163,255,16830,62,421,1844,69,2899,4111,414,4061,83,6255,1762,156,160,512,8660,603,16736,7471,4887,7014,16040,786,1313,1239,2267,897,1777,4410,3671,17647,702,6881,1473,1535,1911,13335,4961,356,18161,1680,30634,21,1411,221,22571,17704,36,1921,11465,62,8225,1307,14138,10828,22956,248,784,527,969,689,910,"Wide Bay",21061,12062,8077,783,26,22542,114,420,1104,6510,537,3,5207,22090,1188,119068,2800,48,4,379,330,23,939,592,17201,2574,8009,708,0,12386,9568,272,27635,378,3,14443,1403,174,205,292,496,10810,0,297,1936,1167,683,2370,230,177,1381,3946,0,10132,1343,14440,7076,32842,16,17012,11318,133,7,115,12,110,7014,9098,10229,1934,18560,1722,4172,33,473,695,5462,426,125781,288,2363,2468,128,19998,842,1062,8607,12,9164,7125,1640,456,322,79024,11036,82389,594,497,211,8,1053,129,4808,129,11428,239,1810,4672,22,16,2282,1811,1194,9,2493,14,13041,893,5925,13195,23852,21949,100,170,"319",3289
17,46,567,574,2247,21,3679,19292,7779,19344,6454,40682,301,19151,58,380,2492,19,3104,9396,375,6837,128,7967,1180,407,285,300,7250,336,13518,9965,7451,11300,20980,1264,1039,1253,2695,658,1060,3178,4291,9731,677,9370,1369,979,819,16404,3735,350,19912,1264,37418,63,1996,253,28035,22791,46,966,10939,30,9502,1313,22653,9043,19172,716,816,551,939,433,796,"Adelaide - Central and Hills",17485,7537,6276,867,40,13293,180,529,1362,13530,578,5,9941,24328,1241,119092,1188,47,7,224,473,18,606,600,13507,1960,13335,591,4,11662,12434,798,38199,342,3,18124,1087,188,296,533,552,15294,0,838,349,869,881,944,513,58,2707,6491,0,12154,250,19248,8432,38004,43,21028,25006,247,17,241,10,309,5174,5806,12831,1013,9574,4219,5686,73,623,873,6835,479,129307,263,2389,1488,181,20772,647,945,9643,9,11609,11354,652,501,368,81271,7226,81280,104,415,675,17,1080,275,11481,74,8349,85,894,5318,49,4,2655,4370,2501,19,827,9,10014,367,7848,18954,22605,15284,239,224,"401",4952
9,60,547,880,2908,113,5746,27348,10790,23304,9059,54976,138,26719,37,689,1474,80,3011,10472,183,6771,145,10645,1837,451,207,866,8794,441,17867,14587,7952,14090,29440,1091,2011,1577,2539,1316,2745,8681,6358,12914,881,13582,2317,1378,2792,22621,9835,600,26974,1531,55174,28,1024,370,41049,32244,32,1253,17404,89,12982,1907,29230,10634,24591,477,1577,853,1642,1036,398,"Adelaide - North",22820,10507,15986,257,29,16439,162,254,2404,18703,688,3,12834,38369,1860,165275,4096,27,7,632,403,33,960,1010,16534,3042,12802,1118,4,17384,17356,447,62317,631,4,27827,1705,189,250,293,1019,16982,4,483,2403,1339,1485,1326,168,176,2737,6031,0,19711,1691,31686,11980,57588,24,31139,32546,84,16,205,23,225,13865,7240,17663,1289,12412,3749,4873,45,787,1156,11433,917,172573,558,3552,3775,154,28002,682,1720,13742,12,15861,15139,946,134,123,102996,8696,112406,715,214,445,16,1650,70,13845,234,22548,258,1322,8279,35,34,3442,3919,2528,6,1134,25,25822,1304,9027,30630,34789,18363,101,114,"402",4133
12,54,529,584,2046,53,5589,23248,7646,19037,8869,46872,244,21953,29,546,1298,35,3592,9098,157,6760,135,9138,1254,259,138,681,8365,501,16658,12792,7666,11243,26165,1116,1479,1040,3047,936,1860,5684,6173,12195,539,11916,2282,1014,1507,18810,6516,505,22426,1035,45131,38,888,370,35704,28742,30,1153,13640,41,10899,1040,22532,10348,23984,652,1142,773,1340,713,380,"Adelaide - South",21285,8601,10343,224,33,16452,100,412,1870,13867,503,4,9942,30763,1826,137802,2228,27,4,528,498,26,667,829,16398,1927,13128,842,8,14775,16511,699,44460,512,0,21887,982,195,304,220,745,16192,5,734,1038,949,1182,1207,199,82,3348,6365,0,14266,723,22879,9675,49102,31,26062,25134,83,10,139,3,165,8637,6709,15945,1040,12012,4710,6518,68,868,1233,8021,686,151980,393,2088,2567,192,24445,935,1347,11058,14,14253,11286,857,141,83,92981,8243,93566,312,225,616,29,1045,106,11268,147,14313,124,1219,6249,47,19,3420,4876,3138,18,989,6,16860,725,8524,21578,28416,18415,98,172,"403",5507
8,31,368,378,1527,25,2817,14675,5611,13856,4463,31125,113,13071,23,270,1008,12,2629,6646,116,4128,105,5412,847,232,145,254,6240,372,10692,7117,4599,7980,14775,730,771,826,2211,505,974,3068,3213,7217,416,6717,1081,735,781,11240,3538,230,15330,792,29193,44,645,138,19754,16059,27,717,9871,33,6409,833,16051,7597,14408,440,640,340,766,373,267,"Adelaide - West",13368,6014,6199,221,42,9499,71,205,1208,12051,414,4,7214,18009,788,92356,1142,19,4,195,237,23,468,498,10241,1378,7933,437,0,9989,8910,502,33506,267,4,14521,717,108,147,211,426,9522,0,539,481,667,794,745,136,60,1550,3802,0,11616,345,16963,5829,27708,31,14957,21848,65,8,114,4,125,5215,4689,8940,708,7154,2437,4670,47,385,517,6621,412,99119,213,1644,1346,91,15798,765,674,6658,6,8063,8069,583,145,83,64389,5731,66349,138,151,412,15,813,73,9794,61,8276,90,791,4993,32,7,1834,2552,1431,13,722,8,9744,357,4924,16547,19861,10629,63,90,"404",3851
14,19,150,312,925,7,1747,5983,3654,3823,2492,15161,44,6205,3,155,193,5,1186,1685,37,1771,37,2295,692,16,18,201,3141,204,6892,3238,2120,2365,6662,322,470,292,955,317,755,1794,1921,5359,136,2985,815,424,491,4973,2006,130,7521,507,11628,23,154,105,9814,7362,12,579,4885,21,2974,353,4918,3826,8459,129,304,208,387,293,86,"Barossa - Yorke - Mid North",8669,3566,3015,51,12,7305,12,73,432,2808,160,0,2142,8381,486,44859,751,7,0,166,126,13,380,240,5941,687,3344,289,0,4791,4570,138,10453,153,0,5641,365,52,74,35,187,4525,0,148,439,320,254,646,33,27,743,1568,0,3548,294,5243,2677,13444,7,7115,4720,14,4,16,0,14,2600,2955,4123,614,5899,950,2009,23,215,319,2017,180,45505,113,621,1052,48,7642,330,417,3235,0,3677,2554,457,30,20,28307,3541,31239,138,47,110,3,269,13,1912,34,4393,55,525,1529,9,3,1141,988,693,12,641,0,5021,259,2405,5208,9676,7005,18,25,"405",1661
3,9,84,296,1467,56,1113,4901,5507,3215,2076,12848,20,4585,9,169,221,41,625,1387,74,1435,21,1583,617,36,29,255,1696,106,4955,2954,1828,2339,5311,213,465,627,504,298,717,1837,1208,3166,381,2677,585,541,679,3462,2126,143,7023,927,10861,12,254,93,8774,5996,9,607,4227,21,2200,1022,4943,2166,5710,87,333,266,435,336,139,"South Australia - Outback",6657,3706,2926,65,10,4654,18,38,515,3091,244,0,1830,6703,484,38312,1029,5,3,177,137,16,319,247,3856,1312,2471,246,0,3427,3475,81,11734,187,4,5957,911,41,82,64,211,3666,3,94,642,402,297,500,61,41,439,1035,0,3492,427,5415,1878,10662,4,6434,4984,36,3,10,4,25,2447,1659,3044,863,3576,549,1012,19,163,257,2057,218,33810,130,1556,1054,61,5824,214,392,2381,0,2633,2607,340,30,38,19222,2088,23775,212,65,78,3,536,17,1894,76,4280,55,364,1440,9,15,804,572,398,3,626,7,5047,355,1829,6319,7653,4253,42,13,"406",781
18,17,209,480,1814,46,2810,10055,7210,6540,4176,24941,88,10336,18,273,701,29,2103,2804,300,2945,81,3900,1104,61,67,372,5329,389,10440,5367,3556,4274,10785,566,844,704,1683,575,1299,3035,3034,8863,445,4901,1245,781,1074,8239,3394,241,12509,1035,20085,28,766,201,16503,12040,15,874,7847,34,5044,902,9095,6556,13193,218,563,383,682,528,541,"South Australia - South East",13316,6143,5200,291,16,11774,40,145,734,4866,255,0,3734,13860,863,75350,1559,11,3,296,205,12,622,414,9219,1564,5425,485,0,7685,7833,225,18708,267,3,10031,979,121,127,137,393,7464,0,242,954,591,458,1033,133,79,1357,2479,0,6342,648,9240,4341,22561,11,11941,8143,73,6,30,5,60,4450,5012,6678,987,9315,1731,3292,37,379,573,3621,278,75824,169,1434,1827,79,12436,639,722,5293,0,5884,4826,778,137,158,46421,6024,50865,300,242,201,10,523,62,3273,76,7484,114,968,2721,16,13,1826,1813,1231,20,1068,11,8591,487,3908,9467,15530,11740,72,58,"407",2618
6,18,237,586,1846,36,2457,11837,6389,5968,3348,24073,75,10866,36,308,898,30,1258,2705,233,3203,51,4019,1240,113,118,409,3535,238,8535,6036,3677,4090,12850,487,821,661,1006,510,1129,2887,2710,6316,333,5628,962,882,920,8677,3258,272,11563,965,22465,9,731,163,16332,14119,19,913,6835,38,5191,881,8246,4592,11772,151,454,369,652,390,479,"Bunbury",11012,6342,5774,270,22,8694,58,138,731,5072,326,3,3264,16251,961,66397,1348,16,0,313,216,18,655,407,8041,1669,6224,438,0,7231,6746,197,20003,249,3,10636,888,90,133,203,286,7958,0,217,856,781,448,879,170,71,994,3022,0,6511,598,10554,4651,23959,4,12609,8855,84,6,68,3,70,5005,3197,8083,940,6751,1383,2039,21,450,614,3633,277,71298,163,1637,1520,85,12514,427,702,5673,4,7224,4156,599,139,126,40095,3966,42944,259,245,138,7,756,96,3783,94,7895,111,800,2877,4,6,1460,1447,899,11,892,5,9029,430,4281,9446,14069,8713,72,61,"501",1587
4,15,127,232,768,40,1378,5726,2880,3716,1910,11969,28,5823,6,176,268,23,1003,1687,22,1342,31,2339,482,77,26,250,2971,180,4291,2672,1620,2527,5874,235,477,347,810,297,654,1608,1525,4458,185,2451,471,381,656,4824,1828,163,5594,390,10631,12,158,80,7994,6491,9,409,3565,17,2898,311,5060,3611,6354,99,319,183,366,255,51,"Mandurah",5391,3121,3173,26,7,5478,28,47,421,2409,164,0,2032,8227,464,35687,966,7,0,195,78,4,248,232,4349,670,2780,243,0,3812,3883,100,9919,138,0,4909,332,58,51,51,198,3773,0,106,613,337,256,499,51,48,568,1445,0,3418,431,5356,2483,12578,9,5896,4221,22,3,38,4,41,2723,2787,3820,355,4408,819,1379,10,172,251,1879,165,40060,121,647,907,29,6377,244,406,2918,4,3420,2536,397,20,9,24093,3290,24661,176,33,94,0,331,29,1813,53,4327,60,522,1539,10,14,706,846,503,0,478,4,5002,309,2148,4565,7382,5836,19,12,"502",1126
3,24,345,381,2123,9,1478,12217,7735,11586,2845,23424,268,10120,45,225,2971,6,1453,5813,699,4176,69,4297,688,333,324,110,3209,260,7286,5334,4427,7630,11411,820,542,1235,1171,316,387,1490,1843,4212,570,5065,491,916,391,8435,1796,212,11654,1208,24332,18,2570,98,14836,12448,26,789,5700,15,5271,1915,14693,4354,9904,314,458,241,574,158,1443,"Perth - Inner",9878,7409,3116,1291,23,6927,140,455,837,12322,664,8,5774,13531,713,74163,582,36,3,86,299,14,303,390,6933,2337,8360,297,3,5747,5853,462,33469,176,3,12119,1278,117,206,639,317,9209,0,487,111,1056,557,671,691,17,1212,4184,0,8858,68,16748,4137,20097,12,11748,23389,316,7,162,0,285,2469,2675,7111,982,4821,1927,2732,35,373,466,5131,281,77666,143,3734,552,94,11766,495,507,4854,11,6348,7061,464,760,532,47194,3486,49015,46,740,284,12,1825,325,11065,20,3956,29,607,3726,31,3,1323,2012,1085,7,758,3,4910,191,4782,16724,11452,7057,370,192,"503",2189
5,31,359,529,2309,36,2964,18008,8808,12854,4557,33921,61,15502,50,409,1186,33,1415,5921,155,4631,66,6192,1162,325,177,457,3991,301,10393,8533,5234,7965,18236,756,1078,1375,1074,663,1367,4583,3348,6653,796,8012,1137,1031,1353,13154,5139,372,16627,1280,35127,23,763,180,23447,19905,18,834,10046,38,7447,1826,16437,5121,14281,287,849,401,977,494,358,"Perth - North East",13446,7621,8779,212,25,9213,129,109,1339,11912,575,11,6929,23415,1173,97826,1996,38,3,370,305,17,633,641,9775,2687,8960,583,0,10195,9244,301,38645,338,0,17122,1562,122,201,242,528,11126,0,335,1111,1128,871,881,147,75,1261,4325,0,12383,792,19618,6970,33834,15,18493,21263,64,3,166,3,157,7541,3518,11371,982,7005,1975,2365,26,514,687,6965,469,101868,318,3111,1862,105,17292,606,956,8059,8,10224,8465,612,112,99,59232,4457,64808,316,199,269,16,1284,88,9353,83,12121,117,745,5420,18,11,1915,2058,1134,10,814,6,13921,645,5896,19030,20242,9766,65,45,"504",1738
8,82,816,1046,3475,94,6840,38827,12525,28682,10244,71530,254,34312,104,793,2736,73,3217,13391,334,11056,185,14063,2219,650,310,867,9515,548,21140,19884,12194,17064,42468,1663,2250,1940,2610,1458,2570,9084,7731,13838,1011,18819,2459,1732,2395,29422,10288,725,34521,1744,74847,48,1711,414,52612,46105,47,1538,20380,66,16821,2505,34638,12000,30128,765,1642,907,1934,935,801,"Perth - North West",27036,13558,17455,579,49,18955,244,414,2893,26154,924,6,15291,51667,2557,203525,3441,67,4,678,583,48,1171,1278,20203,3760,21729,1308,6,21338,21093,849,80565,649,11,36026,1906,249,378,519,1079,25824,0,901,1708,1858,1878,1468,415,132,3425,10679,0,24562,1247,41290,15358,75317,35,41455,47118,205,20,321,17,303,14899,7613,26219,1420,14061,5239,5539,63,1292,1706,14071,1012,219776,562,4907,3511,203,37011,1099,2030,17489,25,23648,17572,990,358,225,128161,9435,136678,463,474,709,36,2403,249,20967,185,23984,199,1480,10491,46,21,4170,5458,3153,20,1233,21,27739,1043,13630,39272,41716,21088,163,164,"505",4354
6,71,675,959,3765,70,5803,33883,15428,30056,8816,60508,238,30838,111,843,3642,56,2869,13632,471,8219,194,12211,2155,1050,503,808,8080,545,18942,17042,9252,17968,35574,1400,2215,2627,2269,1372,2424,9218,6549,12507,1478,16111,2140,1713,2727,26035,10397,742,29862,2051,67885,39,2524,349,45556,38521,38,1653,18317,88,14793,3429,37416,10254,27373,513,1721,784,1658,841,1030,"Perth - South East",24740,14122,17406,811,31,17775,385,437,2642,26796,1147,12,16422,44728,2099,194168,3921,89,9,640,522,35,1190,1073,18123,4563,15768,1202,0,18126,17794,592,82125,587,4,34007,2613,268,329,739,1157,19560,0,629,2122,1949,1639,1499,506,157,2700,7547,0,24294,1518,41023,13822,64617,29,35953,47193,240,12,445,22,527,15129,6690,21482,1691,13298,3886,5099,30,938,1289,14100,1005,199610,570,6095,3267,190,30651,1098,1940,16048,15,19472,19447,1019,456,353,117230,8316,130660,609,558,475,40,2662,261,20388,172,24355,248,1433,10194,23,17,3578,4119,2416,4,1397,24,27808,1189,10304,41100,36443,18567,250,194,"506",3953
8,52,593,920,3362,76,5026,28737,12593,21166,7731,53700,213,25513,66,645,2191,57,2737,9958,331,7555,149,10375,1920,490,220,833,7435,560,16159,14621,8574,13324,31040,1240,1764,2083,2139,1110,2259,7124,5670,10635,1206,13737,1860,1585,2172,21498,8073,579,25779,1770,55553,27,1487,331,38935,33949,35,1411,15278,59,12615,2519,26891,9592,23064,529,1361,758,1587,849,732,"Perth - South West",20913,12321,13825,509,43,14782,203,329,2168,17195,877,11,11211,38692,2149,153462,3135,59,3,660,534,38,1003,1038,15496,3530,15076,999,8,15971,15796,592,58243,551,7,26819,1954,194,358,375,910,18715,3,633,1695,1573,1390,1278,337,104,2361,7521,0,17738,1199,30128,11121,56636,24,30445,31025,154,8,282,4,271,11772,6241,19326,1357,11024,3550,4869,46,985,1319,10081,778,166159,453,4593,3108,174,27925,1143,1579,12891,15,17305,13567,1023,323,188,95012,7853,100453,491,397,489,25,2073,181,13831,171,18896,169,1457,7658,32,21,3136,3713,2158,6,1202,17,21893,961,10145,28118,31249,15913,156,118,"507",3663
8,7,173,420,1888,28,1743,7872,7026,4455,2434,19433,38,7297,11,224,551,20,1165,1796,157,2353,50,2544,951,70,53,293,3141,237,8018,4193,2723,2855,8335,462,598,680,909,370,835,2197,1931,5640,426,3871,729,807,686,5685,2453,210,9867,1082,15929,20,511,126,11871,9286,15,876,6028,15,3377,1172,6386,3954,9921,104,391,260,534,312,343,"Western Australia - Wheat Belt",10365,5436,3951,238,15,8145,40,63,570,3790,251,0,2658,10533,668,56464,1019,7,0,244,154,16,532,335,7045,1665,4376,319,0,5748,4901,140,14798,194,0,8054,1017,57,91,92,259,5681,0,149,601,651,368,850,91,49,613,2027,0,4880,410,7233,3141,16103,8,9181,6298,37,3,29,3,66,3339,3142,5089,1079,6569,887,1650,21,295,422,2799,207,53888,129,1757,1148,62,9569,334,526,3924,0,4462,3533,581,116,127,31806,3839,37053,196,181,88,3,590,48,2512,50,5538,65,651,2082,19,3,1200,942,556,4,919,6,6401,331,2956,7571,11778,7462,45,30,"509",1292
6,11,90,413,4332,61,725,7607,15073,4303,2437,21483,55,4572,17,202,1012,42,120,1790,452,2404,17,1307,904,124,117,348,575,16,7048,6017,2926,3255,8770,335,569,1339,93,373,628,3520,831,2708,832,5461,507,1177,792,2997,4126,168,14425,3157,23895,5,1381,197,14934,9960,8,920,8100,37,2149,3982,7220,812,6325,59,419,423,757,436,811,"Western Australia - Outback (North)",10095,6494,3932,315,7,4806,92,104,1041,9260,506,0,2521,8069,628,71011,1258,21,5,243,151,8,486,393,4445,4723,3333,284,0,4147,3216,63,28336,362,3,16291,3659,34,62,354,261,4550,0,72,773,1059,537,577,273,68,277,931,0,8943,488,10509,1690,11921,4,12074,13820,242,3,82,15,190,3149,806,3948,2010,3693,323,148,5,240,437,6427,499,41572,164,5642,1066,86,7057,31,447,2423,3,3310,3961,179,174,145,22149,1062,39626,287,359,56,3,1657,82,4554,105,6671,102,148,2515,3,19,849,345,248,3,741,17,8055,465,1619,17827,12246,3708,189,44,"510",110
11,25,130,503,2658,59,1326,8110,9633,4920,2422,19529,71,7187,12,261,798,48,677,2040,196,2203,34,2508,1080,114,121,372,1987,146,7215,4420,2665,3434,8218,367,695,980,513,432,840,2769,1481,4607,579,4046,596,942,871,5314,3162,222,10809,1711,17917,15,644,144,12491,9240,7,1025,6326,33,3510,1953,7409,2600,8484,81,447,331,590,399,402,"Western Australia - Outback (South)",9740,6376,4253,191,7,7333,48,101,727,5527,405,0,2883,10071,733,59639,1307,18,0,279,148,12,574,358,5867,2488,3780,372,0,5157,4333,112,19751,237,5,9811,1639,48,84,230,278,5166,0,118,798,858,434,885,179,60,478,1572,0,6011,544,8920,2810,15133,7,9737,8867,112,5,60,4,89,3541,2180,4817,1464,5756,617,843,3,282,428,3671,295,50836,177,3068,1238,59,8719,169,597,3678,0,4179,3977,510,119,75,28524,2785,36874,254,211,67,3,1111,97,3342,96,6315,88,483,2335,3,7,974,650,422,0,1050,7,7415,435,2501,10835,11481,6210,83,35,"511",669
6,28,312,503,1779,55,3224,14528,6501,11312,4863,29680,133,13743,17,348,856,39,1878,5271,133,4029,77,5476,994,127,122,477,5128,253,10642,7207,4647,7057,14869,788,1007,923,1595,655,1267,3760,3562,7694,506,6681,1279,822,1223,11518,4312,314,14297,962,27774,28,641,216,21114,16566,17,877,8632,38,6767,1074,14272,6459,15008,339,709,511,916,489,294,"Hobart",13775,6413,6657,253,31,10074,56,227,1180,8606,420,3,6041,18759,1223,86713,1784,9,0,360,329,35,494,592,10437,1649,7812,565,0,9189,9686,424,28879,320,0,13244,883,118,198,179,464,9901,0,455,1024,766,748,874,188,89,1570,3783,0,9379,713,14759,6041,29663,19,15737,15735,64,3,50,3,92,5549,4198,9354,943,7633,2372,3340,37,571,782,5071,431,94366,237,1881,1760,132,15381,486,872,6978,9,8187,7215,580,139,115,57438,5129,58462,308,162,324,12,812,100,7128,120,9311,127,857,4302,25,12,2102,2461,1450,11,816,7,10965,555,5252,14124,17816,11080,83,94,"601",2802
9,16,171,432,1314,34,1841,8337,4770,6708,2681,19181,31,8878,5,209,315,26,1210,2958,82,2349,62,3416,874,47,34,286,3455,207,7559,4107,2735,4200,8555,424,600,651,993,386,827,2296,2033,5904,356,3819,784,641,887,7343,2620,174,9265,675,15796,11,301,112,12219,9414,14,680,5831,29,4275,554,8776,4308,9969,162,482,270,508,330,158,"Launceston and North East",9538,4860,4121,107,16,7586,32,63,683,4111,297,0,3754,11196,584,55281,1303,9,3,203,135,13,442,326,7209,1022,4469,322,0,6206,5332,186,15178,174,3,7455,526,75,85,67,326,5763,0,199,788,498,436,801,84,58,737,2117,0,5281,535,7810,3929,17108,4,9263,7201,29,0,28,9,26,3483,2996,5307,731,6050,1053,2119,21,239,348,2788,244,58774,153,1075,1155,53,9917,343,501,4605,4,4739,4577,523,51,60,36494,3683,37999,255,78,149,3,528,42,3091,77,5775,86,644,2495,8,9,1219,1114,662,8,770,10,6739,416,3029,7369,12033,7853,38,35,"602",1751
3,0,59,113,400,11,494,2103,1465,1027,692,5472,3,1887,0,36,115,7,271,440,45,658,12,670,261,12,19,67,779,58,2641,1058,764,699,2146,146,134,112,199,96,266,539,557,1855,51,991,236,196,169,1485,618,27,2696,202,4102,11,107,26,3202,2350,0,221,1708,11,882,143,1442,987,3105,25,74,75,125,83,77,"South East",3289,1343,927,41,3,2705,5,6,149,835,62,0,586,2733,135,15445,260,0,0,55,47,7,155,84,2309,325,1230,75,0,1711,1362,38,3308,47,0,1999,159,29,20,37,43,1620,0,37,177,160,80,257,28,18,209,568,0,1402,114,1668,813,4226,8,2439,1432,17,5,3,0,6,789,904,1286,249,2218,276,322,5,51,74,762,68,14946,29,255,348,20,2778,60,103,1004,0,1159,744,169,26,21,9260,1097,10671,60,35,24,0,111,12,596,17,1328,31,167,637,3,3,384,289,169,3,285,3,1546,90,856,1636,3412,2408,9,3,"603",262
10,11,95,301,965,28,1469,6276,3507,4116,2139,15297,20,6691,9,184,199,25,924,1836,75,1677,27,2575,639,16,23,265,2871,171,6045,3219,2063,2794,6544,298,536,341,737,351,863,1982,1580,4825,189,2962,628,446,780,5471,2240,158,7361,516,12081,16,212,91,9635,7275,9,513,4767,22,3244,361,5687,3596,7773,93,360,219,437,339,145,"West and North West",7560,3605,3410,56,14,5916,8,39,506,2811,155,3,2281,8700,508,42477,1175,8,0,199,111,8,337,268,5669,712,3161,294,0,5044,4283,106,11323,168,0,5803,379,51,66,39,235,4480,0,122,781,333,309,650,45,53,493,1487,0,4052,519,5837,2902,13483,10,7277,4828,13,3,12,3,28,2902,2575,4058,553,4832,715,1569,19,200,290,2176,188,45256,122,710,1206,49,7936,271,453,3449,3,3585,2891,417,31,27,27973,3092,29128,267,65,85,0,341,18,2015,65,4889,77,594,1873,16,4,940,746,437,12,582,6,5648,396,2421,5485,9811,6229,28,24,"604",1274
3,10,208,479,2946,21,1294,10823,10506,6974,2395,21162,97,7769,39,230,1691,14,341,3041,816,2421,36,2698,1075,266,206,241,1224,59,6334,4996,2805,4714,9965,503,604,1466,269,376,693,2820,1509,3103,861,4675,548,1113,779,5847,3211,202,11576,1830,23637,13,2974,100,13400,10882,16,1031,6719,17,3647,2624,10976,1666,7996,109,441,258,569,308,1280,"Darwin",8982,7083,4917,1389,15,5449,148,237,842,9034,608,0,3933,12249,582,66927,1145,37,7,190,178,20,593,354,5181,3215,4347,321,0,5547,4295,112,29358,212,3,12815,2056,90,110,428,263,5531,0,133,687,1163,501,656,443,51,603,1923,0,9096,497,13675,3152,17128,8,10751,15631,222,4,168,3,215,4225,1270,5886,1357,3861,744,439,9,240,344,5482,344,57260,174,4319,1006,69,9588,68,529,4118,7,5291,6262,290,294,1099,31357,1700,40053,195,464,87,4,1700,158,6600,50,7045,71,274,3616,12,3,1076,787,509,0,844,9,8124,371,2732,15680,12264,4708,291,143,"701",354
3,67,136,599,2317,324,991,6833,7875,3568,3444,14260,151,6805,17,670,1934,207,143,1524,522,1156,35,1538,1360,251,354,781,619,28,4209,2961,1907,3864,4720,252,1566,1398,106,895,1010,2057,1188,2335,806,2245,523,1025,1450,3584,2969,525,7201,1293,13977,6,1835,265,10667,6533,14,1043,3690,102,3182,1651,7957,940,6465,61,887,939,1126,589,1104,"Northern Territory - Outback",6369,6406,4044,605,14,4133,104,297,1348,3910,596,4,2049,7426,1474,42794,2378,33,5,482,348,35,765,675,3986,2174,2147,632,3,3494,5037,90,18171,456,51,7147,1242,54,192,668,479,4097,0,107,1174,933,733,628,386,189,358,991,0,4886,768,9123,2047,13944,0,6285,7071,317,10,105,74,206,2825,722,3568,1150,2934,424,221,18,419,685,2741,609,41233,407,2990,1602,159,7058,55,1152,3625,3,2475,4093,213,291,310,18949,1033,22413,407,579,44,24,1339,181,3159,302,4878,293,192,2143,9,116,803,475,290,0,739,125,7012,930,2193,9049,7177,3541,205,141,"702",156
8,58,588,701,3161,54,4465,29663,11400,26978,8113,51874,301,25223,41,635,2599,39,2295,12951,333,8130,141,10462,1481,519,318,665,6045,396,15238,15351,9012,16068,31219,1401,1703,2030,1855,1068,1561,6702,5108,9706,1066,14441,1924,1369,1620,21516,7653,605,25637,1792,58979,40,1943,392,40226,33903,41,1260,14614,27,12531,2447,32286,7762,21813,631,1258,859,1429,659,720,"Australian Capital Territory",20172,10676,12335,928,44,13688,253,525,2186,22285,967,7,14026,36080,1836,159000,2350,33,0,509,560,42,777,910,14920,3514,15393,989,3,15387,15032,719,66664,514,3,29318,1987,217,333,537,839,18170,0,769,1037,1527,1391,982,439,72,2805,7262,0,21126,748,33944,11055,52948,36,31259,41407,214,15,246,4,270,10437,4901,18555,1295,9676,4090,3831,71,857,1255,11776,795,167031,421,4550,2224,220,26229,872,1589,12693,16,16778,16215,681,526,398,100812,6250,105424,286,383,591,29,2097,232,19126,159,17140,105,903,9352,62,17,3368,4261,2571,13,956,12,19989,728,9154,32726,29999,15191,207,228,"801",2875
0,0,10,21,156,0,55,318,595,142,86,819,0,212,8,4,51,0,30,52,4,81,3,62,45,8,11,5,77,3,303,156,94,85,284,15,17,75,20,19,29,62,63,204,62,145,20,61,16,143,70,4,430,95,720,0,58,3,403,315,0,69,228,0,101,170,247,115,408,5,10,9,21,13,5,"Other Territories",430,315,117,6,3,325,13,4,17,196,10,0,91,333,17,2437,21,8,0,4,5,0,24,16,273,138,146,13,0,217,177,6,705,5,0,404,100,3,3,20,6,192,0,8,12,38,14,39,19,0,30,62,0,251,11,265,79,531,0,309,298,6,0,5,0,12,102,87,168,73,231,41,34,0,10,16,138,4,2022,3,209,41,0,390,9,17,108,3,140,161,18,3,3,1135,121,1380,3,3,7,0,45,9,105,3,162,0,17,108,0,0,37,45,28,0,52,0,188,3,96,432,452,295,9,4,"901",26
